timestamp,label,true_severity,LOF_score,GRU_score,MLP_score,SARIMA_score,ENS_score,MACRO_score,LOF_pred,GRU_pred,MLP_pred,SARIMA_pred,ENS_pred,MACRO_pred
2014-12-20 04:30:00,0,0.11004928,0.043922424,0.86774015,0.91076505,0.9999999980739946,0.7056069071246236,0.0,0,0,0,1,0,0
2014-12-20 05:00:00,0,0.10924689,0.044237375,0.86585844,0.91076505,0.9998832060952748,0.7051860172068021,0.0,0,0,0,1,0,0
2014-12-20 05:30:00,0,0.11686926,0.04476738,0.8677302,0.91076505,0.9982976007528318,0.7053900581614975,0.0,0,0,0,1,0,0
2014-12-20 06:00:00,0,0.11253095,0.043941855,0.8709393,0.91076505,0.9982976007528318,0.7059859555976394,0.0,0,0,0,1,0,0
2014-12-20 06:30:00,0,0.11582008,0.044097424,0.94700634,0.91076505,0.9912260470751154,0.7232737168163863,0.0,0,0,0,1,0,0
2014-12-20 07:00:00,0,0.114634246,0.04278505,0.9903502,0.91076505,0.9912260470751154,0.733781583556613,0.0,0,0,0,1,0,0
2014-12-20 07:30:00,0,0.11650138,0.038754344,0.9877302,0.91076505,0.9912260470751154,0.7321189119906035,0.0,0,0,0,1,0,0
2014-12-20 08:00:00,0,0.124010354,0.033111215,0.9628647,0.91076505,0.9912260470751154,0.7244917526335326,0.0,0,0,0,1,0,0
2014-12-20 08:30:00,0,0.12511164,0.032551765,0.9398134,0.91076505,0.9912260470751154,0.7185890599579421,0.0,0,0,0,1,0,0
2014-12-20 09:00:00,0,0.11072709,0.034938574,0.8690151,0.91076505,0.9912260470751154,0.7014861925930587,0.0,0,0,0,1,0,0
2014-12-20 09:30:00,0,0.09204451,0.032609224,0.8679778,0.91076505,0.9912260470751154,0.7006445303053466,0.0,0,0,0,1,0,0
2014-12-20 10:00:00,0,0.08855233,0.031039715,0.85758495,0.91076505,0.9912260470751154,0.6976539417595473,0.0,0,0,0,1,0,0
2014-12-20 10:30:00,0,0.08868045,0.028842926,0.83162653,0.91076505,0.9912260470751154,0.6906151398510543,0.0,0,0,0,1,0,0
2014-12-20 11:00:00,0,0.093418226,0.028272867,0.83444387,0.91076505,0.9912260470751154,0.6911769583315459,0.0,0,0,0,1,0,0
2014-12-20 11:30:00,0,0.10038702,0.027878284,0.8899403,0.91076505,0.9912260470751154,0.7049524262041655,0.0,0,0,0,1,0,0
2014-12-20 12:00:00,0,0.10465998,0.03190422,0.9290178,0.91969705,0.9912260470751154,0.7179612740368453,0.0,0,0,0,1,0,0
2014-12-20 12:30:00,0,0.10599466,0.034465313,0.9292863,0.921961,0.9912260470751154,0.7192346676678267,0.0,0,0,0,1,0,0
2014-12-20 13:00:00,0,0.10505876,0.037001967,0.9292895,0.921961,0.9912260470751154,0.719869635948619,0.0,0,0,0,1,0,0
2014-12-20 13:30:00,0,0.11154636,0.03935218,0.9292935,0.921961,0.9912260470751154,0.7204581871122924,0.0,0,0,0,1,0,0
2014-12-20 14:00:00,0,0.10904326,0.04278648,0.9293001,0.921961,0.9912260470751154,0.721318416246852,0.0,0,0,0,1,0,0
2014-12-20 14:30:00,0,0.10550975,0.042087793,0.92930895,0.921961,0.9912260470751154,0.7211459502071944,0.0,0,0,0,1,0,0
2014-12-20 15:00:00,0,0.103786394,0.040691853,0.9293184,0.921961,0.9912260470751154,0.7207993342966643,0.0,0,0,0,1,0,0
2014-12-20 15:30:00,0,0.10307589,0.044465065,0.92932665,0.921961,0.9912260470751154,0.7217446937651244,0.0,0,0,0,1,0,0
2014-12-20 16:00:00,0,0.084122166,0.044142246,0.97382283,0.921961,0.9912260470751154,0.7327880337328521,0.0,0,0,0,1,0,0
2014-12-20 16:30:00,0,0.09424975,0.043498755,0.929349,0.921961,0.9912260470751154,0.7215087040752974,0.0,0,0,0,1,0,0
2014-12-20 17:00:00,0,0.08681768,0.04313922,0.92936814,0.921961,0.9912260470751154,0.7214236035437194,0.0,0,0,0,1,0,0
2014-12-20 17:30:00,0,0.10132871,0.04149282,0.9293916,0.921961,0.9912260470751154,0.7210178747267333,0.0,0,0,0,1,0,0
2014-12-20 18:00:00,0,0.10473117,0.040961027,0.9294186,0.921961,0.9912260470751154,0.7208916767925826,0.0,0,0,0,1,0,0
2014-12-20 18:30:00,0,0.11076323,0.040647745,0.9294437,0.921961,0.9912260470751154,0.7208196296782103,0.0,0,0,0,1,0,0
2014-12-20 19:00:00,0,0.12255569,0.04130888,0.92945474,0.921961,0.9912260470751154,0.7209876700729934,0.0,0,0,0,1,0,0
2014-12-20 19:30:00,0,0.1172373,0.041805863,0.9294257,0.921961,0.9912260470751154,0.7211046590895263,0.0,0,0,0,1,0,0
2014-12-20 20:00:00,0,0.10672234,0.038542032,0.9292995,0.921961,0.9912260470751154,0.720257140645465,0.0,0,0,0,1,0,0
2014-12-20 20:30:00,0,0.10568922,0.034596562,0.92896277,0.921961,0.9912260470751154,0.7191865965218154,0.0,0,0,0,1,0,0
2014-12-20 21:00:00,0,0.10510786,0.032577276,0.9283487,0.921961,0.9912260470751154,0.7185282632202712,0.0,0,0,0,1,0,0
2014-12-20 21:30:00,0,0.10541241,0.030822873,0.92762375,0.921961,0.9912260470751154,0.7179084196180907,0.0,0,0,0,1,0,0
2014-12-20 22:00:00,0,0.10548945,0.03131628,0.9270123,0.921961,0.9912260470751154,0.7178789153189269,0.0,0,0,0,1,0,0
2014-12-20 22:30:00,0,0.11367459,0.030304551,0.92676216,0.921961,0.9912260470751154,0.7175634428352919,0.0,0,0,0,1,0,0
2014-12-20 23:00:00,0,0.11684927,0.030146241,0.9489135,0.921961,0.9912260470751154,0.7230617030949202,0.0,0,0,0,1,0,0
2014-12-20 23:30:00,0,0.119316615,0.029023886,0.9583406,0.921961,0.9912260470751154,0.725137881884059,0.0,0,0,0,1,0,0
2014-12-21 00:00:00,0,0.118168,0.028271794,0.9358614,0.9837803,0.9912260470751154,0.734784893640956,0.0,0,0,0,1,0,0
2014-12-21 00:30:00,0,0.111699805,0.027513027,0.940143,0.9837803,0.9912260470751154,0.735665596970996,0.0,0,0,0,1,0,0
2014-12-21 01:00:00,0,0.104555525,0.027619481,0.9351282,0.9837803,0.9912260470751154,0.734438516149005,0.0,0,0,0,1,0,0
2014-12-21 01:30:00,0,0.105060466,0.027514935,0.93475354,0.9837803,0.9912260470751154,0.7343187108130065,0.0,0,0,0,1,0,0
2014-12-21 02:00:00,0,0.09174378,0.02854979,0.93490154,0.9837803,0.9864433482743672,0.7334187496567113,0.0,0,0,0,1,0,0
2014-12-21 02:30:00,0,0.084416404,0.028848529,0.9360375,0.9837803,0.9864433482743672,0.7337774206066472,0.0,0,0,0,1,0,0
2014-12-21 03:00:00,0,0.09380524,0.028710604,0.93700296,0.9837803,0.98743931091842,0.7342332989896758,0.0,0,0,0,1,0,0
2014-12-21 03:30:00,0,0.10614584,0.02863121,0.9368275,0.9837803,0.98743931091842,0.7341695816244109,0.0,0,0,0,1,0,0
2014-12-21 04:00:00,0,0.11485684,0.028905392,0.9351221,0.9837803,0.98743931091842,0.7338117749418243,0.0082501555,0,0,0,1,0,0
2014-12-21 04:30:00,0,0.11023858,0.03163159,0.9324123,0.9837803,0.98743931091842,0.7338158876623138,0.016626261,0,0,0,1,0,0
2014-12-21 05:00:00,0,0.10611516,0.0317719,0.9297096,0.9837803,0.98743931091842,0.7331752867425902,0.025334576,0,0,0,1,0,0
2014-12-21 05:30:00,0,0.11121887,0.031939745,0.92774826,0.9837803,0.98743931091842,0.7327269108022674,0.03459652,0,0,0,1,0,0
2014-12-21 06:00:00,0,0.11744565,0.031736374,0.92676616,0.9837803,0.98743931091842,0.7324305416072829,0.044625267,0,0,0,1,0,0
2014-12-21 06:30:00,0,0.11703574,0.031612396,0.92673224,0.9837803,0.98743931091842,0.7323910684312804,0.055647682,0,0,0,1,0,0
2014-12-21 07:00:00,0,0.116518155,0.03159666,0.92747223,0.9837803,0.98743931091842,0.7325721324409469,0.06781213,0,0,0,1,0,0
2014-12-21 07:30:00,0,0.118726574,0.031329393,0.9286677,0.9837803,0.98743931091842,0.7328041882242187,0.08108336,0,0,0,1,0,0
2014-12-21 08:00:00,0,0.12320696,0.031006098,0.93112195,0.9837803,0.98743931091842,0.7333369196380599,0.095271684,0,0,0,1,0,0
2014-12-21 08:30:00,0,0.12768121,0.02966988,0.93354183,0.9837803,0.98743931091842,0.7336078376497253,0.11035156,0,0,0,1,0,0
2014-12-21 09:00:00,0,0.12363116,0.030067444,0.93559414,0.9837803,0.98743931091842,0.7342203051771148,0.12646481,0,0,0,1,0,0
2014-12-21 09:30:00,0,0.111712955,0.03096795,0.9373759,0.9837803,0.98743931091842,0.7348908723319991,0.14346053,0,0,0,1,0,0
2014-12-21 10:00:00,0,0.101445355,0.03349936,0.93982047,0.9837803,0.98743931091842,0.7361348659719451,0.1528777,0,0,0,1,0,0
2014-12-21 10:30:00,0,0.08414843,0.03471279,0.9453555,0.9837803,0.989010076867352,0.7382146669295455,0.16243805,0,0,0,1,0,0
2014-12-21 11:00:00,0,0.082098,0.034427762,0.957175,0.9837803,0.989010076867352,0.7410982949402953,0.17156418,0,0,0,1,0,0
2014-12-21 11:30:00,0,0.09119645,0.033043027,0.9758016,0.9837803,0.989010076867352,0.7454087538388396,0.17960791,0,0,0,1,0,0
2014-12-21 12:00:00,0,0.09742787,0.032130837,0.97667503,0.9837803,0.989010076867352,0.7453990680840636,0.18619116,0,0,0,1,0,0
2014-12-21 12:30:00,0,0.10316006,0.032326937,0.9750574,0.9837803,0.989010076867352,0.7450436902907516,0.19090305,0,0,0,1,0,0
2014-12-21 13:00:00,0,0.099539466,0.033285856,0.9624979,0.9837803,0.989010076867352,0.7421435368922378,0.19360095,0,0,0,1,0,0
2014-12-21 13:30:00,0,0.09429337,0.031742692,0.9600217,0.9837803,0.989010076867352,0.7411386919882919,0.19438714,0,0,0,1,0,0
2014-12-21 14:00:00,0,0.096664615,0.031378746,0.9491753,0.9837803,0.989010076867352,0.7383361113932754,0.19360714,0,0,0,1,0,0
2014-12-21 14:30:00,0,0.09864074,0.03160608,0.94306475,0.9837803,0.989010076867352,0.7368653071787978,0.19121625,0,0,0,1,0,0
2014-12-21 15:00:00,0,0.09100119,0.029663205,0.90360093,0.9837803,0.989010076867352,0.726513634410205,0.18697761,0,0,0,1,0,0
2014-12-21 15:30:00,0,0.089822225,0.029311657,0.8269126,0.9837803,0.989010076867352,0.707253660049739,0.18122678,0,0,0,1,0,0
2014-12-21 16:00:00,0,0.0853199,0.028502822,0.82792705,0.9837803,0.989010076867352,0.7073050690558578,0.17415255,0,0,0,1,0,0
2014-12-21 16:30:00,0,0.08894983,0.029004931,0.82709485,0.9837803,0.989010076867352,0.7072225464251662,0.16631602,0,0,0,1,0,0
2014-12-21 17:00:00,0,0.08380669,0.026330113,0.8272192,0.9837803,0.989010076867352,0.7065849257376815,0.1581961,0,0,0,1,0,0
2014-12-21 17:30:00,0,0.08941059,0.026397943,0.82735807,0.9837803,0.989010076867352,0.7066366029647018,0.15032037,0,0,0,1,0,0
2014-12-21 18:00:00,0,0.08952722,0.026969433,0.87135947,0.9837803,0.989010076867352,0.7177798254159118,0.14306296,0,0,0,1,0,0
2014-12-21 18:30:00,0,0.092559434,0.026859641,0.92066944,0.9837803,0.989010076867352,0.7300798697140838,0.13682944,0,0,0,1,0,0
2014-12-21 19:00:00,0,0.09101138,0.024835587,0.85435635,0.9837803,0.989010076867352,0.7129955840972091,0.13167295,0,0,0,1,0,0
2014-12-21 19:30:00,0,0.08343344,0.024423003,0.8272796,0.9837803,0.989010076867352,0.7061232579615737,0.12751462,0,0,0,1,0,0
2014-12-21 20:00:00,0,0.087507844,0.019356847,0.82671535,0.9837803,0.989010076867352,0.7047156495717193,0.123990774,0,0,0,1,0,0
2014-12-21 20:30:00,0,0.086131334,0.018378377,0.82594746,0.9837803,0.989010076867352,0.7042790604499007,0.120976925,0,0,0,1,0,0
2014-12-21 21:00:00,0,0.089710675,0.018955946,0.8254982,0.9837803,0.989010076867352,0.7043111426499511,0.11848992,0,0,0,1,0,0
2014-12-21 21:30:00,0,0.08722113,0.019612432,0.8260455,0.9837803,0.989010076867352,0.704612086501422,0.116318606,0,0,0,1,0,0
2014-12-21 22:00:00,0,0.08878476,0.02324593,0.82776886,0.9837803,0.989010076867352,0.7059512985613967,0.11462429,0,0,0,1,0,0
2014-12-21 22:30:00,0,0.09945897,0.02081871,0.83031595,0.9837803,0.989010076867352,0.7059812647965575,0.113270484,0,0,0,1,0,0
2014-12-21 23:00:00,0,0.102890894,0.019124985,0.919415,0.9837803,0.989010076867352,0.7278325957921172,0.1122543,0,0,0,1,0,0
2014-12-21 23:30:00,0,0.12464264,0.02221322,0.991379,0.9930368,0.989010076867352,0.7489097816613342,0.11164558,0,0,0,1,0,0
2014-12-22 00:00:00,0,0.12644717,0.022993088,0.98998123,0.9930368,0.989010076867352,0.7487553013232375,0.11131999,0,0,0,1,0,0
2014-12-22 00:30:00,0,0.11021614,0.026171684,0.98747104,0.9930368,0.989010076867352,0.7489224029448653,0.11112824,0,0,0,1,0,0
2014-12-22 01:00:00,0,0.114844985,0.027637005,0.98206264,0.9930368,0.989010076867352,0.7479366315272475,0.11111998,0,0,0,1,0,0
2014-12-22 01:30:00,0,0.11162835,0.028196335,0.9855186,0.9930368,0.989010076867352,0.7489404482510711,0.11140126,0,0,0,1,0,0
2014-12-22 02:00:00,0,0.11847829,0.027251363,0.9729106,0.9930368,0.989010076867352,0.7455522073176528,0.11223838,0,0,0,1,0,0
2014-12-22 02:30:00,0,0.11407699,0.027579784,0.9538593,0.9930368,0.989010076867352,0.740871499266925,0.11380458,0,0,0,1,0,0
2014-12-22 03:00:00,0,0.12230697,0.030797243,0.9157991,0.9930368,0.989010076867352,0.7321608019736434,0.11613814,0,0,0,1,0,0
2014-12-22 03:30:00,0,0.13572925,0.030011296,0.87804717,0.9930368,0.989010076867352,0.7225263369944717,0.11911132,0,0,0,1,0,0
2014-12-22 04:00:00,0,0.11594623,0.025693655,0.831726,0.9930368,0.989010076867352,0.709866638269725,0.12230579,0,0,0,1,0,0
2014-12-22 04:30:00,0,0.11958109,0.026088834,0.823993,0.9930368,0.989010076867352,0.7080321861174728,0.12564133,0,0,0,1,0,0
2014-12-22 05:00:00,0,0.117601454,0.026698947,0.81900483,0.9930368,0.989010076867352,0.7069376660254623,0.12895073,0,0,0,1,0,0
2014-12-22 05:30:00,0,0.11609484,0.027442336,0.81808054,0.9930368,0.989010076867352,0.7068924410012389,0.13210092,0,0,0,1,0,0
2014-12-22 06:00:00,0,0.11673459,0.022657514,0.82062846,0.9930368,0.989010076867352,0.706333215322795,0.13498585,0,0,0,1,0,0
2014-12-22 06:30:00,0,0.12235397,0.021803021,0.8858947,0.9930368,0.989010076867352,0.7224361551669265,0.13767539,0,0,0,1,0,0
2014-12-22 07:00:00,0,0.11769642,0.021435857,0.88440037,0.9930368,0.989010076867352,0.7219707770016814,0.14018437,0,0,0,1,0,0
2014-12-22 07:30:00,0,0.102806315,0.025605917,0.90173954,0.9930368,0.989010076867352,0.7273480845358993,0.1425543,0,0,0,1,0,0
2014-12-22 08:00:00,0,0.10085812,0.022477508,0.85143995,0.9930368,0.989010076867352,0.7139910859730865,0.14456235,0,0,0,1,0,0
2014-12-22 08:30:00,0,0.08701696,0.02270031,0.85137457,0.9930368,0.989010076867352,0.7140304399397994,0.14591302,0,0,0,1,0,0
2014-12-22 09:00:00,0,0.0872831,0.021850824,0.8535174,0.9930368,0.989010076867352,0.7143537802365447,0.14635839,0,0,0,1,0,0
2014-12-22 09:30:00,0,0.08698597,0.02134955,0.85214,0.9930368,0.989010076867352,0.7138841105368758,0.14581506,0,0,0,1,0,0
2014-12-22 10:00:00,0,0.08829203,0.023970604,0.8468876,0.9930368,0.989010076867352,0.713226268973651,0.14460061,0,0,0,1,0,0
2014-12-22 10:30:00,0,0.08991617,0.01731217,0.8393233,0.9930368,0.9759454232659518,0.7064044202915475,0.14268705,0,0,0,1,0,0
2014-12-22 11:00:00,0,0.08664323,0.013416648,0.85291696,0.9930368,0.9759454232659518,0.708828958427076,0.14008985,0,0,0,1,0,0
2014-12-22 11:30:00,0,0.084448144,0.015983105,0.87872326,0.9930368,0.9759454232659518,0.7159221495739266,0.13689117,0,0,0,1,0,0
2014-12-22 12:00:00,0,0.085620135,0.017664671,0.9293027,0.9930368,0.9759454232659518,0.7289873983017251,0.13334744,0,0,0,1,0,0
2014-12-22 12:30:00,0,0.084530115,0.021440744,0.88923115,0.9930368,0.9759454232659518,0.7199135299078271,0.1295766,0,0,0,1,0,0
2014-12-22 13:00:00,0,0.0849212,0.021240234,0.85879505,0.9930368,0.9759454232659518,0.712254377757673,0.1256336,0,0,0,1,0,0
2014-12-22 13:30:00,0,0.08416206,0.02611649,0.8749451,0.9930368,0.9759454232659518,0.7175109560838983,0.12161201,0,0,0,1,0,0
2014-12-22 14:00:00,0,0.08278053,0.020895958,0.8243642,0.9930368,0.9759454232659518,0.7035605932823464,0.1177297,0,0,0,1,0,0
2014-12-22 14:30:00,0,0.08578613,0.026024103,0.7710816,0.9930368,0.9759454232659518,0.6915219898573205,0.11441151,0,0,0,1,0,0
2014-12-22 15:00:00,0,0.08198693,0.027079344,0.721824,0.9930368,0.9759454232659518,0.6794713909975335,0.1119499,0,0,0,1,0,0
2014-12-22 15:30:00,0,0.08987572,0.02814138,0.72172225,0.9930368,0.9759454232659518,0.6797114636055276,0.11070121,0,0,0,1,0,0
2014-12-22 16:00:00,0,0.102300204,0.02647543,0.72201246,0.9930368,0.9759454232659518,0.6793675299040124,0.110705025,0,0,0,1,0,0
2014-12-22 16:30:00,0,0.10569433,0.027589798,0.72165895,0.9930368,0.9759454232659518,0.6795577432266519,0.11216276,0,0,0,1,0,0
2014-12-22 17:00:00,0,0.09218007,0.02987659,0.7216716,0.9930368,0.9759454232659518,0.6801326002231881,0.115153275,0,0,0,1,0,0
2014-12-22 17:30:00,0,0.08506707,0.031145215,0.7216861,0.9930368,0.9759454232659518,0.6804533924213693,0.1197367,0,0,0,1,0,0
2014-12-22 18:00:00,0,0.096665815,0.031113267,0.72168636,0.9930368,0.9759454232659518,0.6804454650036141,0.12589397,0,0,0,1,0,0
2014-12-22 18:30:00,0,0.09498415,0.032409072,0.760371,0.9930368,0.9759454232659518,0.6904405827871606,0.13358656,0,0,0,1,0,0
2014-12-22 19:00:00,0,0.10202469,0.03356695,0.7710924,0.9930368,0.9759454232659518,0.6934103991142556,0.1426958,0,0,0,1,0,0
2014-12-22 19:30:00,0,0.09641859,0.031859875,0.9185956,0.9930368,0.9759454232659518,0.7298594291559503,0.15323773,0,0,0,1,0,0
2014-12-22 20:00:00,0,0.08786794,0.032503724,0.9049174,0.9930368,0.9759454232659518,0.7266008432260797,0.16496852,0,0,0,1,0,0
2014-12-22 20:30:00,0,0.09009542,0.030181289,0.9485009,0.9930368,0.9759454232659518,0.7369160975567147,0.17749907,0,0,0,1,0,0
2014-12-22 21:00:00,0,0.09008246,0.030304551,0.9342332,0.9930368,0.9759454232659518,0.7333799924007699,0.19056271,0,0,0,1,0,0
2014-12-22 21:30:00,0,0.09416558,0.029948473,0.9642628,0.9930368,0.9759454232659518,0.7407983715883538,0.20365639,0,0,0,1,0,0
2014-12-22 22:00:00,0,0.09014495,0.032071948,0.99050516,0.9930368,0.9759454232659518,0.7478898342005059,0.21663748,0,0,0,1,0,0
2014-12-22 22:30:00,0,0.08471607,0.036690235,0.9975352,0.9930368,0.9759454232659518,0.750801923429136,0.22901714,0,0,0,1,0,0
2014-12-22 23:00:00,0,0.103910446,0.035495758,0.99841857,0.9930368,0.9759454232659518,0.7507241393677041,0.24031971,0,1,0,1,0,0
2014-12-22 23:30:00,0,0.11048262,0.028612494,0.9716799,0.87076175,0.9759454232659518,0.7117498989454553,0.24972846,0,0,0,1,0,0
2014-12-23 00:00:00,0,0.12413477,0.035312176,0.96848863,0.87076175,0.9759454232659518,0.7126269961944863,0.2567931,0,0,0,1,0,0
2014-12-23 00:30:00,0,0.12455565,0.038103938,0.9654786,0.87076175,0.9759454232659518,0.7125724281421945,0.26158974,0,0,0,1,0,0
2014-12-23 01:00:00,0,0.11793969,0.039042234,0.943591,0.87076175,0.9759454232659518,0.7073351021162316,0.26431486,0,0,0,1,0,0
2014-12-23 01:30:00,0,0.12271535,0.03784871,0.885157,0.87076175,0.9759454232659518,0.6924282188764855,0.2648048,0,0,0,1,0,0
2014-12-23 02:00:00,0,0.10639052,0.037742496,0.81217813,0.87076175,0.981410072834849,0.6755231138546168,0.26316532,0,0,0,1,0,0
2014-12-23 02:30:00,0,0.11844221,0.03773892,0.765351,0.87076175,0.981410072834849,0.6638154354173839,0.25977632,0,0,0,1,0,0
2014-12-23 03:00:00,0,0.11417639,0.03773868,0.7652962,0.87076175,0.981410072834849,0.6638016816456019,0.25531533,0,0,0,1,0,0
2014-12-23 03:30:00,0,0.11311569,0.037759542,0.7647687,0.87076175,0.981410072834849,0.6636750217754542,0.25019732,0,0,0,1,0,0
2014-12-23 04:00:00,0,0.11422304,0.03791809,0.76298004,0.87076175,0.981410072834849,0.6632674899179637,0.24424993,0,0,0,1,0,0
2014-12-23 04:30:00,0,0.11869824,0.037843704,0.7603463,0.87076175,0.981410072834849,0.6625904556591212,0.2380631,0,0,0,1,0,0
2014-12-23 05:00:00,0,0.113645524,0.03778279,0.7599773,0.87076175,0.981410072834849,0.66248297358343,0.2323127,0,0,0,1,0,0
2014-12-23 05:30:00,0,0.11014029,0.036890388,0.75995773,0.87076175,0.981410072834849,0.6622549858171641,0.2278129,0,0,0,1,0,0
2014-12-23 06:00:00,0,0.12171908,0.037532568,0.76008195,0.87076175,0.981410072834849,0.6624465849477946,0.22463755,0,0,0,1,0,0
2014-12-23 06:30:00,0,0.122833624,0.038126588,0.76039356,0.87076175,0.981410072834849,0.662672993190974,0.22268413,0,0,0,1,0,0
2014-12-23 07:00:00,0,0.12062188,0.038603306,0.8294922,0.87076175,0.981410072834849,0.6800668355304896,0.22206603,0,0,0,1,0,0
2014-12-23 07:30:00,0,0.09982248,0.038615704,0.89027935,0.87076175,0.981410072834849,0.6952667203027904,0.2234029,0,0,0,1,0,0
2014-12-23 08:00:00,0,0.098693006,0.040019155,0.8902442,0.87076175,0.981410072834849,0.6956087913591563,0.2268507,0,0,0,1,0,0
2014-12-23 08:30:00,0,0.08377219,0.04066658,0.8902082,0.87076175,0.981410072834849,0.6957616474706828,0.23257454,0,0,0,1,0,0
2014-12-23 09:00:00,0,0.08680582,0.04057622,0.8901751,0.87076175,0.981410072834849,0.6957307871658504,0.2403028,0,0,0,1,0,0
2014-12-23 09:30:00,0,0.08503999,0.038348436,0.89014924,0.87076175,0.981410072834849,0.695167374261111,0.2499923,0,0,0,1,0,0
2014-12-23 10:00:00,0,0.086935185,0.036955595,0.89013326,0.87076175,0.981410072834849,0.6948151704151332,0.2618599,0,0,0,1,0,0
2014-12-23 10:30:00,0,0.08584547,0.035294533,0.89012957,0.87076175,0.981410072834849,0.694398980982989,0.2748096,0,0,0,1,0,0
2014-12-23 11:00:00,0,0.0859967,0.03911388,0.89014,0.87076175,0.981410072834849,0.6953564252931773,0.2881572,0,0,0,1,0,0
2014-12-23 11:30:00,1,0.084299415,0.03751993,0.8901655,0.87076175,0.981410072834849,0.6949643161375224,0.3017091,0,0,0,1,0,0
2014-12-23 12:00:00,1,0.08270946,0.03707075,0.8902062,0.87076175,0.981410072834849,0.694862198479861,0.31562486,0,0,0,1,0,0
2014-12-23 12:30:00,1,0.08453552,0.036876917,0.89026296,0.87076175,0.981410072834849,0.6948279258091151,0.3298,0,0,0,1,0,0
2014-12-23 13:00:00,1,0.082528055,0.03661883,0.89033586,0.87076175,0.981410072834849,0.6947816279012858,0.34361383,0,0,0,1,0,0
2014-12-23 13:30:00,1,0.08981485,0.036218286,0.89042455,0.87076175,0.981410072834849,0.6947036650259196,0.35627356,0,0,0,1,0,0
2014-12-23 14:00:00,1,0.08683585,0.036694765,0.8905197,0.87076175,0.981410072834849,0.6948465671617686,0.36655894,0,0,0,1,0,0
2014-12-23 14:30:00,1,0.088828206,0.03627014,0.8906086,0.87076175,0.981410072834849,0.6947626438219249,0.37399173,0,0,0,1,0,0
2014-12-23 15:00:00,1,0.08272647,0.036057115,0.8907103,0.87076175,0.981410072834849,0.6947348084528148,0.37805498,0,0,0,1,0,0
2014-12-23 15:30:00,1,0.087403715,0.037450075,0.8908727,0.87076175,0.981410072834849,0.6951236542541682,0.37863705,0,0,0,1,0,0
2014-12-23 16:00:00,1,0.10151365,0.03600073,0.92149025,0.87076175,0.981410072834849,0.7024157013971507,0.37545875,0,0,0,1,0,0
2014-12-23 16:30:00,1,0.10492103,0.035155058,0.8914524,0.8965708,0.981410072834849,0.7011470761377513,0.36955371,0,0,0,1,0,0
2014-12-23 17:00:00,1,0.098923706,0.03498423,0.8918439,0.8965708,0.981410072834849,0.7012022551376521,0.36171868,0,0,0,1,0,0
2014-12-23 17:30:00,1,0.08240856,0.039536,0.89229083,0.8965708,0.981410072834849,0.702451926120013,0.35252002,0,0,0,1,0,0
2014-12-23 18:00:00,1,0.093979046,0.0401603,0.8928123,0.8965708,0.981410072834849,0.7027383711416423,0.34240377,0,0,0,1,0,0
2014-12-23 18:30:00,1,0.09407012,0.04120922,0.8934305,0.8965708,0.981410072834849,0.703155141719073,0.3317966,0,0,0,1,0,0
2014-12-23 19:00:00,1,0.0986478,0.042272687,0.947809,0.8965708,0.981410072834849,0.7170156356174647,0.32158473,0,0,0,1,0,0
2014-12-23 19:30:00,1,0.08993552,0.046582103,0.9620825,0.92430747,0.981410072834849,0.7285955365974605,0.3122143,0,0,0,1,0,0
2014-12-23 20:00:00,1,0.083812736,0.058244467,0.96205986,0.9554433,0.981410072834849,0.7392894294340312,0.30566442,0,0,0,1,0,0
2014-12-23 20:30:00,1,0.08323158,0.0852592,0.974008,0.9769548,0.981410072834849,0.7544080283720195,0.3038185,0,0,0,1,0,0
2014-12-23 21:00:00,1,0.08558026,0.1187731,0.9796814,0.9769548,0.981410072834849,0.7642048415023982,0.31037125,0,0,0,1,0,0
2014-12-23 21:30:00,1,0.08178651,0.14799297,0.9796792,0.9769548,0.981410072834849,0.7715092715103328,0.32937527,0,0,0,1,0,0
2014-12-23 22:00:00,1,0.08841128,0.19784331,0.9803187,0.9769548,0.981410072834849,0.784131732233256,0.36425757,0,0,0,1,1,0
2014-12-23 22:30:00,1,0.08883059,0.23927116,0.98042667,0.9769548,0.981410072834849,0.7945156809169948,0.41231015,0,0,0,1,1,0
2014-12-23 23:00:00,1,0.10384062,0.26824927,0.98062164,0.9769548,0.981410072834849,0.8018089499551951,0.46741596,1,0,0,1,1,0
2014-12-23 23:30:00,1,0.11056462,0.2798376,0.9809327,0.9769548,0.981410072834849,0.8047838028747737,0.5256042,1,0,0,1,1,0
2014-12-24 00:00:00,1,0.113701314,0.2791264,0.9809427,0.9769548,0.981410072834849,0.8046085056144893,0.58512896,1,0,0,1,1,0
2014-12-24 00:30:00,1,0.12188397,0.27613378,0.98096174,0.9769548,0.981410072834849,0.8038651015836894,0.64496154,1,0,0,1,1,0
2014-12-24 01:00:00,1,0.122522734,0.27121437,0.980991,0.9769548,0.981410072834849,0.8026425656158626,0.70425135,1,0,0,1,1,0
2014-12-24 01:30:00,1,0.11943554,0.2683705,0.9810301,0.9769548,0.981410072834849,0.8019413765747249,0.76254416,1,0,0,1,1,0
2014-12-24 02:00:00,1,0.11825804,0.26781404,0.9810797,0.9769548,0.9501753694406326,0.7940059812513782,0.8189568,1,0,0,1,1,0
2014-12-24 02:30:00,1,0.10617599,0.26801717,0.981143,0.9769548,0.9501753694406326,0.7940725894419147,0.871787,1,0,0,1,1,0
2014-12-24 03:00:00,1,0.11986981,0.26758385,0.98121864,0.9769548,0.9527660032832822,0.7946308260342528,0.9176867,1,0,0,1,1,0
2014-12-24 03:30:00,1,0.12252795,0.26754737,0.9812857,0.9769548,0.9527660032832822,0.7946384703299453,0.952704,1,0,0,1,1,1
2014-12-24 04:00:00,1,0.118197456,0.2681049,0.98130774,0.9769548,0.9527660032832822,0.7947833692213943,0.97368604,1,0,0,1,1,1
2014-12-24 04:30:00,1,0.11460681,0.2679516,0.98126376,0.9769548,0.9527660032832822,0.7947340463778426,0.9831524,1,0,0,1,1,1
2014-12-24 05:00:00,1,0.11416204,0.26737106,0.9811725,0.9769548,0.9527660032832822,0.7945660953900268,0.98681694,1,0,0,1,1,1
2014-12-24 05:30:00,1,0.11246882,0.26680315,0.98107564,0.9769548,0.9527660032832822,0.7943999027392318,0.9879734,1,0,0,1,1,1
2014-12-24 06:00:00,1,0.116283454,0.2688589,0.980998,0.9769548,0.9527660032832822,0.794894427575772,0.98755187,1,0,0,1,1,1
2014-12-24 06:30:00,1,0.111941,0.28242004,0.98093444,0.9769548,0.9527660032832822,0.7982688253304412,0.9844058,1,0,0,1,1,1
2014-12-24 07:00:00,1,0.11803251,0.32642388,0.99237716,0.9903814,0.9527660032832822,0.8154871170899322,0.9668474,1,0,0,1,1,1
2014-12-24 07:30:00,1,0.12093376,0.39236367,0.9982298,0.9970989,0.9527660032832822,0.835114598788922,0.9448037,1,0,0,1,1,1
2014-12-24 08:00:00,1,0.12566245,0.47634792,0.9985876,0.9970989,0.9527660032832822,0.8562001144072463,0.9355534,1,1,0,1,1,1
2014-12-24 08:30:00,1,0.10278216,0.5414815,0.9985832,0.9970989,0.9527660032832822,0.8724824046275069,0.9269658,1,1,0,1,1,0
2014-12-24 09:00:00,1,0.102436095,0.5830405,0.9985794,0.9970989,0.9527660032832822,0.8828711961886336,0.92087126,1,1,0,1,1,0
2014-12-24 09:30:00,1,0.086499564,0.590292,0.99857605,0.9970989,0.9527660032832822,0.8846832369944503,0.91731215,1,1,0,1,1,0
2014-12-24 10:00:00,1,0.08350629,0.5927274,0.9985733,0.9970989,0.9527660032832822,0.885291412987416,0.9154832,1,1,0,1,1,0
2014-12-24 10:30:00,1,0.08540799,0.5936717,0.9985713,0.9970989,0.9527660032832822,0.8855269705435683,0.91471577,1,1,0,1,1,0
2014-12-24 11:00:00,1,0.08942331,0.60156465,0.99856997,0.9970989,0.9774190044833094,0.8936631345856406,0.91469604,1,1,0,1,1,0
2014-12-24 11:30:00,1,0.088353135,0.6029062,0.9985695,0.9970989,0.9774190044833094,0.8939984107125022,0.9151947,1,1,0,1,1,0
2014-12-24 12:00:00,1,0.08303522,0.6007533,0.9985696,0.9970989,0.9774190044833094,0.8934602105725028,0.9163495,1,1,0,1,1,0
2014-12-24 12:30:00,1,0.09362294,0.60838175,0.99857044,0.9970989,0.9774190044833094,0.8953675294029929,0.9196933,1,1,0,1,1,0
2014-12-24 13:00:00,1,0.09884045,0.62753546,0.998572,0.9970989,0.9774190044833094,0.9001563453781821,0.93722224,1,1,0,1,1,1
2014-12-24 13:30:00,1,0.09489442,0.629941,0.998574,0.9970989,0.9774190044833094,0.900758233081124,0.9592529,1,1,0,1,1,1
2014-12-24 14:00:00,1,0.0905327,0.6344068,0.9985757,0.9970989,0.9774190044833094,0.9018751049149252,0.9685933,1,1,0,1,1,1
2014-12-24 14:30:00,1,0.084406465,0.63592994,0.99857616,0.9970989,0.9774190044833094,0.9022560083973624,0.977372,1,1,0,1,1,1
2014-12-24 15:00:00,1,0.08290464,0.6397655,0.9985757,0.9970989,0.9774190044833094,0.903214778910897,0.9837475,1,1,0,1,1,1
2014-12-24 15:30:00,1,0.085267015,0.6441802,0.9985758,0.9970989,0.9774190044833094,0.9043184781182028,0.98767185,1,1,0,1,1,1
2014-12-24 16:00:00,1,0.09096919,0.6445414,0.99857736,0.9970989,0.9774190044833094,0.9044091665852286,0.9899562,1,1,0,1,1,1
2014-12-24 16:30:00,1,0.092208244,0.64011455,0.99858034,0.9970989,0.9774190044833094,0.9033032024014211,0.991293,1,1,0,1,1,1
2014-12-24 17:00:00,1,0.0839249,0.64332855,0.9985846,0.9970989,0.9774190044833094,0.904107775698922,0.99207383,1,1,0,1,1,1
2014-12-24 17:30:00,1,0.086950146,0.6485753,0.9985903,0.9970989,0.9774190044833094,0.9054208809244848,0.9927251,1,1,0,1,1,1
2014-12-24 18:00:00,1,0.08478402,0.67006683,0.99859756,0.9970989,0.9774190044833094,0.9107955807554938,0.9934477,1,1,0,1,1,1
2014-12-24 18:30:00,1,0.087207906,0.71317816,0.9986065,0.9970989,0.9774190044833094,0.9215756470072486,0.9943063,1,1,0,1,1,1
2014-12-24 19:00:00,1,0.09270678,0.78116465,0.99890125,0.9970989,0.9774190044833094,0.9386459553349236,0.9951968,1,1,0,1,1,1
2014-12-24 19:30:00,1,0.10355105,0.87843835,0.9996524,0.99873596,0.9774190044833094,0.9635614270079352,0.995976,1,1,1,1,1,1
2014-12-24 20:00:00,1,0.10573003,0.99285054,0.99978024,0.9996247,0.9774190044833094,0.9924186283457496,0.99661,1,1,1,1,1,1
2014-12-24 20:30:00,1,0.10523951,1.0761483,0.99978,0.9996656,0.9774190044833094,1.0132532233107303,0.99713117,1,1,1,1,1,1
2014-12-24 21:00:00,1,0.10923726,1.1648932,0.999851,0.99972767,0.9774190044833094,1.0354727023947454,0.99757546,1,1,1,1,1,1
2014-12-24 21:30:00,1,0.10439974,1.2623906,0.99985087,0.99972767,0.9774190044833094,1.0598470383990026,0.9979697,1,1,1,1,1,1
2014-12-24 22:00:00,1,0.112152725,1.350549,0.99985087,0.99972767,0.9774190044833094,1.0818866306650854,0.99833196,1,1,1,1,1,1
2014-12-24 22:30:00,1,0.10487041,1.4091456,0.999851,0.99972767,0.9774190044833094,1.096535813223145,0.9986717,1,1,1,1,1,1
2014-12-24 23:00:00,1,0.1046524,1.4580772,0.9998516,0.99972767,0.9774190044833094,1.1087688619005895,0.9989679,1,1,1,1,1,1
2014-12-24 23:30:00,1,0.11394829,1.4769733,0.99985313,0.99972767,0.9774190044833094,1.113493275057099,0.9991501,1,1,1,1,1,1
2014-12-25 00:00:00,1,0.12036997,1.4793072,0.99985313,0.99972767,0.9774190044833094,1.1140767449248052,0.9992492,1,1,1,1,1,1
2014-12-25 00:30:00,1,0.12628372,1.474412,0.99985325,0.99972767,0.9774190044833094,1.1128529721605993,0.9993262,1,1,1,1,1,1
2014-12-25 01:00:00,1,0.12610461,1.4697354,0.99985325,0.99972767,0.9774190044833094,1.11168382705333,0.9993918,1,1,1,1,1,1
2014-12-25 01:30:00,1,0.11206041,1.4663734,0.9998535,0.99972767,0.9774190044833094,1.110843401561997,0.99944514,1,1,1,1,1,1
2014-12-25 02:00:00,1,0.123778604,1.4637101,0.9998536,0.99972767,0.9774190044833094,1.1101775878775335,0.99948627,1,1,1,1,1,1
2014-12-25 02:30:00,1,0.11491516,1.4622629,0.99985385,0.99972767,0.9774190044833094,1.1098158472883917,0.999518,1,1,1,1,1,1
2014-12-25 03:00:00,1,0.1161848,1.461417,0.9998542,0.99972767,0.9774190044833094,1.1096044594156955,0.9995425,1,1,1,1,1,1
2014-12-25 03:30:00,1,0.11814828,1.4605191,0.9998547,0.99972767,0.9774190044833094,1.1093801075327612,0.999561,1,1,1,1,1,1
2014-12-25 04:00:00,1,0.1174607,1.4593754,0.9998553,0.99972767,0.9774190044833094,1.1090943330633856,0.9995749,1,1,1,1,1,1
2014-12-25 04:30:00,1,0.1274973,1.459506,0.999856,0.99972767,0.9774190044833094,1.1091271752226568,0.99958587,1,1,1,1,1,1
2014-12-25 05:00:00,1,0.18301822,1.4607513,0.99985623,0.99972767,0.9774190044833094,1.1094385498869634,0.99959487,1,1,1,1,1,1
2014-12-25 05:30:00,1,0.19366558,1.4662149,0.99985564,0.99972767,0.9774190044833094,1.1108043009150244,0.99960303,1,1,1,1,1,1
2014-12-25 06:00:00,1,0.12886454,1.4797697,0.99985397,0.99972767,0.9774190044833094,1.1141925865519262,0.99961036,1,1,1,1,1,1
2014-12-25 06:30:00,1,0.11301101,1.5120375,0.9998518,0.99972767,0.9774190044833094,1.1222590023386694,0.9996174,1,1,1,1,1,1
2014-12-25 07:00:00,1,0.115217835,1.5627022,0.9998493,0.9998505,0.9774190044833094,1.1349552536118246,0.99962425,1,1,1,1,1,1
2014-12-25 07:30:00,1,0.120488845,1.6414461,0.9999863,0.9999702,0.9774190044833094,1.1547054016697622,0.9996316,1,1,1,1,1,1
2014-12-25 08:00:00,1,0.12030746,1.745923,0.99999547,0.99997866,0.9774190044833094,1.18082904459121,0.9996395,1,1,1,1,1,1
2014-12-25 08:30:00,1,0.11660656,1.8637059,0.9999957,0.99997866,0.9774190044833094,1.210274811993859,0.9996484,1,1,1,1,1,1
2014-12-25 09:00:00,1,0.11098046,1.9799266,0.9999957,0.99997866,0.9774190044833094,1.239329990159295,0.99965817,1,1,1,1,1,1
2014-12-25 09:30:00,1,0.11639634,2.0803328,0.9999957,0.99997866,0.9774190044833094,1.264431532632134,0.99966884,1,1,1,1,1,1
2014-12-25 10:00:00,1,0.112840064,2.05777,0.9999957,0.99997866,0.9774190044833094,1.258790847073815,0.9996798,1,1,1,1,1,1
2014-12-25 10:30:00,1,0.12642135,2.1065152,0.9999957,0.99997866,0.9774190044833094,1.270977135907433,0.99969107,1,1,1,1,1,1
2014-12-25 11:00:00,1,0.124671526,2.0357575,0.9999957,0.99997866,0.945489229836574,1.2453052853739537,0.99970216,1,1,1,1,1,1
2014-12-25 11:30:00,1,0.12749179,2.058985,0.9999957,0.99997866,0.945489229836574,1.2511121486819066,0.9997131,1,1,1,1,1,1
2014-12-25 12:00:00,1,0.12480136,2.0808997,0.9999957,0.99997866,0.945489229836574,1.256590828815726,0.99972373,1,1,1,1,1,1
2014-12-25 12:30:00,1,0.11841952,2.098882,0.9999957,0.99997866,0.945489229836574,1.2610863899386204,0.999734,1,1,1,1,1,1
2014-12-25 13:00:00,1,0.120045245,2.1118891,0.9999957,0.99997866,0.945489229836574,1.2643381809389866,0.99974346,1,1,1,1,1,1
2014-12-25 13:30:00,1,0.11488332,2.1299834,0.9999957,0.99997866,0.945489229836574,1.2688617562449254,0.9997521,1,1,1,1,1,1
2014-12-25 14:00:00,1,0.11466847,2.1493104,0.9999957,0.99997866,0.945489229836574,1.2736934875643529,0.9997595,1,1,1,1,1,1
2014-12-25 14:30:00,1,0.10519958,2.1602435,0.9999957,0.99997866,0.945489229836574,1.276426777759818,0.9997657,1,1,1,1,1,1
2014-12-25 15:00:00,1,0.10225653,2.1646297,0.9999957,0.99997866,0.945489229836574,1.2775233244097508,0.9997707,1,1,1,1,1,1
2014-12-25 15:30:00,1,0.106366485,2.161243,0.9999957,0.99997866,0.945489229836574,1.2766766404307164,0.99977446,1,1,1,1,1,1
2014-12-25 16:00:00,1,0.11306166,2.1537151,0.9999957,0.99997866,0.945489229836574,1.2747946833765782,0.9997775,1,1,1,1,1,1
2014-12-25 16:30:00,1,0.123553015,2.153095,0.9999957,0.99997866,0.945489229836574,1.2746396516955174,0.9997799,1,1,1,1,1,1
2014-12-25 17:00:00,1,0.12013668,2.1058013,0.9999957,0.99997866,0.945489229836574,1.2628162359392918,0.9997819,1,1,1,1,1,1
2014-12-25 17:30:00,1,0.11884931,2.058021,0.9999957,0.99997866,0.945489229836574,1.2508711671030797,0.99978375,1,1,1,1,1,1
2014-12-25 18:00:00,1,0.11836982,2.0750759,0.9999957,0.99997866,0.945489229836574,1.2551348661577977,0.99978524,1,1,1,1,1,1
2014-12-25 18:30:00,1,0.11156657,2.100534,0.9999957,0.99997866,0.945489229836574,1.2614993905222691,0.99978656,1,1,1,1,1,1
2014-12-25 19:00:00,1,0.1120957,2.1117551,0.9999958,0.99997866,0.945489229836574,1.2643047129309453,0.99978775,1,1,1,1,1,1
2014-12-25 19:30:00,1,0.11971092,2.0720887,0.9999958,0.99997866,0.945489229836574,1.2543881093657292,0.9997886,1,1,1,1,1,1
2014-12-25 20:00:00,1,0.12543537,2.037364,0.9999958,0.99997866,0.945489229836574,1.2457069312727729,0.99978924,1,1,1,1,1,1
2014-12-25 20:30:00,1,0.12153287,2.0492876,0.9999958,0.99997866,0.945489229836574,1.2486878191626347,0.99978966,1,1,1,1,1,1
2014-12-25 21:00:00,1,0.123032175,2.0065515,0.9999958,0.99997866,0.945489229836574,1.2380038057959355,0.9997897,1,1,1,1,1,1
2014-12-25 21:30:00,1,0.11123623,2.0019977,0.9999958,0.99997866,0.945489229836574,1.2368653570807255,0.99978966,1,1,1,1,1,1
2014-12-25 22:00:00,1,0.11712116,2.0002036,0.9999958,0.99997866,0.945489229836574,1.2364168321287907,0.9997894,1,1,1,1,1,1
2014-12-25 22:30:00,1,0.11767588,2.002923,0.9999958,0.99997866,0.945489229836574,1.2370966827070988,0.999789,1,1,1,1,1,1
2014-12-25 23:00:00,1,0.12422741,1.9578965,0.9999958,0.99997866,0.945489229836574,1.2258400475180424,0.9997886,1,1,1,1,1,1
2014-12-25 23:30:00,1,0.12563735,1.9775705,0.9999957,0.99997866,0.945489229836574,1.2307585333979405,0.9997882,1,1,1,1,1,1
2014-12-26 00:00:00,1,0.11124164,1.9820411,0.9999957,0.99997866,0.945489229836574,1.231876180092124,0.9997878,1,1,1,1,1,1
2014-12-26 00:30:00,1,0.113950066,1.9343262,0.9999957,0.99997866,0.945489229836574,1.2199474429285802,0.99978715,1,1,1,1,1,1
2014-12-26 01:00:00,1,0.107228376,1.9452331,0.9999958,0.99997866,0.945489229836574,1.2226742064154423,0.9997864,1,1,1,1,1,1
2014-12-26 01:30:00,1,0.122970164,1.9446688,0.9999958,0.99997866,0.945489229836574,1.222533122221259,0.9997856,1,1,1,1,1,1
2014-12-26 02:00:00,1,0.11352695,1.9541173,0.9999958,0.99997866,0.945489229836574,1.2248952542937075,0.99978477,1,1,1,1,1,1
2014-12-26 02:30:00,1,0.12186464,1.9590602,0.9999958,0.99997866,0.945489229836574,1.2261309777891911,0.999784,1,1,1,1,1,1
2014-12-26 03:00:00,1,0.16212824,1.9535508,0.9999958,0.99997866,0.8649785227618438,1.2046259568890387,0.9997833,1,1,1,1,1,1
2014-12-26 03:30:00,1,0.2140742,1.9556432,0.9999958,0.99997866,0.8649785227618438,1.2051490472515876,0.99978274,1,1,1,1,1,1
2014-12-26 04:00:00,1,0.15101472,1.955884,0.9999958,0.99997866,0.8649785227618438,1.2052092479428107,0.99978215,1,1,1,1,1,1
2014-12-26 04:30:00,1,0.22750978,1.9554985,0.9999957,0.99997866,0.8649785227618438,1.2051128374298865,0.99978167,1,1,1,1,1,1
2014-12-26 05:00:00,1,0.23694447,1.9783027,0.9999956,0.99997866,0.8649785227618438,1.210813872691041,0.99978137,1,1,1,1,1,1
2014-12-26 05:30:00,1,0.14409226,1.9288483,0.99999535,0.99997866,0.8649785227618438,1.198450200434571,0.99978095,1,1,1,1,1,1
2014-12-26 06:00:00,1,0.11305254,1.9045095,0.999995,0.99997866,0.8649785227618438,1.1923654304703528,0.9997805,1,1,1,1,1,1
2014-12-26 06:30:00,1,0.11224889,1.8902168,0.999995,0.99997866,0.8649785227618438,1.1887922512253577,0.9997802,1,1,1,1,1,1
2014-12-26 07:00:00,1,0.104118444,1.8479803,0.9999958,0.99997866,0.8649785227618438,1.1782333182057196,0.99977964,1,1,1,1,1,1
2014-12-26 07:30:00,1,0.119368896,1.7899845,0.9999938,0.99997866,0.8649785227618438,1.1637338625153355,0.999779,1,1,1,1,1,1
2014-12-26 08:00:00,1,0.11791755,1.7222102,0.99999106,0.99997675,0.8649785227618438,1.1467891262730414,0.99977773,1,1,1,1,1,1
2014-12-26 08:30:00,1,0.12082684,1.6274998,0.99999106,0.99997675,0.8649785227618438,1.123111538763886,0.99977607,1,1,1,1,1,1
2014-12-26 09:00:00,1,0.12515673,1.6302519,0.99999094,0.99997675,0.8649785227618438,1.123799525376206,0.9997738,1,1,1,1,1,1
2014-12-26 09:30:00,1,0.124990694,1.5949075,0.99999094,0.99997675,0.8649785227618438,1.1149634348114783,0.9997711,1,1,1,1,1,1
2014-12-26 10:00:00,1,0.12279274,1.5528717,0.99999094,0.99997675,0.8649785227618438,1.1044544802864844,0.99976796,1,1,1,1,1,1
2014-12-26 10:30:00,1,0.11408898,1.5226905,0.99999094,0.99997675,0.8649785227618438,1.0969091879090125,0.99976426,1,1,1,1,1,1
2014-12-26 11:00:00,1,0.10822586,1.4996278,0.99999094,0.99997675,0.8649785227618438,1.0911435114105994,0.9997601,1,1,1,1,1,1
2014-12-26 11:30:00,1,0.10492958,1.4811401,0.99999106,0.99997675,0.8649785227618438,1.0865216182431037,0.9997554,1,1,1,1,1,1
2014-12-26 12:00:00,1,0.09979421,1.4628932,0.99999106,0.99997675,0.8649785227618438,1.0819598959645087,0.99975044,1,1,1,1,1,1
2014-12-26 12:30:00,1,0.10224928,1.4479237,0.99999106,0.99997675,0.8649785227618438,1.0782174991329962,0.99974513,1,1,1,1,1,1
2014-12-26 13:00:00,1,0.09816853,1.4314826,0.9999912,0.99997675,0.8649785227618438,1.0741072522362525,0.99973965,1,1,1,1,1,1
2014-12-26 13:30:00,1,0.10375277,1.4728124,0.9999912,0.99997675,0.8649785227618438,1.0844397174080664,0.99973434,1,1,1,1,1,1
2014-12-26 14:00:00,1,0.10026124,1.4592087,0.99999106,0.99997675,0.8649785227618438,1.0810387657841498,0.99972934,1,1,1,1,1,1
2014-12-26 14:30:00,1,0.09186906,1.4507918,0.99999106,0.99997675,0.8649785227618438,1.0789345430096442,0.9997248,1,1,1,1,1,1
2014-12-26 15:00:00,1,0.08874133,1.4426489,0.99999106,0.99997675,0.8649785227618438,1.0768988059719855,0.9997205,1,1,1,1,1,1
2014-12-26 15:30:00,1,0.0907205,1.3802845,0.99999106,0.99997675,0.8649785227618438,1.0613077210148627,0.9997162,1,1,1,1,1,1
2014-12-26 16:00:00,1,0.09134527,1.358608,0.9999912,0.99997675,0.8649785227618438,1.055888615723496,0.999712,1,1,1,1,1,1
2014-12-26 16:30:00,1,0.09901834,1.3323655,0.9999912,0.99997675,0.8649785227618438,1.0493279920777137,0.9997077,1,1,1,1,1,1
2014-12-26 17:00:00,1,0.088479824,1.2466855,0.9999912,0.99997675,0.8649785227618438,1.027907990094071,0.9997029,1,1,1,1,1,1
2014-12-26 17:30:00,1,0.08655386,1.2101214,0.9999912,0.99997675,0.8649785227618438,1.0187669621666724,0.9996975,1,1,1,1,1,1
2014-12-26 18:00:00,1,0.08570178,1.2330921,0.9999912,0.99997675,0.8649785227618438,1.0245096312722022,0.99969196,1,1,1,1,1,1
2014-12-26 18:30:00,1,0.08564324,1.2492893,0.9999912,0.99997675,0.8649785227618438,1.0285589324196631,0.99968654,1,1,1,1,1,1
2014-12-26 19:00:00,1,0.08415089,1.2469945,0.9999924,0.99997675,0.8814733874604918,1.032109251911586,0.9996812,1,1,1,1,1,1
2014-12-26 19:30:00,1,0.08667953,1.238204,0.99999154,0.99997675,0.8814733874604918,1.0299114200424606,0.9996756,1,1,1,1,1,1
2014-12-26 20:00:00,1,0.09750668,1.1809075,0.9999918,0.999966,0.8814733874604918,1.0155846688103134,0.9996695,1,1,1,1,1,1
2014-12-26 20:30:00,1,0.09167817,1.1624522,0.9999918,0.999966,0.8814733874604918,1.0109708520721847,0.9996627,1,1,1,1,1,1
2014-12-26 21:00:00,1,0.10335055,1.1054149,0.9999913,0.99994516,0.8814733874604918,0.9967061790775712,0.99965507,1,1,1,1,1,1
2014-12-26 21:30:00,1,0.10441393,1.1274676,0.9999906,0.99994516,0.8814733874604918,1.0022191914867813,0.9996473,1,1,1,1,1,1
2014-12-26 22:00:00,1,0.088861585,1.1257193,0.99998856,0.99994516,0.8814733874604918,1.0017816039871628,0.99963945,1,1,1,1,1,1
2014-12-26 22:30:00,1,0.08836689,1.1121535,0.999931,0.99994516,0.8814733874604918,0.9983757647823746,0.9996316,1,1,1,1,1,1
2014-12-26 23:00:00,1,0.10121021,1.0546644,0.9998779,0.99989986,0.8814733874604918,0.9839788886856492,0.9996236,1,1,1,1,1,1
2014-12-26 23:30:00,1,0.09879064,1.0165832,0.9999424,0.99989986,0.8814733874604918,0.9744747194599565,0.9996154,1,1,1,1,1,1
2014-12-27 00:00:00,1,0.102432325,0.92395663,0.99985754,0.99940515,0.8814733874604918,0.951173177654689,0.99960536,1,1,1,1,1,1
2014-12-27 00:30:00,1,0.10237729,0.8680899,0.9998161,0.9994079,0.8814733874604918,0.9371968272280152,0.999593,1,1,1,1,1,1
2014-12-27 01:00:00,1,0.11005277,0.8431933,0.99981624,0.9994079,0.8814733874604918,0.930972701604312,0.9995784,1,1,1,1,1,1
2014-12-27 01:30:00,1,0.12343626,0.8188883,0.99981636,0.9994079,0.8814733874604918,0.9248964849066192,0.9995615,1,1,1,1,1,1
2014-12-27 02:00:00,1,0.12631018,0.78240955,0.9998166,0.9994079,0.8814733874604918,0.9157768550466948,0.9995423,1,1,1,1,1,1
2014-12-27 02:30:00,1,0.123940915,0.773324,0.9998167,0.9994079,0.8814733874604918,0.9135055008482392,0.9995211,1,1,1,1,1,1
2014-12-27 03:00:00,1,0.12173735,0.761791,0.99981683,0.9994079,0.8814733874604918,0.9106222751688416,0.99949837,1,1,1,1,1,1
2014-12-27 03:30:00,1,0.112455815,0.73231804,0.9998171,0.9994079,0.8814733874604918,0.9032540979933196,0.9994733,1,1,1,1,1,1
2014-12-27 04:00:00,1,0.123200774,0.68673885,0.99981767,0.9994079,0.8814733874604918,0.8918594482492859,0.99944454,1,1,1,1,1,1
2014-12-27 04:30:00,1,0.11069277,0.6819389,0.99981874,0.9994079,0.8814733874604918,0.8906597259592468,0.99941283,1,1,1,1,1,1
2014-12-27 05:00:00,1,0.1135643,0.6530688,0.99982005,0.9994079,0.8814733874604918,0.883442527348941,0.9993778,1,1,1,1,1,1
2014-12-27 05:30:00,1,0.122475296,0.6547959,0.99982125,0.9994079,0.8814733874604918,0.8838746014189178,0.99934024,1,1,1,1,1,1
2014-12-27 06:00:00,1,0.1197791,0.687443,0.99982184,0.9994079,0.8814733874604918,0.8920365336489136,0.99930316,1,1,1,1,1,1
2014-12-27 06:30:00,1,0.113326706,0.75535476,0.99982184,0.9994079,0.8814733874604918,0.9090144696783478,0.99927014,1,1,1,1,1,1
2014-12-27 07:00:00,1,0.12005206,0.7691152,0.9998215,0.9994079,0.8814733874604918,0.9124544921469148,0.99924093,1,1,1,1,1,1
2014-12-27 07:30:00,1,0.11562029,0.7503735,0.999821,0.9994079,0.8814733874604918,0.9077689412187988,0.99921423,1,1,1,1,1,1
2014-12-27 08:00:00,1,0.105604485,0.72354114,0.9998204,0.9994079,0.8814733874604918,0.90106070667023,0.9991891,1,1,1,1,1,1
2014-12-27 08:30:00,1,0.12614429,0.6982746,0.9998197,0.9994079,0.8814733874604918,0.8947438958239013,0.99916416,1,1,1,1,1,1
2014-12-27 09:00:00,1,0.12293862,0.73219264,0.9998191,0.9994079,0.8814733874604918,0.9032232525896484,0.9991413,1,1,1,1,1,1
2014-12-27 09:30:00,1,0.12637907,0.7027458,0.9998186,0.9994079,0.8814733874604918,0.8958614233087951,0.99911946,1,1,1,1,1,1
2014-12-27 10:00:00,1,0.122315936,0.6863272,0.9998184,0.9994079,0.8814733874604918,0.8917567196440155,0.99909884,1,1,1,1,1,1
2014-12-27 10:30:00,1,0.10416677,0.66226304,0.9998185,0.9994079,0.8814733874604918,0.8857407036375458,0.99907845,1,1,1,1,1,1
2014-12-27 11:00:00,1,0.10425097,0.6588987,0.999819,0.9994079,0.8814733874604918,0.8848997417044098,0.99905896,1,1,1,1,1,1
2014-12-27 11:30:00,1,0.104842976,0.64029944,0.99981993,0.9994079,0.8814733874604918,0.8802501621794159,0.99903923,1,1,1,1,1,1
2014-12-27 12:00:00,1,0.09561119,0.6220306,0.99982136,0.9994079,0.8814733874604918,0.8756833139013702,0.99901634,1,1,1,1,1,1
2014-12-27 12:30:00,1,0.09415886,0.607062,0.9998227,0.9994079,0.8814733874604918,0.8719414833139831,0.9989869,1,1,1,1,1,1
2014-12-27 13:00:00,1,0.08389674,0.5951376,0.99982387,0.9994079,0.8814733874604918,0.8689606848310882,0.9989503,1,1,1,1,1,1
2014-12-27 13:30:00,1,0.08618518,0.583189,0.9998242,0.9994079,0.8814733874604918,0.8659736278604919,0.9989074,1,1,1,1,1,1
2014-12-27 14:00:00,1,0.08793025,0.57380486,0.99982363,0.9994079,0.8814733874604918,0.8636274400305206,0.9988591,1,1,1,1,1,1
2014-12-27 14:30:00,1,0.08424912,0.5669948,0.9998227,0.9994079,0.8814733874604918,0.8619246843408996,0.99880594,1,1,1,1,1,1
2014-12-27 15:00:00,1,0.08405699,0.56245494,0.9998223,0.9994079,0.8814733874604918,0.8607896330904419,0.9987455,1,1,1,1,1,1
2014-12-27 15:30:00,1,0.08648306,0.5603502,0.99982256,0.9994079,0.8814733874604918,0.8602635028910095,0.9986798,1,1,1,1,1,1
2014-12-27 16:00:00,1,0.09062657,0.55992436,0.9998227,0.9994079,0.8814733874604918,0.860157078797763,0.99860924,1,1,1,1,1,1
2014-12-27 16:30:00,1,0.09806698,0.56049263,0.9998222,0.9994079,0.8814733874604918,0.8602990272592956,0.9985349,1,1,1,1,1,1
2014-12-27 17:00:00,1,0.0891024,0.5620401,0.9998209,0.9994079,0.8814733874604918,0.860685563380664,0.99845797,1,1,1,1,1,1
2014-12-27 17:30:00,1,0.08389237,0.5598812,0.9998191,0.9994079,0.8814733874604918,0.8601453962873871,0.9983795,1,1,1,1,1,1
2014-12-27 18:00:00,1,0.083963625,0.57272875,0.9998178,0.9994079,0.8814733874604918,0.8633569541525299,0.9983022,1,1,1,1,1,1
2014-12-27 18:30:00,1,0.08439226,0.54098845,0.99981767,0.9994079,0.8814733874604918,0.8554218473982269,0.9982205,1,1,1,1,1,1
2014-12-27 19:00:00,0,0.08471441,0.53116,0.9998198,0.9994079,0.811978725921396,0.8355916063813575,0.998132,1,1,1,0,1,1
2014-12-27 19:30:00,0,0.08598632,0.5365732,0.9998248,0.9994079,0.811978725921396,0.8369461517362007,0.9980385,1,1,1,0,1,1
2014-12-27 20:00:00,0,0.08815821,0.51845324,0.9998324,0.9994079,0.811978725921396,0.8324180613784202,0.9979363,1,1,1,0,1,1
2014-12-27 20:30:00,0,0.09126508,0.52342224,0.99984205,0.9994079,0.811978725921396,0.8336627255706199,0.9978276,1,1,1,0,1,1
2014-12-27 21:00:00,0,0.08928914,0.50440896,0.99984837,0.9994079,0.811978725921396,0.828910983684481,0.9977083,1,1,1,0,1,1
2014-12-27 21:30:00,0,0.08335136,0.48043227,0.9998307,0.9994079,0.811978725921396,0.8229124020366081,0.9975684,1,1,1,0,1,1
2014-12-27 22:00:00,0,0.082784444,0.45746386,0.999676,0.9994079,0.811978725921396,0.8171316157607444,0.9973955,1,1,1,0,1,1
2014-12-27 22:30:00,0,0.08404494,0.4458263,0.9995592,0.9994079,0.811978725921396,0.8141930322675117,0.99717665,1,1,1,0,1,1
2014-12-27 23:00:00,0,0.08455281,0.42186582,0.9997347,0.9994079,0.811978725921396,0.8082467834977516,0.9968863,1,1,1,0,1,1
2014-12-27 23:30:00,0,0.08473784,0.39280975,0.99984217,0.9994079,0.811978725921396,0.8010096322326072,0.9964834,1,1,1,0,1,1
2014-12-28 00:00:00,0,0.08811214,0.37857223,0.9998274,0.9994079,0.811978725921396,0.7974465559749015,0.9959243,1,1,1,0,1,1
2014-12-28 00:30:00,0,0.08871227,0.36574566,0.9996737,0.999328,0.811978725921396,0.7941815327433952,0.99514717,1,1,1,0,1,1
2014-12-28 01:00:00,0,0.10086143,0.33794594,0.9991197,0.99897027,0.811978725921396,0.78700365829748,0.99400073,1,1,1,0,1,1
2014-12-28 01:30:00,0,0.1052366,0.32094646,0.9981957,0.9960716,0.811978725921396,0.7817981164483436,0.99222493,1,0,0,0,1,1
2014-12-28 02:00:00,0,0.10997158,0.30467427,0.9979395,0.9899845,0.811978725921396,0.7761442582635292,0.98930454,1,0,0,0,0,1
2014-12-28 02:30:00,0,0.11309468,0.2899772,0.9979425,0.9852652,0.811978725921396,0.7712909053592094,0.9840427,1,0,0,0,0,1
2014-12-28 03:00:00,0,0.12303632,0.28220236,0.9979467,0.9852652,0.825943762421093,0.7728395000992918,0.9737635,1,0,0,0,0,1
2014-12-28 03:30:00,0,0.12096887,0.27757978,0.9979534,0.9852652,0.825943762421093,0.771685539275279,0.9531743,1,0,0,0,0,1
2014-12-28 04:00:00,0,0.12192604,0.27388597,0.99796283,0.9852652,0.825943762421093,0.7707644388972426,0.9145891,1,0,0,0,0,0
2014-12-28 04:30:00,0,0.11495175,0.27145743,0.99797267,0.9852652,0.825943762421093,0.7701597646771574,0.85573465,1,0,0,0,0,0
2014-12-28 05:00:00,0,0.11731384,0.2690189,0.99798065,0.9852652,0.825943762421093,0.7695521251259947,0.78388005,1,0,0,0,0,0
2014-12-28 05:30:00,0,0.11995541,0.26711476,0.9979851,0.9852652,0.825943762421093,0.7690772102175856,0.70605826,1,0,0,0,0,0
2014-12-28 06:00:00,0,0.11284723,0.2648828,0.99798584,0.9852652,0.825943762421093,0.7685194001494551,0.62585294,1,0,0,0,0,0
2014-12-28 06:30:00,0,0.12006431,0.2625922,0.9979831,0.9852652,0.825943762421093,0.7679460630713606,0.54487926,1,0,0,0,0,0
2014-12-28 07:00:00,0,0.118713275,0.25946367,0.99797815,0.9852652,0.825943762421093,0.7671626941262388,0.4639219,1,0,0,0,0,0
2014-12-28 07:30:00,0,0.10925565,0.25666702,0.9979721,0.9852652,0.825943762421093,0.7664620117245817,0.38349393,1,0,0,0,0,0
2014-12-28 08:00:00,0,0.11499705,0.25087917,0.99796665,0.9852652,0.825943762421093,0.7650136933623457,0.30423036,0,0,0,0,0,0
2014-12-28 08:30:00,0,0.10899685,0.24536848,0.9979626,0.9852652,0.825943762421093,0.7636350081263685,0.22741358,0,0,0,0,0,0
2014-12-28 09:00:00,0,0.12125273,0.24205828,0.9979609,0.9852652,0.825943762421093,0.7628070400057936,0.15583745,0,0,0,0,0,0
2014-12-28 09:30:00,0,0.12384656,0.23843086,0.9979625,0.9852652,0.825943762421093,0.7619005725680494,0.09495762,0,0,0,0,0,0
2014-12-28 10:00:00,0,0.115056634,0.23522007,0.99796754,0.9852652,0.825943762421093,0.7610991434155607,0.052725364,0,0,0,0,0,0
2014-12-28 10:30:00,0,0.104108974,0.23381257,0.99797577,0.9852652,0.825943762421093,0.760749323755374,0.031914044,0,0,0,0,0,0
2014-12-28 11:00:00,0,0.10321836,0.23349917,0.997985,0.9852652,0.825943762421093,0.7606732831298018,0.026295632,0,0,0,0,0,0
2014-12-28 11:30:00,0,0.10242749,0.23475945,0.99799144,0.9852652,0.825943762421093,0.7609899626074934,0.030997759,0,0,0,0,0,0
2014-12-28 12:00:00,0,0.09990537,0.23618603,0.9979905,0.9852652,0.825943762421093,0.7613463685809279,0.04683597,0,0,0,0,0,0
2014-12-28 12:30:00,0,0.089041024,0.23696125,0.9979777,0.9852652,0.825943762421093,0.7615369693337584,0.079360224,0,0,0,0,0,0
2014-12-28 13:00:00,0,0.08996548,0.23930836,0.9979494,0.9852652,0.825943762421093,0.7621166841088438,0.13275255,0,0,0,0,0,0
2014-12-28 13:30:00,0,0.09754874,0.2436639,0.99790466,0.9852652,0.825943762421093,0.7631943807898665,0.20170307,0,0,0,0,0,0
2014-12-28 14:00:00,0,0.095803864,0.24482965,0.9978484,0.9852652,0.825943762421093,0.7634717510043287,0.277717,0,0,0,0,0,0
2014-12-28 14:30:00,0,0.087820455,0.24671876,0.99779034,0.9852652,0.825943762421093,0.7639295146762037,0.35640034,0,0,0,0,0,0
2014-12-28 15:00:00,0,0.08986915,0.24728537,0.997743,0.9852652,0.825943762421093,0.7640593335925245,0.4360405,0,0,0,0,0,0
2014-12-28 15:30:00,0,0.08607498,0.2473737,0.9977068,0.9852652,0.825943762421093,0.764072357207408,0.51586753,0,0,0,0,0,0
2014-12-28 16:00:00,0,0.087606214,0.24730337,0.9976808,0.9852652,0.825943762421093,0.7640482769309187,0.59535474,0,0,0,0,0,0
2014-12-28 16:30:00,0,0.0914036,0.2446847,0.9976695,0.9852652,0.825943762421093,0.7633907929955626,0.67386556,0,0,0,0,0,0
2014-12-28 17:00:00,0,0.089130916,0.240677,0.9976839,0.9852652,0.825943762421093,0.7623924598990584,0.7502844,0,0,0,0,0,0
2014-12-28 17:30:00,0,0.08858509,0.24192882,0.9977323,0.9852652,0.825943762421093,0.7627175138293409,0.8224213,0,0,0,0,0,0
2014-12-28 18:00:00,0,0.08676187,0.24346602,0.99781114,0.9852652,0.825943762421093,0.7631215290127897,0.88585824,0,0,0,0,0,0
2014-12-28 18:30:00,0,0.08678478,0.25497365,0.99790144,0.9852652,0.825943762421093,0.7660210118590498,0.9334712,0,0,0,0,0,1
2014-12-28 19:00:00,0,0.0873696,0.2592603,0.99797696,0.9852652,0.825943762421093,0.7671115533410215,0.9603877,1,0,0,0,0,1
2014-12-28 19:30:00,0,0.09062918,0.26085055,0.9980215,0.9852652,0.825943762421093,0.7675202474890852,0.9715732,1,0,0,0,0,1
2014-12-28 20:00:00,0,0.097051755,0.2606753,0.9980111,0.9852652,0.825943762421093,0.7674738452731276,0.97525424,1,0,0,0,0,1
2014-12-28 20:30:00,0,0.10472905,0.25769746,0.99795485,0.9852652,0.825943762421093,0.7667153165637159,0.97547597,1,0,0,0,0,1
2014-12-28 21:00:00,0,0.098888494,0.2532475,0.99787116,0.9852652,0.825943762421093,0.7655819044409895,0.97344726,0,0,0,0,0,1
2014-12-28 21:30:00,0,0.10330487,0.24827623,0.997951,0.9852652,0.825943762421093,0.7643590406476164,0.9691279,0,0,0,0,0,1
2014-12-28 22:00:00,0,0.103427105,0.24203074,0.99792385,0.9852652,0.825943762421093,0.7627908871470594,0.9615385,0,0,0,0,0,1
2014-12-28 22:30:00,0,0.10427724,0.23767471,0.99736613,0.9852652,0.825943762421093,0.7615624503193998,0.9486952,0,0,0,0,0,1
2014-12-28 23:00:00,0,0.11084793,0.2145021,0.9954595,0.9852652,0.825943762421093,0.7552926377354765,0.9269536,0,0,0,0,0,0
2014-12-28 23:30:00,0,0.119023055,0.19135976,0.987587,0.9926595,0.825943762421093,0.7493875012694502,0.8908307,0,0,0,0,0,0
2014-12-29 00:00:00,0,0.12399058,0.1652,0.99064004,0.9926595,0.825943762421093,0.743610827714076,0.836512,0,0,0,0,0,0
2014-12-29 00:30:00,0,0.11027141,0.13931358,0.99003696,0.9926595,0.825943762421093,0.7369884536563063,0.7680474,0,0,0,0,0,0
2014-12-29 01:00:00,0,0.11759567,0.107437134,0.9872246,0.9926595,0.825943762421093,0.7283162460623884,0.69232965,0,0,0,0,0,0
2014-12-29 01:30:00,0,0.10436701,0.0844655,0.98075783,0.9926595,0.825943762421093,0.7209566519557142,0.6137934,0,0,0,0,0,0
2014-12-29 02:00:00,0,0.11255666,0.069141865,0.9441234,0.9926595,0.8836717886748611,0.7223991374925449,0.5344704,0,0,0,1,0,0
2014-12-29 02:30:00,0,0.114130884,0.05718851,0.86945915,0.9926595,0.8836717886748611,0.7007447402433231,0.4553297,0,0,0,1,0,0
2014-12-29 03:00:00,0,0.115060806,0.049127698,0.86930484,0.9926595,0.8836717886748611,0.6986909578994587,0.37704158,0,0,0,1,0,0
2014-12-29 03:30:00,0,0.13142076,0.046759367,0.86901295,0.9926595,0.8836717886748611,0.6980259041742161,0.30038384,0,0,0,1,0,0
2014-12-29 04:00:00,0,0.12207192,0.04286492,0.8685862,0.9926595,0.8836717886748611,0.6969455997899845,0.22666432,0,0,0,1,0,0
2014-12-29 04:30:00,0,0.14000136,0.037498355,0.8680881,0.9926595,0.8836717886748611,0.6954794447377994,0.15804376,0,0,0,1,0,0
2014-12-29 05:00:00,0,0.12922901,0.03770852,0.8675476,0.9926595,0.8836717886748611,0.6953968476013019,0.09828478,0,0,0,1,0,0
2014-12-29 05:30:00,0,0.11415141,0.039628863,0.86687946,0.9926595,0.8836717886748611,0.6957099060968235,0.052955452,0,0,0,1,0,0
2014-12-29 06:00:00,0,0.110944495,0.0437634,0.8711175,0.9926595,0.8836717886748611,0.6978030424074009,0.025944807,0,0,0,1,0,0
2014-12-29 06:30:00,0,0.115289465,0.050495386,0.9378131,0.9926595,0.8836717886748611,0.7161599467948749,0.01324484,0,0,0,1,0,0
2014-12-29 07:00:00,0,0.111259654,0.06027639,0.9679643,0.9926595,0.8836717886748611,0.7261429946378544,0.008040766,0,0,0,1,0,0
2014-12-29 07:30:00,0,0.12539095,0.071329236,0.977394,0.9926595,0.8836717886748611,0.7312636296705082,0.006012363,0,0,0,1,0,0
2014-12-29 08:00:00,0,0.12540814,0.0893594,0.9867894,0.9926595,0.8836717886748611,0.7381200264648273,0.005324146,0,0,0,1,0,0
2014-12-29 08:30:00,0,0.1038617,0.1018635,0.9867906,0.9926595,0.8836717886748611,0.7412463496879413,0.005334372,0,0,0,1,0,0
2014-12-29 09:00:00,0,0.1094502,0.11686587,0.98679197,0.9926595,0.8836717886748611,0.7449972848848179,0.0058893156,0,0,0,1,0,0
2014-12-29 09:30:00,0,0.10437359,0.13057935,0.9867932,0.9926595,0.8836717886748611,0.7484259675697162,0.007131152,0,0,0,1,0,0
2014-12-29 10:00:00,0,0.099457905,0.13908935,0.98679405,0.9926595,0.8836717886748611,0.7505536745742634,0.009605515,0,0,0,1,0,0
2014-12-29 10:30:00,0,0.09974198,0.14851534,0.98679453,0.9926595,0.8836717886748611,0.7529102932170704,0.014908321,0,0,0,1,0,0
2014-12-29 11:00:00,0,0.10263741,0.15501606,0.98679465,0.9926595,0.8836717886748611,0.7545355032638386,0.029022569,0,0,0,1,0,0
2014-12-29 11:30:00,0,0.093299225,0.16147757,0.98679465,0.9926595,0.8836717886748611,0.7561508785442188,0.077570036,0,0,0,1,0,0
2014-12-29 12:00:00,0,0.08903401,0.16628456,0.9867951,0.9926595,0.8836717886748611,0.7573527466014698,0.14100742,0,0,0,1,0,0
2014-12-29 12:30:00,0,0.08688053,0.17173398,0.98679626,0.9926595,0.8836717886748611,0.7587153832868412,0.2098868,0,0,0,1,0,0
2014-12-29 13:00:00,0,0.089042135,0.17775178,0.98679847,0.9926595,0.8836717886748611,0.7602203856662586,0.2810537,0,0,0,1,0,0
2014-12-29 13:30:00,0,0.0856763,0.1819855,0.98680204,0.9926595,0.8836717886748611,0.7612797092155292,0.35269228,0,0,0,1,0,0
2014-12-29 14:00:00,0,0.08523106,0.19221354,0.9868069,0.9926595,0.8836717886748611,0.763837940569289,0.42379686,0,0,0,1,0,0
2014-12-29 14:30:00,0,0.08450661,0.20148575,0.9868122,0.9926595,0.8836717886748611,0.7661573063091114,0.49355373,0,0,0,1,0,0
2014-12-29 15:00:00,0,0.08378373,0.21125162,0.9868151,0.9926595,0.8836717886748611,0.7685995023206547,0.5610948,0,0,0,1,0,0
2014-12-29 15:30:00,0,0.08360252,0.22702575,0.98681355,0.9926595,0.8836717886748611,0.7725426475957706,0.6254979,0,0,0,1,0,0
2014-12-29 16:00:00,0,0.08699569,0.23964024,0.9868075,0.9926595,0.8836717886748611,0.7756947647289112,0.6854227,0,0,0,1,0,0
2014-12-29 16:30:00,0,0.09300297,0.2477504,0.9868008,0.9926595,0.8836717886748611,0.7777206222966984,0.73822314,0,0,0,1,1,0
2014-12-29 17:00:00,0,0.08452465,0.25765336,0.9867994,0.9926595,0.8836717886748611,0.7801960180953815,0.77658325,1,0,0,1,1,0
2014-12-29 17:30:00,0,0.08319697,0.25937796,0.9868103,0.9926595,0.8836717886748611,0.7806298952058628,0.77290183,1,0,0,1,1,0
2014-12-29 18:00:00,0,0.09864976,0.25101006,0.98683965,0.9926595,0.8836717886748611,0.7785452525571659,0.7441291,0,0,0,1,1,0
2014-12-29 18:30:00,0,0.09887207,0.24238193,0.98688865,0.9926595,0.8836717886748611,0.7764004688218906,0.6983338,0,0,0,1,0,0
2014-12-29 19:00:00,0,0.09447823,0.23492408,0.98694336,0.9926595,0.8836717886748611,0.77454968499697,0.64020115,0,0,0,1,0,0
2014-12-29 19:30:00,0,0.08851628,0.2370919,0.98697764,0.9926595,0.8836717886748611,0.7751002083972767,0.5751321,0,0,0,1,0,0
2014-12-29 20:00:00,0,0.082973495,0.24228692,0.9869855,0.9926595,0.8836717886748611,0.7764009307578876,0.507199,0,0,0,1,0,0
2014-12-29 20:30:00,0,0.08507088,0.25305462,0.99168867,0.9926595,0.8836717886748611,0.7802686463550403,0.43894967,0,0,0,1,1,0
2014-12-29 21:00:00,0,0.08474768,0.25216806,0.98692745,0.9926595,0.8957883279505493,0.7818858365462006,0.3719505,0,0,0,1,1,0
2014-12-29 21:30:00,1,0.084954806,0.25358212,0.9884792,0.9926595,0.8957883279505493,0.7826272885248841,0.30729148,0,0,0,1,1,0
2014-12-29 22:00:00,1,0.08714756,0.25893652,0.9949516,0.9926595,0.8957883279505493,0.7855839918301285,0.24603216,1,0,0,1,1,0
2014-12-29 22:30:00,1,0.09097359,0.26521754,0.99807054,0.9926595,0.8957883279505493,0.7879339794562042,0.18962325,1,0,0,1,1,0
2014-12-29 23:00:00,1,0.098403364,0.27319932,0.9983271,0.9926595,0.8957883279505493,0.7899935583517731,0.14026754,1,1,0,1,1,0
2014-12-29 23:30:00,1,0.107596986,0.2809131,0.9874408,0.9813818,0.8957883279505493,0.7863810102389038,0.102429874,1,0,0,1,1,0
2014-12-30 00:00:00,1,0.11247508,0.28279316,0.98724395,0.9813818,0.8957883279505493,0.7868018041298569,0.08594646,1,0,0,1,1,0
2014-12-30 00:30:00,1,0.12470841,0.28001404,0.9870235,0.9813818,0.8957883279505493,0.7860519031927765,0.10560801,1,0,0,1,1,0
2014-12-30 01:00:00,1,0.114148244,0.2764722,0.98683107,0.9813818,0.8957883279505493,0.785118345443982,0.15822686,1,0,0,1,1,0
2014-12-30 01:30:00,1,0.12071232,0.27347243,0.9866948,0.9813818,0.8957883279505493,0.7843343357489289,0.22699066,1,0,0,1,1,0
2014-12-30 02:00:00,1,0.11403082,0.2726642,0.986661,0.9813818,0.8957883279505493,0.7841238270447434,0.30240127,1,0,0,1,1,0
2014-12-30 02:30:00,1,0.116705835,0.27589905,0.9867464,0.9813818,0.8957883279505493,0.7849538813278855,0.3806415,1,0,0,1,1,0
2014-12-30 03:00:00,1,0.12081798,0.27602732,0.98699445,0.9813818,0.8957883279505493,0.7850479672596634,0.46020827,1,0,0,1,1,0
2014-12-30 03:30:00,1,0.11967604,0.2762897,0.9873269,0.9813818,0.8957883279505493,0.785196680848378,0.54042155,1,0,0,1,1,0
2014-12-30 04:00:00,1,0.11991714,0.27706122,0.9876857,0.9813818,0.8957883279505493,0.785479251568097,0.62077415,1,0,0,1,1,0
2014-12-30 04:30:00,1,0.119780056,0.27672863,0.98859197,0.9813818,0.8957883279505493,0.7856226752445877,0.70068264,1,0,0,1,1,0
2014-12-30 05:00:00,1,0.13251415,0.276394,0.9892163,0.9813818,0.8957883279505493,0.785695109789151,0.77912134,1,0,0,1,1,0
2014-12-30 05:30:00,1,0.11941992,0.27552128,0.98922545,0.9813818,0.8957883279505493,0.7854792068646134,0.8531181,1,0,0,1,1,0
2014-12-30 06:00:00,1,0.109677255,0.2735622,0.9885589,0.9813818,0.8957883279505493,0.7848227958128632,0.9105387,1,0,0,1,1,0
2014-12-30 06:30:00,1,0.112134926,0.26926517,0.9880697,0.9813818,0.8957883279505493,0.7836262474701584,0.8966771,1,0,0,1,1,0
2014-12-30 07:00:00,1,0.109860756,0.27384388,0.99069744,0.9913634,0.8957883279505493,0.7879232655213059,0.83845353,1,0,0,1,1,0
2014-12-30 07:30:00,1,0.12053917,0.28655827,0.99729675,0.9957074,0.8957883279505493,0.7938376854107559,0.7669949,1,0,0,1,1,0
2014-12-30 08:00:00,1,0.12292465,0.3029679,0.9972958,0.9957074,0.8957883279505493,0.7979398558781327,0.6911721,1,0,0,1,1,0
2014-12-30 08:30:00,1,0.103821926,0.3096956,0.9972947,0.9957074,0.8957883279505493,0.7996215115235031,0.6133516,1,0,0,1,1,0
2014-12-30 09:00:00,1,0.09970029,0.3111483,0.9972938,0.9957074,0.8957883279505493,0.7999844442055405,0.5343592,1,0,0,1,1,0
2014-12-30 09:30:00,1,0.104632325,0.3032484,0.99729306,0.9957074,0.8957883279505493,0.798009295289296,0.45462132,1,0,0,1,1,0
2014-12-30 10:00:00,1,0.102112494,0.30627525,0.9972927,0.9957074,0.8957883279505493,0.7987659166500748,0.37460718,1,0,0,1,1,0
2014-12-30 10:30:00,1,0.08913446,0.3042549,0.9972926,0.9957074,0.8957883279505493,0.7982607970879257,0.29483962,1,0,0,1,1,0
2014-12-30 11:00:00,1,0.08888484,0.302871,0.9972928,0.9957074,0.8957883279505493,0.7979148815319718,0.2159723,1,0,0,1,1,0
2014-12-30 11:30:00,1,0.08383303,0.30235124,0.99729353,0.9957074,0.8957883279505493,0.7977851222202957,0.1390443,1,0,0,1,1,0
2014-12-30 12:00:00,1,0.08318416,0.3015716,0.9972947,0.9957074,0.8957883279505493,0.7975905130551041,0.069442324,1,0,0,1,1,0
2014-12-30 12:30:00,1,0.08373715,0.30050457,0.9972963,0.9957074,0.8957883279505493,0.7973241398976029,0.049216595,1,0,0,1,1,0
2014-12-30 13:00:00,1,0.091998026,0.3042873,0.9972983,0.9957074,0.8957883279505493,0.7982703338310898,0.05463758,1,0,0,1,1,0
2014-12-30 13:30:00,1,0.09085807,0.3042066,0.9973008,0.9957074,0.8957883279505493,0.7982507835076035,0.06953588,1,0,0,1,1,0
2014-12-30 14:00:00,1,0.08901519,0.30287254,0.99730337,0.9957074,0.8957883279505493,0.7979179064676941,0.092754155,1,0,0,1,1,0
2014-12-30 14:30:00,1,0.08697331,0.2995336,0.99730575,0.9957074,0.8957883279505493,0.7970837692663849,0.12380439,1,0,0,1,1,0
2014-12-30 15:00:00,1,0.08942062,0.2982421,0.9973086,0.9957074,0.8957883279505493,0.7967616061613739,0.16125982,1,0,0,1,1,0
2014-12-30 15:30:00,1,0.08457365,0.29629636,0.9973131,0.9957074,0.8957883279505493,0.7962762902424515,0.20371574,1,0,0,1,1,0
2014-12-30 16:00:00,1,0.08719763,0.2946645,0.99732,0.9957074,0.8957883279505493,0.7958700547859848,0.25009942,1,0,0,1,1,0
2014-12-30 16:30:00,1,0.09662089,0.2921474,0.997329,0.9957074,0.8957883279505493,0.7952430288241089,0.29976264,1,0,0,1,1,0
2014-12-30 17:00:00,1,0.08441052,0.2887187,0.9973398,0.9957074,0.8957883279505493,0.7943885515377701,0.35266533,1,0,0,1,1,0
2014-12-30 17:30:00,1,0.09019863,0.28757453,0.9973521,0.9957074,0.8957883279505493,0.7941055933878601,0.4085785,1,0,0,1,1,0
2014-12-30 18:00:00,1,0.10451185,0.2872659,0.9973665,0.9957074,0.8957883279505493,0.7940320263550461,0.46585357,1,0,0,1,1,0
2014-12-30 18:30:00,1,0.10971266,0.28645325,0.9973834,0.9957074,0.8957883279505493,0.7938330958531082,0.52181053,1,0,0,1,1,0
2014-12-30 19:00:00,1,0.10512123,0.28785503,0.99740356,0.9957074,0.8957883279505493,0.7941885779545487,0.57329595,1,0,0,1,1,0
2014-12-30 19:30:00,1,0.10073742,0.28877604,0.9974273,0.9957074,0.8957883279505493,0.7944247613594712,0.6176334,1,0,0,1,1,0
2014-12-30 20:00:00,1,0.09533982,0.29392684,0.99745387,0.9957074,0.8957883279505493,0.7957191060230911,0.6532034,1,0,0,1,1,0
2014-12-30 20:30:00,1,0.089856856,0.29496598,0.9974757,0.9957074,0.8957883279505493,0.7959843466923416,0.6805274,1,0,0,1,1,0
2014-12-30 21:00:00,1,0.09638566,0.29824674,0.99749386,0.9957074,0.8412187953487748,0.7831666981104939,0.7014394,1,0,0,0,1,0
2014-12-30 21:30:00,1,0.09826149,0.30449283,0.9975078,0.9957074,0.8412187953487748,0.7847317074660389,0.71775204,1,0,0,0,1,0
2014-12-30 22:00:00,1,0.09252785,0.3065163,0.9975147,0.9957074,0.8412187953487748,0.7852393006209462,0.73058397,1,0,0,0,1,0
2014-12-30 22:30:00,1,0.08308646,0.31651616,0.9975069,0.9957074,0.8412187953487748,0.7877373163823216,0.7405507,1,0,0,0,1,0
2014-12-30 23:00:00,1,0.08481009,0.32042003,0.9974842,0.9957074,0.8412187953487748,0.788707605493459,0.74740165,1,0,0,0,1,0
2014-12-30 23:30:00,1,0.09051315,0.3188237,0.9974492,0.9957074,0.8412187953487748,0.7882997756127446,0.751024,1,0,0,0,1,0
2014-12-31 00:00:00,1,0.10286348,0.31624913,0.99744296,0.9957074,0.8412187953487748,0.7876545702342121,0.75311905,1,0,0,0,1,0
2014-12-31 00:30:00,1,0.10328998,0.31694627,0.99744874,0.9957074,0.8412187953487748,0.7878302996281712,0.75614905,1,0,0,0,1,0
2014-12-31 01:00:00,1,0.12116456,0.31817162,0.99745816,0.9957074,0.8412187953487748,0.7881389920834629,0.76189655,1,0,0,0,1,0
2014-12-31 01:30:00,1,0.12274357,0.31901658,0.9974613,0.9957074,0.8412187953487748,0.7883510207060902,0.77107877,1,0,0,0,1,0
2014-12-31 02:00:00,1,0.10900066,0.32243025,0.99745816,0.9957074,0.8412187953487748,0.789203650248441,0.7836903,1,0,0,0,1,0
2014-12-31 02:30:00,1,0.119948655,0.3245721,0.99746007,0.9957074,0.8412187953487748,0.7897395854119389,0.7990574,1,0,0,0,1,0
2014-12-31 03:00:00,1,0.10934674,0.32621884,0.9974694,0.9957074,0.8412187953487748,0.79015361417571,0.81630355,1,0,0,0,1,0
2014-12-31 03:30:00,1,0.11680153,0.32689154,0.9974559,0.9957074,0.8412187953487748,0.7903184061173527,0.834529,1,0,0,0,1,0
2014-12-31 04:00:00,1,0.110382274,0.3290881,0.9974509,0.9957074,0.8412187953487748,0.7908662920121281,0.8531553,1,0,0,0,1,0
2014-12-31 04:30:00,1,0.11161279,0.32906687,0.9973015,0.9957074,0.8412187953487748,0.7908236448887913,0.8716299,1,0,0,0,1,0
2014-12-31 05:00:00,1,0.12102731,0.3287387,0.99723035,0.9957074,0.8412187953487748,0.7907238071087925,0.8895633,1,0,0,0,1,0
2014-12-31 05:30:00,1,0.112297475,0.32766306,0.9971806,0.9957074,0.8412187953487748,0.7904424582842915,0.90661293,1,0,0,0,1,0
2014-12-31 06:00:00,1,0.11216773,0.3270719,0.99704593,0.9957074,0.8412187953487748,0.790261006844434,0.9221206,1,0,0,0,1,0
2014-12-31 06:30:00,1,0.12128066,0.33051622,0.99748117,0.9957074,0.8412187953487748,0.7912308936242192,0.93544644,1,0,0,0,1,1
2014-12-31 07:00:00,1,0.11832384,0.34426498,0.99775785,0.9957074,0.8412187953487748,0.7947372560624211,0.9463636,1,0,0,0,1,1
2014-12-31 07:30:00,1,0.12257347,0.3657428,0.9989957,0.99829954,0.8412187953487748,0.8010642145995228,0.95507884,1,1,1,0,1,1
2014-12-31 08:00:00,1,0.12551907,0.39677727,0.99908555,0.99829954,0.8412187953487748,0.808845288050565,0.9619482,1,1,1,0,1,1
2014-12-31 08:30:00,1,0.10296821,0.43106973,0.9990827,0.99829954,0.8317043002910691,0.81503906390238,0.9673373,1,1,1,0,1,1
2014-12-31 09:00:00,1,0.1023496,0.4715227,0.9990802,0.99829954,0.8317043002910691,0.82515167734194,0.9716291,1,1,1,0,1,1
2014-12-31 09:30:00,1,0.110086,0.50620437,0.99907804,0.99829954,0.8317043002910691,0.8338215603547116,0.97513217,1,1,1,0,1,1
2014-12-31 10:00:00,1,0.10323325,0.5201086,0.99907637,0.99829954,0.8317043002910691,0.8372971965985317,0.978038,1,1,1,0,1,1
2014-12-31 10:30:00,1,0.100330696,0.5343332,0.99907506,0.99829954,0.8317043002910691,0.8408530308918972,0.98051137,1,1,1,0,1,1
2014-12-31 11:00:00,1,0.09445977,0.53801644,0.9990742,0.99829954,0.8317043002910691,0.8417736246304531,0.9826663,1,1,1,0,1,1
2014-12-31 11:30:00,1,0.08426684,0.5364802,0.99907386,0.99829954,0.8317043002910691,0.8413894726948757,0.9845853,1,1,1,0,1,1
2014-12-31 12:00:00,1,0.08632548,0.53277385,0.999074,0.99829954,0.8317043002910691,0.8404629184918423,0.9863405,1,1,1,0,1,1
2014-12-31 12:30:00,1,0.08465617,0.5317553,0.99907446,0.99829954,0.8317043002910691,0.8402084066586514,0.9880046,1,1,1,0,1,1
2014-12-31 13:00:00,1,0.083327,0.52817595,0.99907553,0.99829954,0.8317043002910691,0.8393138303475399,0.9896138,1,1,1,0,1,1
2014-12-31 13:30:00,1,0.08334003,0.52677953,0.9990767,0.99829954,0.8317043002910691,0.8389650239663143,0.9911609,1,1,1,0,1,1
2014-12-31 14:00:00,1,0.08639348,0.5276902,0.9990779,0.99829954,0.8317043002910691,0.8391929819302578,0.99258655,1,1,1,0,1,1
2014-12-31 14:30:00,1,0.08786418,0.5306698,0.99907815,0.99829954,0.8317043002910691,0.839937950582983,0.9938154,1,1,1,0,1,1
2014-12-31 15:00:00,1,0.08963763,0.5348648,0.9990778,0.99829954,0.8317043002910691,0.8409866049008389,0.9947872,1,1,1,0,1,1
2014-12-31 15:30:00,1,0.08368155,0.53966033,0.9990779,0.99829954,0.8317043002910691,0.8421855225281735,0.9955082,1,1,1,0,1,1
2014-12-31 16:00:00,1,0.0842482,0.54707086,0.999079,0.99829954,0.8317043002910691,0.8440384223179836,0.99603826,1,1,1,0,1,1
2014-12-31 16:30:00,1,0.0882675,0.5546311,0.9990809,0.99829954,0.8317043002910691,0.8459289624409695,0.99642944,1,1,1,0,1,1
2014-12-31 17:00:00,1,0.08397695,0.56205606,0.99908364,0.99829954,0.8317043002910691,0.847785885544302,0.9967267,1,1,1,0,1,1
2014-12-31 17:30:00,1,0.08743668,0.56094265,0.99908733,0.99829954,0.8317043002910691,0.847508455725195,0.99696106,1,1,1,0,1,1
2014-12-31 18:00:00,1,0.09595801,0.5623666,0.9990921,0.99829954,0.8317043002910691,0.8478656365590115,0.99715215,1,1,1,0,1,1
2014-12-31 18:30:00,1,0.103733204,0.5682913,0.9990978,0.99829954,0.8317043002910691,0.8493482424931545,0.997312,1,1,1,0,1,1
2014-12-31 19:00:00,1,0.110259235,0.5732001,0.99910456,0.99829954,0.8317043002910691,0.85057712635565,0.99744767,1,1,1,0,1,1
2014-12-31 19:30:00,1,0.1144976,0.56987476,0.9991123,0.99829954,0.977727892645554,0.8862536258122217,0.99756044,1,1,1,1,1,1
2014-12-31 20:00:00,1,0.119655035,0.5577996,0.9991209,0.99829954,0.977727892645554,0.8832369751354944,0.99764633,1,1,1,1,1,1
2014-12-31 20:30:00,1,0.14648527,0.5563419,0.99912995,0.99829954,0.977727892645554,0.8828748173138391,0.99769884,1,1,1,1,1,1
2014-12-31 21:00:00,1,0.23122,0.57430375,0.99913836,0.99829954,0.977727892645554,0.8873673833033334,0.9977078,1,1,1,1,1,1
2014-12-31 21:30:00,1,0.1841097,0.58108294,0.9991443,0.99829954,0.977727892645554,0.8890636718889963,0.99764556,1,1,1,1,1,1
2014-12-31 22:00:00,1,0.118020475,0.575904,0.9991448,0.99829954,0.977727892645554,0.8877690590044748,0.99744636,1,1,1,1,1,1
2014-12-31 22:30:00,1,0.106433414,0.56366384,0.99913603,0.99829954,0.977727892645554,0.8847068256756555,0.99697465,1,1,1,1,1,1
2014-12-31 23:00:00,1,0.10197809,0.55975306,0.99911886,0.99829954,0.977727892645554,0.883724839152981,0.99610084,1,1,1,1,1,1
2014-12-31 23:30:00,1,0.100122906,0.6050303,0.99910057,0.99829954,0.999712009503804,0.9005356031840946,0.99495554,1,1,1,1,1,1
2015-01-01 00:00:00,1,0.111076474,0.6321558,0.999114,0.99829954,0.9999998512581486,0.9073922858316577,0.99383044,1,1,1,1,1,1
2015-01-01 00:30:00,1,0.34195924,0.88619745,0.9999989,0.999998,0.9999998512581486,0.9715485498983536,0.9932747,1,1,1,1,1,1
2015-01-01 01:00:00,1,0.36745298,1.1823573,0.9999999,0.9999999,0.9999998512581486,1.0455892310220871,0.9931683,1,1,1,1,1,1
2015-01-01 01:30:00,1,0.26273695,1.4245694,1.0,0.9999999,0.9999998512581486,1.1061422751028214,0.9932285,1,1,1,1,1,1
2015-01-01 02:00:00,1,0.13701479,1.6255591,0.9999999,0.9999999,0.9999998512581486,1.1563896761018906,0.9933513,1,1,1,1,1,1
2015-01-01 02:30:00,1,0.11829274,1.8288217,0.9999999,0.9999999,0.9999998512581486,1.207205317981926,0.9935128,1,1,1,1,1,1
2015-01-01 03:00:00,1,0.10633328,2.0015945,0.9999999,0.9999999,0.9999998512581486,1.25039853907415,0.9937122,1,1,1,1,1,1
2015-01-01 03:30:00,1,0.10479203,2.144059,0.9999999,0.9999999,0.9999998512581486,1.2860146389085922,0.9939721,1,1,1,1,1,1
2015-01-01 04:00:00,1,0.084775135,2.2515013,0.9999999,0.9999999,0.9999998512581486,1.312875233658043,0.99435616,1,1,1,1,1,1
2015-01-01 04:30:00,1,0.110175595,2.2910085,0.9999999,0.9999999,0.9999998512581486,1.322752021320549,0.99499995,1,1,1,1,1,1
2015-01-01 05:00:00,1,0.12100807,2.3066351,0.9999999,0.9999999,0.9999998512581486,1.3266586885530625,0.9960351,1,1,1,1,1,1
2015-01-01 05:30:00,1,0.11064,2.3152878,0.9999999,0.9999999,0.9999998512581486,1.328821860321251,0.99733496,1,1,1,1,1,1
2015-01-01 06:00:00,1,0.12079437,2.319226,0.9999999,0.9999999,0.9999998512581486,1.3298064098436508,0.99861115,1,1,1,1,1,1
2015-01-01 06:30:00,1,0.115669586,2.3162446,0.9999999,0.9999999,0.9999998512581486,1.3290610537607346,0.9993169,1,1,1,1,1,1
2015-01-01 07:00:00,1,0.11800851,2.3104222,0.9999999,0.9999999,0.9999998512581486,1.3276054487306748,0.9995745,1,1,1,1,1,1
2015-01-01 07:30:00,1,0.115809895,2.2982886,0.9999999,0.9999999,0.9999998512581486,1.3245720491487656,0.9996705,1,1,1,1,1,1
2015-01-01 08:00:00,1,0.10905559,2.2930653,0.9999999,0.9999999,0.9999998512581486,1.3232662305910263,0.99971515,1,1,1,1,1,1
2015-01-01 08:30:00,1,0.11192839,2.2965097,0.9999999,0.9999999,0.9999998512581486,1.3241273388940964,0.9997399,1,1,1,1,1,1
2015-01-01 09:00:00,1,0.11870132,2.3170164,0.9999999,0.9999999,0.9999998512581486,1.3292539939958723,0.99975514,1,1,1,1,1,1
2015-01-01 09:30:00,1,0.11179073,2.3527107,0.9999999,0.9999999,0.9999998512581486,1.3381775841791306,0.99976516,1,1,1,1,1,1
2015-01-01 10:00:00,1,0.12492295,2.3947494,0.9999999,0.9999999,0.9999998512581486,1.3486872539598618,0.9997723,1,1,1,1,1,1
2015-01-01 10:30:00,1,0.12173714,2.4202912,0.9999999,0.9999999,0.9999998512581486,1.3550726995546494,0.99977756,1,1,1,1,1,1
2015-01-01 11:00:00,1,0.11121768,2.4450827,0.9999999,0.9999999,0.9999998512581486,1.3612705693323288,0.99978185,1,1,1,1,1,1
2015-01-01 11:30:00,1,0.09904373,2.458953,0.9999999,0.9999999,0.9999998512581486,1.364738129146782,0.99978536,1,1,1,1,1,1
2015-01-01 12:00:00,1,0.09938873,2.4642289,0.9999999,0.9999999,0.9999998512581486,1.3660571203310166,0.99978846,1,1,1,1,1,1
2015-01-01 12:30:00,1,0.092202395,2.4655364,0.9999999,0.9999999,0.9999998512581486,1.3663839922029648,0.99979115,1,1,1,1,1,1
2015-01-01 13:00:00,1,0.09326021,2.4627693,0.9999999,0.9999999,0.9999998512581486,1.3656922206957016,0.9997936,1,1,1,1,1,1
2015-01-01 13:30:00,1,0.08700193,2.459247,0.9999999,0.9999999,0.9999998512581486,1.3648116812784348,0.999796,1,1,1,1,1,1
2015-01-01 14:00:00,1,0.09044935,2.4580498,0.9999999,0.9999999,0.9999998512581486,1.3645123467523728,0.9997981,1,1,1,1,1,1
2015-01-01 14:30:00,1,0.08622203,2.459286,0.9999999,0.9999999,0.9999998512581486,1.3648213968355332,0.99980026,1,1,1,1,1,1
2015-01-01 15:00:00,1,0.08331121,2.4583707,0.9999999,0.9999999,0.9999998512581486,1.3645925746042404,0.9998022,1,1,1,1,1,1
2015-01-01 15:30:00,1,0.08687694,2.457785,0.9999999,0.9999999,0.9999998512581486,1.3644461259920273,0.99980396,1,1,1,1,1,1
2015-01-01 16:00:00,1,0.089206725,2.456582,0.9999999,0.9999999,0.9999998512581486,1.3641454205591357,0.99980545,1,1,1,1,1,1
2015-01-01 16:30:00,1,0.09993574,2.4591045,0.9999999,0.9999999,0.9999998512581486,1.364776037700859,0.9998068,1,1,1,1,1,1
2015-01-01 17:00:00,1,0.08788052,2.45692,0.9999999,0.9999999,0.9999998512581486,1.3642298803407822,0.9998079,1,1,1,1,1,1
2015-01-01 17:30:00,1,0.090370364,2.441783,0.9999999,0.9999999,0.9999998512581486,1.3604456410486374,0.99980897,1,1,1,1,1,1
2015-01-01 18:00:00,1,0.08879734,2.408117,0.9999999,0.9999999,0.9999998512581486,1.3520291671831284,0.9998097,1,1,1,1,1,1
2015-01-01 18:30:00,1,0.086449586,2.3651638,0.9999999,0.9999999,0.9999998512581486,1.3412908539850388,0.9998102,1,1,1,1,1,1
2015-01-01 19:00:00,1,0.08750456,2.3188188,0.9999999,0.9999999,0.9999998512581486,1.3297046051103745,0.9998105,1,1,1,1,1,1
2015-01-01 19:30:00,1,0.103874974,2.273891,0.9999999,0.9999999,0.9999998512581486,1.318472646244255,0.99981064,1,1,1,1,1,1
2015-01-01 20:00:00,1,0.09863837,2.2495873,0.9999999,0.9999999,0.9999998512581486,1.312396727569786,0.9998105,1,1,1,1,1,1
2015-01-01 20:30:00,1,0.09907645,2.238227,0.9999999,0.9999999,0.9999998512581486,1.3095566258508835,0.9998102,1,1,1,1,1,1
2015-01-01 21:00:00,1,0.10260298,2.258042,1.0,0.9999999,0.9999998512581486,1.3145104572851334,0.99980974,1,1,1,1,1,1
2015-01-01 21:30:00,1,0.09941783,2.3068185,1.0,0.9999999,0.9999998512581486,1.3267045543272171,0.9998093,1,1,1,1,1,1
2015-01-01 22:00:00,1,0.10723787,2.376735,1.0,0.9999999,0.9999998512581486,1.3441836760122452,0.9998091,1,1,1,1,1,1
2015-01-01 22:30:00,1,0.110843144,2.4594924,1.0,0.9999999,0.9999998512581486,1.364873044260231,0.9998091,1,1,1,1,1,1
2015-01-01 23:00:00,1,0.11653326,2.5562613,1.0,0.9999999,0.9999998512581486,1.389065258272377,0.99980944,1,1,1,1,1,1
2015-01-01 23:30:00,1,0.12306487,2.5600681,0.9999999,0.9999999,0.9999998512581486,1.3900169358331833,0.99981004,1,1,1,1,1,1
2015-01-02 00:00:00,1,0.122641645,2.5385017,0.9999999,0.9999999,0.9952707962078008,1.3834430743227937,0.99981076,1,1,1,1,1,1
2015-01-02 00:30:00,1,0.121864915,2.4588537,0.9999999,0.9999999,0.9728355025826128,1.3579222464456715,0.99981165,1,1,1,1,1,1
2015-01-02 01:00:00,1,0.118551,2.2458181,0.9999999,0.9999999,0.9728355025826128,1.304663350571648,0.99981236,1,1,1,1,1,1
2015-01-02 01:30:00,1,0.10679916,2.093256,0.9999999,0.9999999,0.9728355025826128,1.2665228152170338,0.99981284,1,1,1,1,1,1
2015-01-02 02:00:00,1,0.11598129,1.9108994,0.9999999,0.9999999,0.9728355025826128,1.2209336662187733,0.9998126,1,1,1,1,1,1
2015-01-02 02:30:00,1,0.11940648,1.8886099,0.99999976,0.9999995,0.9728355025826128,1.2153611683740773,0.99981207,1,1,1,1,1,1
2015-01-02 03:00:00,1,0.11095916,1.823451,0.99999905,0.9999982,0.9728355025826128,1.1990709507360615,0.9998109,1,1,1,1,1,1
2015-01-02 03:30:00,1,0.12125176,1.7598629,0.9999918,0.9999852,0.9728355025826128,1.1831688487425007,0.9998091,1,1,1,1,1,1
2015-01-02 04:00:00,1,0.11599437,1.6544838,0.99998856,0.9999267,0.9728355025826128,1.1568086349859394,0.99980634,1,1,1,1,1,1
2015-01-02 04:30:00,1,0.14371751,1.6121769,0.9999883,0.9999267,0.8929584638875169,1.1262625907014172,0.9998026,1,1,1,1,1,1
2015-01-02 05:00:00,1,0.15226935,1.6013763,0.99998796,0.9999267,0.8929584638875169,1.12356235128148,0.9997978,1,1,1,1,1,1
2015-01-02 05:30:00,1,0.11547477,1.5942914,0.99998724,0.9999267,0.8929584638875169,1.1217909608434002,0.9997923,1,1,1,1,1,1
2015-01-02 06:00:00,1,0.11211192,1.5803449,0.9999862,0.9999267,0.8929584638875169,1.1183040593217175,0.99978614,1,1,1,1,1,1
2015-01-02 06:30:00,1,0.114169516,1.5084295,0.9999844,0.9999267,0.8929584638875169,1.1003247652600567,0.9997794,1,1,1,1,1,1
2015-01-02 07:00:00,1,0.12297803,1.4659612,0.9999831,0.9999267,0.8929584638875169,1.089707360083894,0.99977225,1,1,1,1,1,1
2015-01-02 07:30:00,1,0.11567752,1.4653485,0.99998295,0.9999267,0.8929584638875169,1.0895541463444989,0.9997651,1,1,1,1,1,1
2015-01-02 08:00:00,1,0.12318136,1.3837242,0.9999591,0.9999267,0.8929584638875169,1.069142118508653,0.9997577,1,1,1,1,1,1
2015-01-02 08:30:00,1,0.120598525,1.3156011,0.9999361,0.9998754,0.8929584638875169,1.0520927761147778,0.99974996,1,1,1,1,1,1
2015-01-02 09:00:00,1,0.1138358,1.3258052,0.99993587,0.9997229,0.8929584638875169,1.05460560363038,0.99974203,1,1,1,1,1,1
2015-01-02 09:30:00,1,0.10294803,1.2200627,0.99993575,0.9996511,0.8929584638875169,1.0281520042966168,0.9997336,1,1,1,1,1,1
2015-01-02 10:00:00,1,0.11104635,1.2198145,0.9999356,0.9996511,0.8929584638875169,1.0280899260590832,0.99972504,1,1,1,1,1,1
2015-01-02 10:30:00,1,0.10057608,1.2374346,0.9999356,0.9996511,0.8929584638875169,1.0324949477265637,0.99971646,1,1,1,1,1,1
2015-01-02 11:00:00,1,0.10107829,1.22334,0.99993587,0.9996511,0.8929584638875169,1.0289713595460217,0.999708,1,1,1,1,1,1
2015-01-02 11:30:00,1,0.09199032,1.2604249,0.9999361,0.9996511,0.8929584638875169,1.0382426236222546,0.9996998,1,1,1,1,1,1
2015-01-02 12:00:00,1,0.08762101,1.2580423,0.99993634,0.9996511,0.8929584638875169,1.037647054011659,0.9996918,1,1,1,1,1,1
2015-01-02 12:30:00,1,0.083948895,1.2575395,0.9999368,0.9996511,0.8929584638875169,1.0375214670251172,0.9996843,1,1,1,1,1,1
2015-01-02 13:00:00,1,0.08978549,1.2576735,0.99993706,0.9996511,0.8929584638875169,1.0375550244401257,0.99967724,1,1,1,1,1,1
2015-01-02 13:30:00,1,0.085114524,1.257587,0.99993706,0.9996511,0.8929584638875169,1.0375333879540722,0.9996707,1,1,1,1,1,1
2015-01-02 14:00:00,1,0.08467137,1.2579167,0.9999366,0.9996511,0.8929584638875169,1.037615701968507,0.9996646,1,1,1,1,1,1
2015-01-02 14:30:00,1,0.084125936,1.2592251,0.9999361,0.9996511,0.8929584638875169,1.0379426930497448,0.9996596,1,1,1,1,1,1
2015-01-02 15:00:00,1,0.084824726,1.2597272,0.9999362,0.9996511,0.8929584638875169,1.0380682502339642,0.9996552,1,1,1,1,1,1
2015-01-02 15:30:00,1,0.08472451,1.2605917,0.9999367,0.9996511,0.8929584638875169,1.038284495885209,0.99965173,1,1,1,1,1,1
2015-01-02 16:00:00,1,0.08518958,1.2556522,0.9999372,0.9996511,0.8929584638875169,1.0370497260640423,0.9996491,1,1,1,1,1,1
2015-01-02 16:30:00,1,0.08735905,1.2504396,0.9999374,0.9996511,0.8929584638875169,1.0357466493199627,0.9996471,1,1,1,1,1,1
2015-01-02 17:00:00,1,0.085266516,1.2452834,0.9999373,0.9996511,0.8929584638875169,1.034457549865083,0.9996454,1,1,1,1,1,1
2015-01-02 17:30:00,1,0.08989408,1.2352574,0.99993706,0.9996511,0.8929584638875169,1.0319509957383437,0.99964374,1,1,1,1,1,1
2015-01-02 18:00:00,1,0.09776761,1.2188993,0.9999368,0.9996511,0.8929584638875169,1.0278614018510144,0.9996419,1,1,1,1,1,1
2015-01-02 18:30:00,1,0.10374303,1.1941152,0.9999373,0.9996511,0.8929584638875169,1.0216654990266123,0.9996397,1,1,1,1,1,1
2015-01-02 19:00:00,1,0.10704878,1.1924655,0.99993885,0.9996511,0.8929584638875169,1.0212534819196026,0.9996374,1,1,1,1,1,1
2015-01-02 19:30:00,1,0.095707774,1.1364448,0.99994004,0.9996511,0.8929584638875169,1.0072485957692423,0.99963427,1,1,1,1,1,1
2015-01-02 20:00:00,1,0.08330647,1.0407362,0.99994135,0.9996511,0.8929584638875169,0.983321771437959,0.99962974,1,1,1,1,1,1
2015-01-02 20:30:00,1,0.084048815,1.025141,0.9999411,0.9996511,0.8929584638875169,0.9794229124139112,0.99962384,1,1,1,1,1,1
2015-01-02 21:00:00,1,0.08421632,0.9643078,0.999938,0.9996511,0.8929584638875169,0.9642138336251538,0.99961615,1,1,1,1,1,1
2015-01-02 21:30:00,1,0.08441207,0.9097774,0.99993265,0.9996511,0.8929584638875169,0.9505798969815532,0.9996063,1,1,1,1,1,1
2015-01-02 22:00:00,1,0.090355195,0.8803934,0.99991846,0.9996511,0.9381343101344304,0.954524307819252,0.9995944,1,1,1,1,1,1
2015-01-02 22:30:00,1,0.092042804,0.8436556,0.99950886,0.9996511,0.9381343101344304,0.9452374571284105,0.99957997,1,1,1,1,1,1
2015-01-02 23:00:00,1,0.08582776,0.77660966,0.99950385,0.999624,0.9381343101344304,0.9284679585417558,0.9995623,1,1,1,1,1,1
2015-01-02 23:30:00,1,0.091853715,0.72340953,0.9997657,0.999624,0.9381343101344304,0.9152333879193116,0.99954087,1,1,1,1,1,1
2015-01-03 00:00:00,1,0.08360087,0.6756122,0.998432,0.99716944,0.9381343101344304,0.9023369842490008,0.99951476,1,1,0,1,1,1
2015-01-03 00:30:00,1,0.08520429,0.67946374,0.9984693,0.99716944,0.9381343101344304,0.903309195609932,0.99948454,1,1,0,1,1,1
2015-01-03 01:00:00,1,0.08743183,0.6518638,0.9985141,0.99716944,0.9381343101344304,0.8964204185923387,0.99944973,1,1,0,1,1,1
2015-01-03 01:30:00,1,0.100748,0.63393676,0.99855834,0.99716944,0.9381343101344304,0.8919497126063157,0.99941045,1,1,0,1,1,1
2015-01-03 02:00:00,1,0.10381475,0.6126343,0.9985953,0.99716944,0.9381343101344304,0.8866333359202195,0.9993675,1,1,0,1,1,1
2015-01-03 02:30:00,1,0.11054085,0.5906,0.9986218,0.99716944,0.9381343101344304,0.8811313950737764,0.9993196,1,1,0,1,1,1
2015-01-03 03:00:00,1,0.12179621,0.58302903,0.998642,0.99716944,0.9381343101344304,0.8792437010725785,0.9992676,1,1,0,1,1,1
2015-01-03 03:30:00,1,0.12272906,0.5880028,0.99866664,0.99716944,0.9381343101344304,0.8804932975491334,0.99921244,1,1,0,1,1,1
2015-01-03 04:00:00,1,0.12593928,0.58153427,0.9987122,0.99716944,0.9381343101344304,0.8788875484188844,0.99915427,1,1,0,1,1,1
2015-01-03 04:30:00,1,0.10689237,0.57347727,0.99877864,0.99716944,0.9381343101344304,0.8768899136503984,0.9990933,1,1,0,1,1,1
2015-01-03 05:00:00,0,0.11755653,0.56377923,0.99883693,0.99716944,0.9381343101344304,0.8744799786528398,0.99902993,1,1,0,1,1,1
2015-01-03 05:30:00,0,0.1108817,0.5599873,0.99887735,0.99716944,0.9381343101344304,0.873542099567299,0.9989648,1,1,0,1,1,1
2015-01-03 06:00:00,0,0.1112278,0.55766344,0.9988527,0.99716944,0.9381343101344304,0.8729549789151002,0.9988985,1,1,0,1,1,1
2015-01-03 06:30:00,0,0.11215017,0.5605899,0.9988167,0.99716944,0.9381343101344304,0.8736775958260347,0.99883145,1,1,0,1,1,1
2015-01-03 07:00:00,0,0.112121336,0.56190014,0.9978884,0.99716944,0.9381343101344304,0.8737730675658036,0.9987643,1,0,0,1,1,1
2015-01-03 07:30:00,0,0.113357656,0.55120504,0.9948608,0.99716944,0.9381343101344304,0.8703424030264665,0.99869543,1,0,0,1,1,1
2015-01-03 08:00:00,0,0.113933966,0.51568544,0.9909168,0.9884412,0.9381343101344304,0.8582944416722108,0.99862117,1,0,0,1,1,1
2015-01-03 08:30:00,0,0.123863526,0.466928,0.9908698,0.9861217,0.9381343101344304,0.8455134623965074,0.9985349,1,0,0,1,1,1
2015-01-03 09:00:00,0,0.12109231,0.43136132,0.9908217,0.9861217,0.9381343101344304,0.8366097652634431,0.9984295,1,0,0,1,1,1
2015-01-03 09:30:00,0,0.111067064,0.393839,0.99078006,0.9861217,0.9381343101344304,0.8272187703570176,0.9982956,1,0,0,1,1,1
2015-01-03 10:00:00,0,0.10152955,0.37228692,0.990755,0.9861217,0.9381343101344304,0.8218244904002,0.9981239,1,0,0,1,1,1
2015-01-03 10:30:00,0,0.10327775,0.3552121,0.99075633,0.9861217,0.9381343101344304,0.8175561123808671,0.99790174,1,0,0,1,1,1
2015-01-03 11:00:00,0,0.104469106,0.33523536,0.9907912,0.9861217,0.9381343101344304,0.8125706457814027,0.9976106,1,0,0,1,1,1
2015-01-03 11:30:00,0,0.086660884,0.31851375,0.9908607,0.9861217,0.9381343101344304,0.8084076189717103,0.99721974,1,0,0,1,1,1
2015-01-03 12:00:00,0,0.084751226,0.3069893,0.9909576,0.9861217,0.9381343101344304,0.8055507385453035,0.99668556,1,0,0,1,1,1
2015-01-03 12:30:00,0,0.098872125,0.3055563,0.99106395,0.9861217,0.9381343101344304,0.8052190684994508,0.995949,1,0,0,1,1,1
2015-01-03 13:00:00,0,0.10137751,0.30422068,0.99115306,0.9861217,0.9381343101344304,0.8049074405154039,0.99491507,1,0,0,1,1,1
2015-01-03 13:30:00,0,0.099097475,0.30761957,0.99119544,0.9861217,0.9381343101344304,0.8057677590569307,0.99343807,1,0,0,1,1,1
2015-01-03 14:00:00,0,0.101932906,0.3108878,0.99118197,0.9861217,0.9381343101344304,0.8065814518650819,0.9912656,1,0,0,1,1,1
2015-01-03 14:30:00,0,0.104488894,0.3109957,0.9911493,0.9861217,0.9381343101344304,0.8066002571305085,0.9879119,1,0,0,1,1,1
2015-01-03 15:00:00,0,0.1012607,0.31362498,0.9911355,0.9861217,0.9381343101344304,0.8072541200836946,0.98241585,1,0,0,1,1,1
2015-01-03 15:30:00,0,0.09646827,0.30608332,0.99112755,0.9861217,0.9381343101344304,0.8053667241057206,0.9725787,1,0,0,1,1,1
2015-01-03 16:00:00,0,0.092076264,0.3054241,0.99108726,0.9861217,0.9381343101344304,0.8051918440779496,0.9537954,1,0,0,1,1,1
2015-01-03 16:30:00,0,0.084713496,0.30860007,0.9909854,0.9861217,0.9381343101344304,0.8059603714665223,0.91840917,1,0,0,1,1,0
2015-01-03 17:00:00,0,0.08576702,0.31095815,0.99081695,0.9861217,0.9381343101344304,0.8065077805241395,0.86167747,1,0,0,1,1,0
2015-01-03 17:30:00,0,0.10520191,0.3130827,0.99062973,0.9861217,0.9381343101344304,0.8069921129664231,0.7899666,1,0,0,1,1,0
2015-01-03 18:00:00,0,0.110561326,0.30934215,0.9905675,0.9861217,0.9381343101344304,0.8060414188822557,0.7119589,1,0,0,1,1,0
2015-01-03 18:30:00,0,0.10601856,0.30635738,0.9907143,0.9861217,0.9381343101344304,0.805331929894333,0.6318597,1,0,0,1,1,0
2015-01-03 19:00:00,0,0.10563232,0.29922628,0.9910631,0.9861217,0.9381343101344304,0.8036363565644075,0.55124575,1,0,0,1,1,0
2015-01-03 19:30:00,0,0.107489176,0.28543794,0.9914875,0.9861217,0.9381343101344304,0.8002953672131349,0.470835,1,0,0,1,1,0
2015-01-03 20:00:00,0,0.08858507,0.27197635,0.9944536,0.9861217,0.9381343101344304,0.7976714962443162,0.3911222,1,0,0,1,1,0
2015-01-03 20:30:00,0,0.08392124,0.2584312,0.99471235,0.9861217,0.9381343101344304,0.7943498933037568,0.31277713,1,0,0,1,1,0
2015-01-03 21:00:00,0,0.09145835,0.23438382,0.9927384,0.9822547,0.9381343101344304,0.7868778103312303,0.2369119,0,0,0,1,1,0
2015-01-03 21:30:00,0,0.08936099,0.21192908,0.99277896,0.9815161,0.9381343101344304,0.7810896181782533,0.16593534,0,0,0,1,1,0
2015-01-03 22:00:00,0,0.09560996,0.19711494,0.9886768,0.9815161,0.9066161871370504,0.7684810102089452,0.10489289,0,0,0,1,0,0
2015-01-03 22:30:00,0,0.09772541,0.19247389,0.98116416,0.9815161,0.9066161871370504,0.7654425889357137,0.06226361,0,0,0,1,0,0
2015-01-03 23:00:00,0,0.092825115,0.1777786,0.9885797,0.9815161,0.9066161871370504,0.7636226505144643,0.043795895,0,0,0,1,0,0
2015-01-03 23:30:00,0,0.10446534,0.16303957,0.9948389,0.9815161,0.9066161871370504,0.761502692113738,0.04412589,0,0,0,1,0,0
2015-01-04 00:00:00,0,0.09142298,0.15054369,0.99481803,0.9815161,0.9066161871370504,0.7583735078676748,0.056145463,0,0,0,1,0,0
2015-01-04 00:30:00,0,0.08368129,0.15127456,0.99302304,0.9815161,0.9066161871370504,0.758107477436881,0.07831731,0,0,0,1,0,0
2015-01-04 01:00:00,0,0.08619378,0.14825606,0.99303037,0.97500074,0.9066161871370504,0.7557258397444295,0.11100211,0,0,0,1,0,0
2015-01-04 01:30:00,0,0.103151634,0.143924,0.9930391,0.95230496,0.9066161871370504,0.7489710539682912,0.15388061,0,0,0,1,0,0
2015-01-04 02:00:00,0,0.10415658,0.14404285,0.99304855,0.9558348,0.9066161871370504,0.7498855978354024,0.20504348,0,0,0,1,0,0
2015-01-04 02:30:00,0,0.1193063,0.15377295,0.99320376,0.972539,0.9066161871370504,0.7565329760416555,0.26300368,0,0,0,1,0,0
2015-01-04 03:00:00,0,0.122039914,0.16211498,0.99321246,0.972539,0.9066161871370504,0.7586206585272359,0.32685542,0,0,0,1,0,0
2015-01-04 03:30:00,0,0.121466815,0.1660446,0.9932296,0.972539,0.9066161871370504,0.7596073538168477,0.39500213,0,0,0,1,0,0
2015-01-04 04:00:00,0,0.11020734,0.16847527,0.9932556,0.972539,0.9066161871370504,0.7602215200766134,0.4654338,0,0,0,1,0,0
2015-01-04 04:30:00,0,0.11071928,0.1696254,0.9932841,0.972539,0.9066161871370504,0.7605161756380605,0.5361506,0,0,0,1,0,0
2015-01-04 05:00:00,0,0.11961485,0.16957462,0.9933076,0.972539,0.9066161871370504,0.7605093509062337,0.60537523,0,0,0,1,0,0
2015-01-04 05:30:00,0,0.117539056,0.1691196,0.9933215,0.972539,0.9066161871370504,0.7603990674122381,0.67158765,0,0,0,1,0,0
2015-01-04 06:00:00,0,0.113336585,0.16825628,0.993324,0.972539,0.9066161871370504,0.7601838648422765,0.7327974,0,0,0,1,0,0
2015-01-04 06:30:00,0,0.119946636,0.16770923,0.9933154,0.972539,0.9066161871370504,0.7600449562176275,0.7858701,0,0,0,1,0,0
2015-01-04 07:00:00,0,0.11861902,0.16650546,0.9932987,0.972539,0.9066161871370504,0.7597398400410222,0.8281669,0,0,0,1,0,0
2015-01-04 07:30:00,0,0.1109241,0.16494906,0.9932781,0.972539,0.9066161871370504,0.7593455851181554,0.85821867,0,0,0,1,0,0
2015-01-04 08:00:00,0,0.11608393,0.15901697,0.9932585,0.972539,0.9066161871370504,0.7578576594694661,0.8761227,0,0,0,1,0,0
2015-01-04 08:30:00,0,0.109164886,0.1575352,0.9932435,0.972539,0.9066161871370504,0.7574834764107274,0.88162965,0,0,0,1,0,0
2015-01-04 09:00:00,0,0.12409301,0.15575671,0.9932375,0.972539,0.9066161871370504,0.7570373505457448,0.8741725,0,0,0,1,0,0
2015-01-04 09:30:00,0,0.12385172,0.15671849,0.9932447,0.972539,0.9066161871370504,0.7572795987232732,0.85395783,0,0,0,1,0,0
2015-01-04 10:00:00,0,0.11229023,0.15742004,0.9932678,0.972539,0.9066161871370504,0.7574607521399068,0.82151204,0,0,0,1,0,0
2015-01-04 10:30:00,0,0.10190971,0.15915787,0.99330634,0.972539,0.9066161871370504,0.7579048514469671,0.77814645,0,0,0,1,0,0
2015-01-04 11:00:00,0,0.09990017,0.16357064,0.99335396,0.972539,0.9066161871370504,0.7590199500425863,0.7257001,0,0,0,1,0,0
2015-01-04 11:30:00,0,0.101474784,0.1691345,0.9933989,0.972539,0.9066161871370504,0.7604221493109273,0.6659477,0,0,0,1,0,0
2015-01-04 12:00:00,0,0.09028192,0.1718998,0.99342644,0.972539,0.9066161871370504,0.7611203581198263,0.6005065,0,0,0,1,0,0
2015-01-04 12:30:00,0,0.08926062,0.17193973,0.99342126,0.972539,0.9066161871370504,0.7611290454968023,0.531187,0,0,0,1,0,0
2015-01-04 13:00:00,0,0.08588933,0.16763723,0.9933709,0.972539,0.9066161871370504,0.7600408285959768,0.45997426,0,0,0,1,0,0
2015-01-04 13:30:00,0,0.090443365,0.16392028,0.9932701,0.972539,0.9066161871370504,0.7590863943203496,0.38912407,0,0,0,1,0,0
2015-01-04 14:00:00,0,0.090018004,0.15704238,0.993129,0.972539,0.9066161871370504,0.7573316484793233,0.32096204,0,0,0,1,0,0
2015-01-04 14:30:00,0,0.08587616,0.1505673,0.9929709,0.972539,0.9066161871370504,0.7556733429535436,0.2575364,0,0,0,1,0,0
2015-01-04 15:00:00,0,0.092308946,0.14516509,0.99282455,0.972539,0.9066161871370504,0.7542862087591695,0.20047365,0,0,0,1,0,0
2015-01-04 15:30:00,0,0.09011346,0.14121842,0.99268544,0.972539,0.9066161871370504,0.7532647639616536,0.15112717,0,0,0,1,0,0
2015-01-04 16:00:00,0,0.09110623,0.13966262,0.99254954,0.972539,0.9066161871370504,0.7528418392046499,0.11064742,0,0,0,1,0,0
2015-01-04 16:30:00,0,0.08750635,0.1392051,0.9924321,0.972539,0.9066161871370504,0.752698102603774,0.07897649,0,0,0,1,0,0
2015-01-04 17:00:00,0,0.09046238,0.13970184,0.99235713,0.972539,0.9066161871370504,0.7528035432203817,0.055112567,0,0,0,1,0,0
2015-01-04 17:30:00,0,0.08810031,0.14463556,0.9923758,0.972539,0.9066161871370504,0.7540416360004949,0.037871927,0,0,0,1,0,0
2015-01-04 18:00:00,0,0.09066184,0.15328848,0.9925016,0.972539,0.9066161871370504,0.7562363237246084,0.026144372,0,0,0,1,0,0
2015-01-04 18:30:00,0,0.089544,0.16128457,0.99283856,0.972539,0.9066161871370504,0.7583195805653142,0.018699942,0,0,0,1,0,0
2015-01-04 19:00:00,0,0.10330969,0.17345524,0.99314535,0.972539,0.9066161871370504,0.7614389449461507,0.014432937,0,0,0,1,0,0
2015-01-04 19:30:00,0,0.0844903,0.179443,0.9933041,0.972539,0.9989283859835704,0.7860536173012515,0.012413523,0,0,0,1,1,0
2015-01-04 20:00:00,0,0.09017814,0.18376493,0.99330795,0.972539,0.9989283859835704,0.7871350690748949,0.012038675,0,0,0,1,1,0
2015-01-04 20:30:00,0,0.10046572,0.18655968,0.99349314,0.972539,0.9989283859835704,0.7878800526287814,0.012991265,0,0,0,1,1,0
2015-01-04 21:00:00,0,0.11014331,0.20096219,0.99393,0.972539,0.9989283859835704,0.7915898904230853,0.015227385,0,0,0,1,1,0
2015-01-04 21:30:00,0,0.11100261,0.20442867,0.9947665,0.972539,0.9989283859835704,0.7926656350519915,0.018851183,0,0,0,1,1,0
2015-01-04 22:00:00,0,0.10894606,0.20875418,0.9954022,0.972539,0.9989283859835704,0.7939059481051226,0.024082586,0,0,0,1,1,0
2015-01-04 22:30:00,0,0.12187613,0.20689285,0.99569124,0.9839062,0.9989283859835704,0.7963546708252688,0.030958973,0,0,0,1,1,0
2015-01-04 23:00:00,0,0.122995526,0.1991477,0.9946772,0.9962276,0.9989283859835704,0.7972452238228579,0.038868204,0,0,0,1,1,0
2015-01-04 23:30:00,0,0.12223273,0.19751728,0.9879723,0.9988888,0.9989283859835704,0.7958266928818484,0.04709286,0,0,1,1,1,0
2015-01-05 00:00:00,0,0.10944622,0.1871953,0.9924919,0.9988888,0.9989283859835704,0.7943760946419497,0.055086527,0,0,1,1,1,0
2015-01-05 00:30:00,0,0.12351203,0.16695929,0.9939468,0.9988888,0.9989283859835704,0.7896808132555743,0.062158525,0,0,1,1,1,0
2015-01-05 01:00:00,0,0.10914132,0.15594077,0.9922294,0.9988888,0.9989283859835704,0.7864968374398013,0.067743205,0,0,1,1,1,0
2015-01-05 01:30:00,0,0.12049492,0.14330316,0.98844445,0.9988888,0.9989283859835704,0.7823911950018664,0.071554214,0,0,1,1,1,0
2015-01-05 02:00:00,0,0.113815844,0.12941682,0.97736025,0.9988888,0.9989283859835704,0.7761485621359606,0.07348952,0,0,1,1,0,0
2015-01-05 02:30:00,0,0.12394845,0.11441076,0.97734946,0.9988888,0.9989283859835704,0.7723943486836214,0.073598385,0,0,1,1,0,0
2015-01-05 03:00:00,0,0.21639617,0.10774279,0.9773194,0.9988888,0.9989283859835704,0.770719845595624,0.07199747,0,0,1,1,0,0
2015-01-05 03:30:00,0,0.19900851,0.10140967,0.9772624,0.9988888,0.9989283859835704,0.7691223070051928,0.06873267,0,0,1,1,0,0
2015-01-05 04:00:00,0,0.15991385,0.10067344,0.97717905,0.9988888,0.9989283859835704,0.7689174160387774,0.063705675,0,0,1,1,0,0
2015-01-05 04:30:00,0,0.16849549,0.09451079,0.9770817,0.9988888,0.9989283859835704,0.7673524215843935,0.056933958,0,0,1,1,0,0
2015-01-05 05:00:00,0,0.1153919,0.096922636,0.976976,0.9988888,0.9989283859835704,0.7679289475109835,0.04906338,0,0,1,1,0,0
2015-01-05 05:30:00,0,0.11472675,0.096184015,0.976845,0.9988888,0.9989283859835704,0.7677115544703265,0.04081435,0,0,1,1,0,0
2015-01-05 06:00:00,0,0.11407571,0.09494269,0.97665787,0.9988888,0.9989283859835704,0.7673544332411547,0.032714274,0,0,1,1,0,0
2015-01-05 06:30:00,0,0.1182715,0.0942055,0.976383,0.9988888,0.9989283859835704,0.7671014115240832,0.0254181,0,0,1,1,0,0
2015-01-05 07:00:00,0,0.099350624,0.092095494,0.9760109,0.9988888,0.9989283859835704,0.766480897369649,0.019421585,0,0,1,1,0,0
2015-01-05 07:30:00,0,0.089420795,0.08817577,0.97561294,0.9988888,0.9989283859835704,0.7654014721539278,0.014911026,0,0,1,1,0,0
2015-01-05 08:00:00,0,0.08464897,0.08346081,0.97538006,0.9988888,0.9989283859835704,0.7641645118620654,0.011848471,0,0,1,1,0,0
2015-01-05 08:30:00,0,0.083960526,0.08120203,0.97550595,0.9988888,0.9989283859835704,0.7636312887099047,0.010027511,0,0,1,1,0,0
2015-01-05 09:00:00,0,0.08530439,0.081498146,0.97601867,0.9988888,0.9989283859835704,0.7638334974673052,0.009101232,0,0,1,1,0,0
2015-01-05 09:30:00,0,0.100875795,0.083792925,0.97678316,0.9988888,0.9989283859835704,0.7645983144667406,0.008787938,0,0,1,1,0,0
2015-01-05 10:00:00,0,0.103836074,0.0899477,0.9776267,0.9988888,0.9989283859835704,0.7663478896048327,0.008921218,0,0,1,1,0,0
2015-01-05 10:30:00,0,0.10036215,0.0980252,0.9784172,0.9988888,0.9989283859835704,0.7685648992684145,0.009463505,0,0,1,1,0,0
2015-01-05 11:00:00,0,0.10273631,0.105884194,0.97907454,0.9988888,0.9989283859835704,0.7706939771797915,0.010457623,0,0,1,1,0,0
2015-01-05 11:30:00,0,0.0990796,0.1106354,0.97955906,0.9988888,0.9989283859835704,0.7720029100802203,0.012038442,0,0,1,1,0,0
2015-01-05 12:00:00,0,0.10319756,0.11429644,0.9798641,0.9988888,0.9989283859835704,0.7729944333460589,0.014462556,0,0,1,1,0,0
2015-01-05 12:30:00,0,0.10160258,0.12100339,0.98001194,0.9988888,0.9989283859835704,0.7747081264879961,0.018221537,0,0,1,1,0,0
2015-01-05 13:00:00,0,0.10060676,0.12892759,0.9800489,0.9988888,0.9989283859835704,0.7766984149840136,0.024258615,0,0,1,1,0,0
2015-01-05 13:30:00,0,0.10012294,0.13223493,0.9800638,0.9988888,0.9989283859835704,0.7775289759066363,0.03423125,0,0,1,1,1,0
2015-01-05 14:00:00,0,0.0901322,0.13614023,0.98019236,0.9988888,0.9989283859835704,0.7785374417927523,0.050497692,0,0,1,1,1,0
2015-01-05 14:30:00,0,0.08494182,0.14207685,0.98038244,0.9988888,0.9989283859835704,0.7800691172507067,0.07352988,0,0,1,1,1,0
2015-01-05 15:00:00,0,0.08532275,0.14518464,0.98070955,0.9988888,0.9989283859835704,0.7809278413679858,0.09545491,0,0,1,1,1,0
2015-01-05 15:30:00,0,0.08772475,0.15190291,0.98107797,0.9988888,0.9989283859835704,0.7826995149281283,0.10721501,0,0,1,1,1,0
2015-01-05 16:00:00,0,0.09243734,0.1583041,0.9813452,0.9988888,0.9989283859835704,0.7843666121390124,0.11234489,0,0,1,1,1,0
2015-01-05 16:30:00,0,0.10006275,0.16570008,0.9813027,0.9988888,0.9989283859835704,0.7862049832966586,0.11485029,0,0,1,1,1,0
2015-01-05 17:00:00,0,0.08465617,0.16523075,0.9805217,0.9988888,0.9989283859835704,0.7858924016382952,0.115881,0,0,1,1,1,0
2015-01-05 17:30:00,0,0.08972669,0.15721858,0.9784428,0.9988888,0.9989283859835704,0.7833696350481768,0.11563119,0,0,1,1,1,0
2015-01-05 18:00:00,0,0.101925865,0.14024615,0.9748038,0.9988888,0.9989283859835704,0.7782167837050219,0.11403439,0,0,1,1,1,0
2015-01-05 18:30:00,0,0.10513474,0.12516284,0.9817423,0.9988888,0.9989283859835704,0.7761805847313662,0.110769354,0,0,1,1,0,0
2015-01-05 19:00:00,0,0.10599044,0.096077204,0.9667673,0.9988888,0.9989283859835704,0.7651654228594561,0.10496536,0,0,1,1,0,0
2015-01-05 19:30:00,0,0.09909911,0.09525728,0.97368693,0.9988888,0.9393804548595304,0.7518033653103797,0.095048994,0,0,1,1,0,0
2015-01-05 20:00:00,0,0.09023827,0.09709942,0.9937309,0.9988888,0.9393804548595304,0.7572748928868263,0.078714706,0,0,1,1,0,0
2015-01-05 20:30:00,0,0.083068475,0.09966135,0.998708,0.9988888,0.9393804548595304,0.7591596513592689,0.055517774,0,1,1,1,0,0
2015-01-05 21:00:00,0,0.0866344,0.08224511,0.99691236,0.9988888,0.9393804548595304,0.7543566792809455,0.03332198,0,0,1,1,0,0
2015-01-05 21:30:00,0,0.09061461,0.08603394,0.99873525,0.9988888,0.9393804548595304,0.7557596087061851,0.021186724,0,1,1,1,0,0
2015-01-05 22:00:00,0,0.10310772,0.09233856,0.99948114,0.9988888,0.9393804548595304,0.7575222372614829,0.015563381,0,1,1,1,0,0
2015-01-05 22:30:00,0,0.10321427,0.09155202,0.9997359,0.9988888,0.9393804548595304,0.7573892891013114,0.012397348,0,1,1,1,0,0
2015-01-05 23:00:00,0,0.1075744,0.08034861,0.9997751,0.9988888,0.9393804548595304,0.754598242005059,0.010434045,0,1,1,1,0,0
2015-01-05 23:30:00,0,0.12289647,0.08490503,0.9934449,0.9201884,0.9393804548595304,0.7344797074400871,0.00934085,0,0,0,1,0,0
2015-01-06 00:00:00,0,0.12407006,0.0848428,0.98402065,0.9201884,0.9393804548595304,0.7321080833279578,0.0089425715,0,0,0,1,0,0
2015-01-06 00:30:00,0,0.12332445,0.08457947,0.9842688,0.9201884,0.9393804548595304,0.7321042835318534,0.00907714,0,0,0,1,0,0
2015-01-06 01:00:00,0,0.10748568,0.08239031,0.96776,0.9201884,0.9393804548595304,0.7274298041665046,0.009685441,0,0,0,1,0,0
2015-01-06 01:30:00,0,0.116167635,0.08234358,0.9673189,0.9201884,0.9393804548595304,0.727307838162133,0.010694653,0,0,0,1,0,0
2015-01-06 02:00:00,0,0.11400359,0.08279979,0.96733856,0.9201884,0.9393804548595304,0.7274268090331046,0.012058281,0,0,0,1,0,0
2015-01-06 02:30:00,0,0.12246442,0.08250451,0.96736455,0.9201884,0.9393804548595304,0.7273594855868308,0.013742515,0,0,0,1,0,0
2015-01-06 03:00:00,0,0.19829902,0.08256972,0.9673766,0.9201884,0.9393804548595304,0.7273787974917381,0.015771445,0,0,0,1,0,0
2015-01-06 03:30:00,0,0.21306406,0.082569,0.9673025,0.9201884,0.9393804548595304,0.7273600965344398,0.018163746,0,0,0,1,0,0
2015-01-06 04:00:00,0,0.17946018,0.08253729,0.9669986,0.9201884,0.9393804548595304,0.7272761880957572,0.020974351,0,0,0,1,0,0
2015-01-06 04:30:00,0,0.1898564,0.082035065,0.9663408,0.9201884,0.9393804548595304,0.7269861816966026,0.024273613,0,0,0,1,0,0
2015-01-06 05:00:00,0,0.12888363,0.08135259,0.96544135,0.9201884,0.9393804548595304,0.7265907048785178,0.028243208,0,0,0,1,0,0
2015-01-06 05:30:00,0,0.111195765,0.07923019,0.9645788,0.9201884,0.9393804548595304,0.7258444696270911,0.033078644,0,0,0,1,0,0
2015-01-06 06:00:00,0,0.122909345,0.07899833,0.9639942,0.9201884,0.9393804548595304,0.7256403535210578,0.03910086,0,0,0,1,0,0
2015-01-06 06:30:00,0,0.11094947,0.079045415,0.96379834,0.9201884,0.9785073365782704,0.735384880652403,0.046866115,0,0,0,1,0,0
2015-01-06 07:00:00,0,0.10088172,0.0828799,0.97451615,0.9201884,0.9785073365782704,0.7390229544543974,0.05736952,0,0,0,1,0,0
2015-01-06 07:30:00,0,0.0835756,0.08264089,0.9645292,0.9201884,0.9785073365782704,0.7364664665364973,0.07207911,0,0,0,1,0,0
2015-01-06 08:00:00,0,0.09381176,0.0863899,0.964856,0.9201884,0.9785073365782704,0.7374854228400938,0.092871346,0,0,0,1,0,0
2015-01-06 08:30:00,0,0.09813607,0.08412421,0.965376,0.9201884,0.9785073365782704,0.7370489976310484,0.11953065,0,0,0,1,0,0
2015-01-06 09:00:00,0,0.08399348,0.08517599,0.9658708,0.9201884,0.9785073365782704,0.7374356380605451,0.14544947,0,0,0,1,0,0
2015-01-06 09:30:00,0,0.08703262,0.08102083,0.96633697,0.9201884,0.9785073365782704,0.7365133902930967,0.16153823,0,0,0,1,0,0
2015-01-06 10:00:00,0,0.0998024,0.078924894,0.9667937,0.9201884,0.9785073365782704,0.7361035934591047,0.16837807,0,0,0,1,0,0
2015-01-06 10:30:00,0,0.10225098,0.07715738,0.9672638,0.9201884,0.9785073365782704,0.7357792398833982,0.17046154,0,0,0,1,0,0
2015-01-06 11:00:00,0,0.0985274,0.08015931,0.96775734,0.9201884,0.9785073365782704,0.7366531035804502,0.16984016,0,0,0,1,0,0
2015-01-06 11:30:00,0,0.104332484,0.08107889,0.9682621,0.9201884,0.9785073365782704,0.7370091817283384,0.16724433,0,0,0,1,0,0
2015-01-06 12:00:00,0,0.096235685,0.08067858,0.96873695,0.9201884,0.9785073365782704,0.7370278230809919,0.16279037,0,0,0,1,0,0
2015-01-06 12:30:00,0,0.09974315,0.081665754,0.9691095,0.9201884,0.9785073365782704,0.737367748370146,0.15615097,0,0,0,1,0,0
2015-01-06 13:00:00,0,0.10242117,0.08506155,0.96927387,0.9201884,0.9785073365782704,0.7382577947282545,0.14646327,0,0,0,1,0,0
2015-01-06 13:30:00,0,0.09657927,0.0867331,0.9691123,0.9201884,0.9785073365782704,0.7386352858447782,0.13234892,0,0,0,1,0,0
2015-01-06 14:00:00,0,0.09129732,0.09112728,0.96858895,0.9201884,0.9785073365782704,0.7396029970550291,0.112029046,0,0,0,1,0,0
2015-01-06 14:30:00,0,0.08297361,0.09187746,0.96787876,0.9201884,0.9785073365782704,0.7396129957341901,0.08581868,0,0,0,1,0,0
2015-01-06 15:00:00,0,0.08425393,0.09188759,0.96725947,0.9201884,0.9785073365782704,0.739460705866789,0.060421687,0,0,0,1,0,0
2015-01-06 15:30:00,0,0.08958846,0.09163582,0.96673924,0.9201884,0.9785073365782704,0.7392677060270063,0.045087416,0,0,0,1,0,0
2015-01-06 16:00:00,0,0.09837708,0.090149164,0.9662311,0.9201884,0.9785073365782704,0.7387690088653318,0.039471228,0,0,0,1,0,0
2015-01-06 16:30:00,0,0.09891455,0.086146474,0.96579784,0.9201884,0.9785073365782704,0.7376600197458021,0.039455187,0,0,0,1,0,0
2015-01-06 17:00:00,0,0.087450065,0.08587968,0.9656176,0.9201884,0.9785073365782704,0.7375482610368482,0.043390453,0,0,0,1,0,0
2015-01-06 17:30:00,0,0.08789807,0.09010589,0.9659218,0.9201884,0.9785073365782704,0.7386808684968702,0.05093059,0,0,0,1,0,0
2015-01-06 18:00:00,0,0.1040216,0.08890915,0.96689904,0.9201884,0.9785073365782704,0.7386259875201933,0.061667692,0,0,0,1,0,0
2015-01-06 18:30:00,0,0.10511,0.09134185,0.968416,0.9201884,0.9785073365782704,0.7396133980655424,0.074811354,0,0,0,1,0,0
2015-01-06 19:00:00,0,0.10558359,0.093976974,0.9696767,0.9201884,0.9785073365782704,0.7405873528623335,0.08902645,0,0,0,1,0,0
2015-01-06 19:30:00,0,0.10276317,0.10117388,0.9680337,0.9201884,0.9785073365782704,0.741975828161215,0.10475913,0,0,0,1,0,0
2015-01-06 20:00:00,0,0.09629284,0.1055038,0.95541286,0.9201884,0.9785073365782704,0.7399031064414732,0.122570366,0,0,0,1,0,0
2015-01-06 20:30:00,0,0.09093514,0.10781157,0.9379272,0.9201884,0.9785073365782704,0.7361086300515882,0.14286001,0,0,0,1,0,0
2015-01-06 21:00:00,0,0.0900555,0.11359072,0.92833257,0.9201884,0.9785073365782704,0.7351547620200864,0.16505098,0,0,0,1,0,0
2015-01-06 21:30:00,0,0.09343676,0.11307812,0.96845865,0.9201884,0.9785073365782704,0.7450581333541624,0.19038409,0,0,0,1,0,0
2015-01-06 22:00:00,0,0.085735604,0.115296006,0.9726168,0.93230444,0.9785073365782704,0.7496811441087476,0.21990843,0,0,0,1,0,0
2015-01-06 22:30:00,0,0.09650322,0.13493109,0.98454267,0.9685938,0.9785073365782704,0.766643717040991,0.25393623,0,0,0,1,0,0
2015-01-06 23:00:00,0,0.103445284,0.14932823,0.9847932,0.9685938,0.9785073365782704,0.7703056327008955,0.2912195,0,0,0,1,0,0
2015-01-06 23:30:00,0,0.11287832,0.15453053,0.9851886,0.9685938,0.9785073365782704,0.7717050603532545,0.3320637,0,0,0,1,0,0
2015-01-07 00:00:00,0,0.12077186,0.15972042,0.9852114,0.9685938,0.9785073365782704,0.7730082265043012,0.37601542,0,0,0,1,0,0
2015-01-07 00:30:00,0,0.10962522,0.15939021,0.985246,0.9685938,0.9785073365782704,0.7729343316459409,0.42250228,0,0,0,1,0,0
2015-01-07 01:00:00,0,0.11514334,0.1590501,0.9852933,0.9685938,0.9785073365782704,0.7728611371421568,0.47153625,0,0,0,1,0,0
2015-01-07 01:30:00,0,0.11502293,0.1596837,0.9853528,0.9685938,0.9785073365782704,0.7730344078445188,0.52177745,0,0,0,1,0,0
2015-01-07 02:00:00,0,0.12055498,0.16030324,0.9854246,0.9685938,0.9785073365782704,0.7732072315120451,0.57196707,0,0,0,1,0,0
2015-01-07 02:30:00,0,0.1204852,0.16062474,0.98551106,0.9685938,0.9785073365782704,0.773309229960417,0.62109894,0,0,0,1,0,0
2015-01-07 03:00:00,0,0.13952278,0.16068637,0.9856103,0.9685938,0.9785073365782704,0.7733494481944791,0.66924,0,0,0,1,0,0
2015-01-07 03:30:00,0,0.18381062,0.1610508,0.9857034,0.9685938,0.9785073365782704,0.7734638295078031,0.71461445,0,0,0,1,0,0
2015-01-07 04:00:00,0,0.15464942,0.16115296,0.9857584,0.9685938,0.9785073365782704,0.7735031238698713,0.7555473,0,0,0,1,0,0
2015-01-07 04:30:00,0,0.16859822,0.16114426,0.9857567,0.9685938,0.9785073365782704,0.7735005161666624,0.79095453,0,0,0,1,0,0
2015-01-07 05:00:00,0,0.13786156,0.16119134,0.9857159,0.9685938,0.9785073365782704,0.7735020956897489,0.8211782,0,0,0,1,0,0
2015-01-07 05:30:00,0,0.11433027,0.16115618,0.9856734,0.9685938,0.9785073365782704,0.7734826794767133,0.8449152,0,0,0,1,0,0
2015-01-07 06:00:00,0,0.12054592,0.16168845,0.98564816,0.9685938,0.9785073365782704,0.7736094287538282,0.86217767,0,0,0,1,0,0
2015-01-07 06:30:00,0,0.10901241,0.16093314,0.98563355,0.9685938,0.9679758074628514,0.7707840681758324,0.87358826,0,0,0,1,0,0
2015-01-07 07:00:00,0,0.09788742,0.15992177,0.9856208,0.9685938,0.9679758074628514,0.7705280364241998,0.87975496,0,0,0,1,0,0
2015-01-07 07:30:00,0,0.0840166,0.16039884,0.9856107,0.9685938,0.9679758074628514,0.7706447870221536,0.8805161,0,0,0,1,0,0
2015-01-07 08:00:00,0,0.09542667,0.16149032,0.9856059,0.9685938,0.9679758074628514,0.7709164500918786,0.87575656,0,0,0,1,0,0
2015-01-07 08:30:00,0,0.10418951,0.16478395,0.98560774,0.9685938,0.9679758074628514,0.7717403203931252,0.8643878,0,0,0,1,0,0
2015-01-07 09:00:00,0,0.09086517,0.16590989,0.98561794,0.9685938,0.9679758074628514,0.7720243514266412,0.8456488,0,0,0,1,0,0
2015-01-07 09:30:00,0,0.08515493,0.16547859,0.9856403,0.9685938,0.9679758074628514,0.7719221145596902,0.81771153,0,0,0,1,0,0
2015-01-07 10:00:00,0,0.08878371,0.16227925,0.9856821,0.9685938,0.9679758074628514,0.7711327255454461,0.78025025,0,0,0,1,0,0
2015-01-07 10:30:00,0,0.08904566,0.15681791,0.9857509,0.9685938,0.9679758074628514,0.7697846025910775,0.7343177,0,0,0,1,0,0
2015-01-07 11:00:00,0,0.09588759,0.1498791,0.9858518,0.9685938,0.9679758074628514,0.7680751264777581,0.6822085,0,0,0,1,0,0
2015-01-07 11:30:00,0,0.08413379,0.1418668,0.98598284,0.9685938,0.9679758074628514,0.7661048055377404,0.62571675,0,0,0,1,0,0
2015-01-07 12:00:00,0,0.08492911,0.1369785,0.986132,0.9685938,0.9679758074628514,0.7649200291123788,0.5666311,0,0,0,1,0,0
2015-01-07 12:30:00,0,0.0870995,0.13027334,0.98627496,0.9685938,0.9679758074628514,0.7632794708695809,0.50673693,0,0,0,1,0,0
2015-01-07 13:00:00,0,0.08566136,0.11949897,0.9863733,0.9685938,0.9679758074628514,0.7606104642835061,0.44747806,0,0,0,1,0,0
2015-01-07 13:30:00,0,0.08560996,0.10742414,0.98637944,0.9685938,0.9679758074628514,0.757593292066137,0.39016935,0,0,0,1,0,0
2015-01-07 14:00:00,0,0.08369382,0.0962528,0.9862831,0.9685938,0.9679758074628514,0.754776376554052,0.33574387,0,0,0,1,0,0
2015-01-07 14:30:00,0,0.08604978,0.09480643,0.9861697,0.9685938,0.9679758074628514,0.7543864280667703,0.285851,0,0,0,1,0,0
2015-01-07 15:00:00,0,0.08974611,0.099564075,0.9860967,0.9685938,0.9679758074628514,0.7555575848308007,0.24177335,0,0,0,1,0,0
2015-01-07 15:30:00,0,0.085116364,0.10353804,0.9860199,0.9685938,0.9679758074628514,0.7565318823542992,0.20576258,0,0,0,1,0,0
2015-01-07 16:00:00,0,0.087094076,0.109433174,0.9859102,0.9685938,0.9679758074628514,0.7579782337632577,0.17842172,0,0,0,1,0,0
2015-01-07 16:30:00,0,0.08833117,0.10932684,0.9857544,0.9685938,0.9679758074628514,0.7579126984563271,0.158676,0,0,0,1,0,0
2015-01-07 17:00:00,0,0.083178096,0.109119415,0.98556584,0.9685938,0.9679758074628514,0.7578137100425164,0.1444145,0,0,0,1,0,0
2015-01-07 17:30:00,0,0.10432271,0.10370433,0.98538405,0.9685938,0.9679758074628514,0.7564144910064141,0.13405408,0,0,0,1,0,0
2015-01-07 18:00:00,0,0.10833287,0.10317981,0.9852926,0.9685938,0.9679758074628514,0.7562605024066369,0.12569074,0,0,0,1,0,0
2015-01-07 18:30:00,0,0.117314234,0.10191965,0.9854408,0.9685938,0.9679758074628514,0.7559825063434045,0.11788087,0,0,0,1,0,0
2015-01-07 19:00:00,0,0.12293107,0.09605646,0.9859962,0.9685938,0.9679758074628514,0.7546555579390923,0.109811805,0,0,0,1,0,0
2015-01-07 19:30:00,0,0.11546504,0.08617985,0.9870128,0.9685938,0.9679758074628514,0.7524405599322717,0.101374365,0,0,0,1,0,0
2015-01-07 20:00:00,0,0.10728257,0.07889271,0.9882784,0.9685938,0.9679758074628514,0.7509351701226632,0.09264723,0,0,0,1,0,0
2015-01-07 20:30:00,0,0.106211685,0.066218376,0.9892063,0.9685938,0.9679758074628514,0.7479985684838693,0.08383528,0,0,0,1,0,0
2015-01-07 21:00:00,0,0.10792813,0.054841638,0.9887539,0.9685938,0.9679758074628514,0.7450412840333382,0.074981324,0,0,0,1,0,0
2015-01-07 21:30:00,0,0.10802305,0.047510743,0.9873838,0.9685938,0.9679758074628514,0.7428660274234216,0.06611013,0,0,0,1,0,0
2015-01-07 22:00:00,0,0.10452937,0.03927183,0.9718983,0.9685938,0.9679758074628514,0.7369349331345956,0.057324056,0,0,0,1,0,0
2015-01-07 22:30:00,0,0.08380231,0.034509897,0.93126875,0.96556336,0.9679758074628514,0.7248294532981316,0.048978757,0,0,0,1,0,0
2015-01-07 23:00:00,0,0.08960302,0.034000397,0.97873276,0.9603679,0.9679758074628514,0.7352692217317025,0.041233674,0,0,0,1,0,0
2015-01-07 23:30:00,0,0.111554384,0.033917904,0.9794662,0.9603679,0.9679758074628514,0.7354319573131005,0.03427665,0,0,0,1,0,0
2015-01-08 00:00:00,0,0.12098561,0.03513229,0.97948724,0.9603679,0.9679758074628514,0.7357408136811654,0.028597081,0,0,0,1,0,0
2015-01-08 00:30:00,0,0.12115322,0.03554368,0.9795267,0.9603679,0.9679758074628514,0.7358535260644357,0.024318295,0,0,0,1,0,0
2015-01-08 01:00:00,0,0.12048176,0.03721118,0.9795837,0.9603679,0.9679758074628514,0.7362846464600961,0.021324242,0,0,0,1,0,0
2015-01-08 01:30:00,0,0.105952054,0.03827858,0.9796555,0.9603679,0.9679758074628514,0.7365694523539941,0.01930988,0,0,0,1,0,0
2015-01-08 02:00:00,0,0.11946873,0.038505077,0.97974086,0.9603679,0.9679758074628514,0.7366474152293603,0.017952329,0,0,0,1,0,0
2015-01-08 02:30:00,0,0.11253736,0.03854859,0.9798421,0.9603679,0.9679758074628514,0.7366836101499001,0.017014412,0,0,0,1,0,0
2015-01-08 03:00:00,0,0.1377309,0.038713574,0.97996396,0.9603679,0.9679758074628514,0.7367553145375649,0.016354915,0,0,0,1,0,0
2015-01-08 03:30:00,0,0.13873324,0.03883791,0.9801056,0.9603679,0.9679758074628514,0.7368218035188119,0.015894705,0,0,0,1,0,0
2015-01-08 04:00:00,0,0.14516903,0.038958073,0.9802628,0.9603679,0.9679758074628514,0.736891153523008,0.015593012,0,0,0,1,0,0
2015-01-08 04:30:00,0,0.17697954,0.03907168,0.98042756,0.9603679,0.9679758074628514,0.7369607419457833,0.015454414,0,0,0,1,0,0
2015-01-08 05:00:00,0,0.13728876,0.03935957,0.98055536,0.9603679,0.9679758074628514,0.7370646626439492,0.015487228,0,0,0,1,0,0
2015-01-08 05:30:00,0,0.10875924,0.039440393,0.9805879,0.9603679,0.9679758074628514,0.7370930046525399,0.015724255,0,0,0,1,0,0
2015-01-08 06:00:00,0,0.10975717,0.04067135,0.980565,0.9603679,0.9679758074628514,0.7373950213876168,0.016231116,0,0,0,1,0,0
2015-01-08 06:30:00,0,0.10338497,0.040970445,0.9805053,0.9603679,0.978685902062416,0.7401323881008625,0.01710868,0,0,0,1,0,0
2015-01-08 07:00:00,0,0.090490684,0.039505005,0.9804335,0.9603679,0.978685902062416,0.7397480871536731,0.018476613,0,0,0,1,0,0
2015-01-08 07:30:00,0,0.09664071,0.039933085,0.9803868,0.9603679,0.978685902062416,0.7398434247829914,0.020447401,0,0,0,1,0,0
2015-01-08 08:00:00,0,0.10360921,0.041252136,0.9803806,0.9603679,0.978685902062416,0.740171637759447,0.023053648,0,0,0,1,0,0
2015-01-08 08:30:00,0,0.109658174,0.04350567,0.9804134,0.9603679,0.978685902062416,0.7407432165005207,0.026207445,0,0,0,1,0,0
2015-01-08 09:00:00,0,0.09529819,0.044235826,0.9804776,0.9603679,0.978685902062416,0.7409418042757511,0.029713681,0,0,0,1,0,0
2015-01-08 09:30:00,0,0.09133066,0.04535985,0.9805689,0.9603679,0.978685902062416,0.7412456389524936,0.033359285,0,0,0,1,0,0
2015-01-08 10:00:00,0,0.08436767,0.04520583,0.98068786,0.9603679,0.978685902062416,0.7412368770697116,0.03695801,0,0,0,1,0,0
2015-01-08 10:30:00,0,0.08452783,0.04590392,0.9808373,0.9603679,0.978685902062416,0.741448756680727,0.04038455,0,0,0,1,0,0
2015-01-08 11:00:00,0,0.08740023,0.044700384,0.98102015,0.9603679,0.978685902062416,0.7411935891964435,0.04353851,0,0,0,1,0,0
2015-01-08 11:30:00,0,0.08350853,0.044235587,0.9812347,0.9603679,0.978685902062416,0.7411310341217517,0.046338826,0,0,0,1,0,0
2015-01-08 12:00:00,0,0.08403871,0.043840647,0.98146915,0.9603679,0.978685902062416,0.7410909052946567,0.048696756,0,0,0,1,0,0
2015-01-08 12:30:00,0,0.08488638,0.045007348,0.981693,0.9603679,0.978685902062416,0.7414385493853092,0.050451115,0,0,0,1,0,0
2015-01-08 13:00:00,0,0.08728211,0.04503846,0.98184526,0.9603679,0.978685902062416,0.7414843853571415,0.05142695,0,0,0,1,0,0
2015-01-08 13:30:00,0,0.086027674,0.045460224,0.9818324,0.9603679,0.978685902062416,0.7415866073229312,0.051567357,0,0,0,1,0,0
2015-01-08 14:00:00,0,0.08498076,0.0454942,0.98161584,0.9603679,0.978685902062416,0.7415409650661945,0.050951835,0,0,0,1,0,0
2015-01-08 14:30:00,0,0.09314799,0.044430733,0.98134744,0.9603679,0.978685902062416,0.741207998619318,0.049764853,0,0,0,1,0,0
2015-01-08 15:00:00,0,0.09562984,0.047663808,0.9811576,0.9603679,0.978685902062416,0.7419688072063922,0.04829422,0,0,0,1,0,0
2015-01-08 15:30:00,0,0.08437629,0.054553628,0.98099774,0.9603679,0.978685902062416,0.7436512973167896,0.04687001,0,0,0,1,0,0
2015-01-08 16:00:00,0,0.08723173,0.05527997,0.98079085,0.9603679,0.978685902062416,0.743781160936594,0.045790184,0,0,0,1,0,0
2015-01-08 16:30:00,0,0.09483097,0.054848075,0.98050445,0.9603679,0.978685902062416,0.7436015870430469,0.045271557,0,0,0,1,0,0
2015-01-08 17:00:00,0,0.08293676,0.055171728,0.98017347,0.9603679,0.978685902062416,0.7435997542002201,0.045544486,0,0,0,1,0,0
2015-01-08 17:30:00,0,0.10384255,0.054456115,0.9797457,0.9603679,0.978685902062416,0.7433139052250385,0.04682554,0,0,0,1,0,0
2015-01-08 18:00:00,0,0.10993617,0.05453968,0.97928715,0.9603679,0.978685902062416,0.743220162019968,0.04948948,0,0,0,1,0,0
2015-01-08 18:30:00,0,0.12004458,0.055012465,0.97896075,0.9603679,0.978685902062416,0.7432567592718601,0.05411138,0,0,0,1,0,0
2015-01-08 19:00:00,0,0.11986524,0.056417584,0.9790126,0.9603679,0.978685902062416,0.7436210032560825,0.061342075,0,0,0,1,0,0
2015-01-08 19:30:00,0,0.12265575,0.056612134,0.9796392,0.9603679,0.978685902062416,0.7438262816526889,0.07163385,0,0,0,1,0,0
2015-01-08 20:00:00,0,0.11660782,0.056812882,0.980802,0.9603679,0.978685902062416,0.7441671755173206,0.08536407,0,0,0,1,0,0
2015-01-08 20:30:00,0,0.10750038,0.055033445,0.9818584,0.9603679,0.978685902062416,0.743986409530878,0.10211072,0,0,0,1,0,0
2015-01-08 21:00:00,0,0.10787794,0.056462646,0.98231906,0.9603679,0.978685902062416,0.7444588806488514,0.121064514,0,0,0,1,0,0
2015-01-08 21:30:00,0,0.10760657,0.058623314,0.9820648,0.9603679,0.978685902062416,0.7449354793884754,0.14139822,0,0,0,1,0,0
2015-01-08 22:00:00,0,0.108205125,0.061424136,0.97653574,0.9603679,0.978685902062416,0.7442534234383106,0.1620198,0,0,0,1,0,0
2015-01-08 22:30:00,0,0.10430994,0.06039393,0.9620514,0.9603679,0.978685902062416,0.7403747852900028,0.18229444,0,0,0,1,0,0
2015-01-08 23:00:00,0,0.09159451,0.058867455,0.9627559,0.9546875,0.978685902062416,0.7387491878130436,0.20197825,0,0,0,1,0,0
2015-01-08 23:30:00,0,0.0913022,0.069004536,0.9830944,0.9546875,0.978685902062416,0.7463680770256519,0.22139643,0,0,0,1,0,0
2015-01-09 00:00:00,0,0.10238478,0.07954371,0.98786175,0.98389935,0.978685902062416,0.7574976798155307,0.24118137,0,0,0,1,0,0
2015-01-09 00:30:00,0,0.1196593,0.087729216,0.9878983,0.98389935,0.978685902062416,0.7595531906940937,0.2617804,0,0,0,1,0,0
2015-01-09 01:00:00,0,0.122046724,0.09308803,0.9879386,0.98389935,0.978685902062416,0.7609029676773548,0.28367636,0,0,0,1,0,0
2015-01-09 01:30:00,0,0.12361329,0.09712827,0.9879803,0.98389935,0.978685902062416,0.7619234588005542,0.30718425,0,0,0,1,0,0
2015-01-09 02:00:00,0,0.11489748,0.09829056,0.98802197,0.98389935,0.978685902062416,0.7622244473555088,0.33205524,0,0,0,1,0,0
2015-01-09 02:30:00,0,0.11567276,0.10029113,0.9880642,0.98389935,0.978685902062416,0.7627351548531055,0.35840306,0,0,0,1,0,0
2015-01-09 03:00:00,0,0.12256184,0.10131097,0.9881092,0.98389935,0.978685902062416,0.7630013491966724,0.38638946,0,0,0,1,0,0
2015-01-09 03:30:00,0,0.11184486,0.10274124,0.98815674,0.98389935,0.978685902062416,0.7633708085873127,0.41603068,0,0,0,1,0,0
2015-01-09 04:00:00,0,0.11223572,0.10346317,0.98821646,0.98389935,0.978685902062416,0.7635662224152088,0.44763783,0,0,0,1,0,0
2015-01-09 04:30:00,0,0.12448663,0.10450697,0.98832333,0.98389935,0.978685902062416,0.763853889332056,0.4812449,0,0,0,1,0,0
2015-01-09 05:00:00,0,0.119587906,0.10487461,0.9884797,0.98389935,0.978685902062416,0.7639848854401111,0.51660794,0,0,0,1,0,0
2015-01-09 05:30:00,0,0.11161299,0.10657084,0.988617,0.98389935,0.978685902062416,0.7644432749607563,0.55300975,0,0,0,1,0,0
2015-01-09 06:00:00,0,0.123406515,0.10850394,0.9886956,0.98389935,0.978685902062416,0.7649462040522098,0.58940506,0,0,0,1,0,0
2015-01-09 06:30:00,0,0.10888636,0.109645605,0.9887307,0.98389935,0.9616740832643,0.7609874429781309,0.62460285,0,0,0,1,0,0
2015-01-09 07:00:00,0,0.099410914,0.11890566,0.9887446,0.98389935,0.9616740832643,0.7633059295494429,0.6574319,0,0,0,1,0,0
2015-01-09 07:30:00,0,0.09622278,0.12808108,0.9887505,0.98389935,0.9616740832643,0.7656012597162596,0.68732214,0,0,0,1,0,0
2015-01-09 08:00:00,0,0.0935101,0.13837373,0.9887537,0.98389935,0.9616740832643,0.7681752117950789,0.7143826,0,0,0,1,0,0
2015-01-09 08:30:00,0,0.08956804,0.14264393,0.9887554,0.98389935,0.9616740832643,0.7692431929190031,0.73893267,0,0,0,1,0,0
2015-01-09 09:00:00,0,0.08862276,0.14706528,0.98875624,0.98389935,0.9616740832643,0.7703487398702971,0.76131773,0,0,0,1,0,0
2015-01-09 09:30:00,0,0.08971455,0.14284003,0.9887601,0.98389935,0.9616740832643,0.7692933949310652,0.7817733,0,0,0,1,0,0
2015-01-09 10:00:00,0,0.09273197,0.1455319,0.9887737,0.98389935,0.9616740832643,0.7699697586376539,0.80051786,0,0,0,1,0,0
2015-01-09 10:30:00,0,0.090652436,0.14937735,0.9888037,0.98389935,0.9616740832643,0.7709386172373167,0.8177042,0,0,0,1,0,0
2015-01-09 11:00:00,0,0.09873685,0.1533699,0.9888559,0.98389935,0.9616740832643,0.7719498100359312,0.8332817,0,0,0,1,0,0
2015-01-09 11:30:00,0,0.090623386,0.15788114,0.9889333,0.98389935,0.9616740832643,0.7730969759304396,0.84715205,0,0,0,1,0,0
2015-01-09 12:00:00,0,0.08912029,0.16182804,0.98903286,0.98389935,0.9616740832643,0.7741085859615675,0.85905915,0,0,0,1,0,0
2015-01-09 12:30:00,0,0.08991809,0.16293192,0.9891399,0.98389935,0.9616740832643,0.7744113179523817,0.86899763,0,0,0,1,0,0
2015-01-09 13:00:00,0,0.0880775,0.16139615,0.98922133,0.98389935,0.9616740832643,0.7740477296192518,0.8768088,0,0,0,1,0,0
2015-01-09 13:30:00,0,0.08606286,0.16094327,0.9892246,0.98389935,0.9616740832643,0.7739353301603666,0.88223773,0,0,0,1,0,0
2015-01-09 14:00:00,0,0.08438014,0.15945935,0.9891149,0.98389935,0.9616740832643,0.7735369178135267,0.88513047,0,0,0,1,0,0
2015-01-09 14:30:00,0,0.08933379,0.15604115,0.9889614,0.98389935,0.9616740832643,0.7726439955313078,0.8856599,0,0,0,1,0,0
2015-01-09 15:00:00,0,0.0823507,0.14380348,0.9888781,0.98389935,0.9616740832643,0.7695637466986052,0.88448864,0,0,0,1,0,0
2015-01-09 15:30:00,0,0.08347686,0.13693798,0.98887116,0.98389935,0.9616740832643,0.7678456428129545,0.88245964,0,0,0,1,0,0
2015-01-09 16:00:00,0,0.08956088,0.13231587,0.9888812,0.98389935,0.9616740832643,0.766692620762097,0.87966204,0,0,0,1,0,0
2015-01-09 16:30:00,0,0.0957624,0.13225889,0.9888426,0.98389935,0.9616740832643,0.7666687342007033,0.8760369,0,0,0,1,0,0
2015-01-09 17:00:00,0,0.08459745,0.13022065,0.98871803,0.98389935,0.9616740832643,0.7661280306656233,0.8715791,0,0,0,1,0,0
2015-01-09 17:30:00,0,0.10224453,0.12768817,0.9885196,0.98389935,0.9616740832643,0.7654453041632048,0.8660689,0,0,0,1,0,0
2015-01-09 18:00:00,0,0.11678769,0.12713504,0.98831314,0.98389935,0.9616740832643,0.7652554037649504,0.85928756,0,0,0,1,0,0
2015-01-09 18:30:00,0,0.14497273,0.12792242,0.98823047,0.98389935,0.9616740832643,0.7654315801937452,0.85086733,0,0,0,1,0,0
2015-01-09 19:00:00,0,0.19774349,0.12625933,0.988447,0.98389935,0.9616740832643,0.7650699439127318,0.8403055,0,0,0,1,0,0
2015-01-09 19:30:00,0,0.21754529,0.13201356,0.9890731,0.98389935,0.9616740832643,0.766665023811566,0.8263793,0,0,0,1,0,0
2015-01-09 20:00:00,0,0.12036616,0.12888074,0.9899873,0.98389935,0.9616740832643,0.7661103727896086,0.8066183,0,0,0,1,0,0
2015-01-09 20:30:00,0,0.106152795,0.120292544,0.99072623,0.98389935,0.9616740832643,0.764148053773152,0.77675223,0,0,0,1,0,0
2015-01-09 21:00:00,0,0.10672466,0.11505759,0.9905222,0.98389935,0.9616740832643,0.7627883079130522,0.7348497,0,0,0,1,0,0
2015-01-09 21:30:00,0,0.10891867,0.111144066,0.9881599,0.98389935,0.9616740832643,0.7612193497497908,0.68224263,0,0,0,1,0,0
2015-01-09 22:00:00,0,0.11533338,0.1087811,0.98149073,0.98389935,0.9616740832643,0.7589613171894423,0.6226685,0,0,0,1,0,0
2015-01-09 22:30:00,0,0.118784234,0.10612917,0.9753828,0.98389935,0.9616740832643,0.7567713531334272,0.5593468,0,0,0,1,0,0
2015-01-09 23:00:00,0,0.11894833,0.09831929,0.9817992,0.98389935,0.9616740832643,0.7564229788858763,0.49451998,0,0,0,1,0,0
2015-01-09 23:30:00,0,0.12243454,0.083931565,0.9956012,0.98389935,0.9616740832643,0.7562765451748243,0.42970833,0,0,0,1,0,0
2015-01-10 00:00:00,0,0.1147082,0.07661581,0.9920248,0.9730919,0.9616740832643,0.7508516433317534,0.36585534,0,0,0,1,0,0
2015-01-10 00:30:00,0,0.10892527,0.06507087,0.9908958,0.9473779,0.9616740832643,0.7412546696741453,0.30373785,0,0,0,1,0,0
2015-01-10 01:00:00,0,0.09601893,0.055673003,0.98902845,0.91733533,0.9616740832643,0.7309277179319731,0.24424584,0,0,0,1,0,0
2015-01-10 01:30:00,0,0.08449772,0.048181057,0.9701769,0.89262676,0.9616740832643,0.7181646945555082,0.18873286,0,0,0,1,0,0
2015-01-10 02:00:00,0,0.08709988,0.04461515,0.95005345,0.89262676,0.9616740832643,0.7122423621494642,0.13957389,0,0,0,1,0,0
2015-01-10 02:30:00,0,0.10008837,0.04347968,0.8940811,0.89262676,0.9616740832643,0.6979654105980269,0.10081505,0,0,0,1,0,0
2015-01-10 03:00:00,0,0.10387563,0.04197347,0.82420844,0.89262676,0.9616740832643,0.6801206889231077,0.07394478,0,0,0,1,0,0
2015-01-10 03:30:00,0,0.12015642,0.04136145,0.8237502,0.89262676,0.9616740832643,0.679853123672711,0.057255704,0,0,0,1,0,0
2015-01-10 04:00:00,0,0.12275753,0.043434978,0.8228398,0.89262676,0.9616740832643,0.6801439049322477,0.047355507,0,0,0,1,0,0
2015-01-10 04:30:00,0,0.11254042,0.045081973,0.8239123,0.89262676,0.9616740832643,0.6808237853128782,0.041360945,0,0,0,1,0,0
2015-01-10 05:00:00,0,0.11918628,0.044979453,0.8244133,0.89262676,0.9616740832643,0.6809233995754591,0.03731669,0,0,0,1,0,0
2015-01-10 05:30:00,0,0.117317304,0.04550922,0.8247984,0.89262676,0.9616740832643,0.6811521174986235,0.034181744,0,0,0,1,0,0
2015-01-10 06:00:00,0,0.12141266,0.046786666,0.8530821,0.89262676,0.9616740832643,0.688542407997357,0.031577528,0,0,0,1,0,0
2015-01-10 06:30:00,0,0.11000228,0.04298687,0.89625823,0.89262676,0.914509430619136,0.6865953244497516,0.029413404,0,0,0,1,0,0
2015-01-10 07:00:00,0,0.11839019,0.041300535,0.82445073,0.89262676,0.914509430619136,0.6682218648721912,0.027662216,0,0,0,1,0,0
2015-01-10 07:30:00,0,0.110235386,0.039089203,0.8239771,0.89262676,0.914509430619136,0.6675506271650531,0.026302854,0,0,0,1,0,0
2015-01-10 08:00:00,0,0.119829506,0.04176593,0.8234176,0.89262676,0.914509430619136,0.6680799313118198,0.025316013,0,0,0,1,0,0
2015-01-10 08:30:00,0,0.112066604,0.047210813,0.82283527,0.89262676,0.9330202589762392,0.6739232751312897,0.024695233,0,0,0,1,0,0
2015-01-10 09:00:00,0,0.102661334,0.047756195,0.8236123,0.89262676,0.9330202589762392,0.6742538722935364,0.024464672,0,0,0,1,0,0
2015-01-10 09:30:00,0,0.085516304,0.047332525,0.82637525,0.89262676,0.9360298304352156,0.6755910910316555,0.024686525,0,0,0,1,0,0
2015-01-10 10:00:00,0,0.08519865,0.043722987,0.82878035,0.89262676,0.9360298304352156,0.6752899832674114,0.025471441,0,0,0,1,0,0
2015-01-10 10:30:00,0,0.09003779,0.04321456,0.8305893,0.89262676,0.9360298304352156,0.6756151117035,0.02703576,0,0,0,1,0,0
2015-01-10 11:00:00,0,0.09579573,0.042411566,0.8316505,0.89262676,0.9360298304352156,0.6756796635337917,0.029632717,0,0,0,1,0,0
2015-01-10 11:30:00,0,0.10494603,0.042069197,0.9471271,0.9299557,0.9360298304352156,0.7137954629608242,0.033433568,0,0,0,1,0,0
2015-01-10 12:00:00,0,0.10562676,0.041722894,0.9471309,0.9299557,0.9360298304352156,0.7137098408886043,0.038169175,0,0,0,1,0,0
2015-01-10 12:30:00,0,0.10490588,0.04215586,0.97006005,0.96512556,0.9360298304352156,0.7283428258844463,0.043110386,0,0,0,1,0,0
2015-01-10 13:00:00,0,0.10672952,0.04294896,0.97006154,0.96512556,0.9360298304352156,0.7285414732643215,0.047440913,0,0,0,1,0,0
2015-01-10 13:30:00,0,0.10452183,0.043366075,0.9700633,0.96512556,0.9360298304352156,0.7286461986251919,0.050774813,0,0,0,1,0,0
2015-01-10 14:00:00,0,0.102878615,0.043480515,0.97006625,0.96512556,0.9360298304352156,0.7286755390115826,0.053111568,0,0,0,1,0,0
2015-01-10 14:30:00,0,0.10716149,0.04479885,0.9700702,0.96512556,0.9360298304352156,0.7290061063715069,0.054578755,0,0,0,1,0,0
2015-01-10 15:00:00,0,0.10653611,0.048147082,0.9700743,0.96512556,0.9360298304352156,0.7298441923805324,0.055332888,0,0,0,1,0,0
2015-01-10 15:30:00,0,0.10900626,0.0556736,0.970078,0.96752924,0.9360298304352156,0.7323276646085827,0.055519342,0,0,0,1,0,0
2015-01-10 16:00:00,0,0.105397426,0.06487203,0.9700819,0.96752924,0.9360298304352156,0.7346282548853008,0.055217728,0,0,0,1,0,0
2015-01-10 16:30:00,0,0.0974905,0.06794548,0.97008777,0.96752924,0.9360298304352156,0.7353980786748974,0.054390926,0,0,0,1,0,0
2015-01-10 17:00:00,0,0.10452062,0.070014,0.9700963,0.96752924,0.9360298304352156,0.7359173394390194,0.052963074,0,0,0,1,0,0
2015-01-10 17:30:00,0,0.113959976,0.07570779,0.9701066,0.96752924,0.9360298304352156,0.7373433656641094,0.050931837,0,0,0,1,0,0
2015-01-10 18:00:00,0,0.1455245,0.082612514,0.97011864,0.96752924,0.9360298304352156,0.7390725560136883,0.04873532,0,0,0,1,0,0
2015-01-10 18:30:00,0,0.15087734,0.085222006,0.9701297,0.96752924,0.9360298304352156,0.739727700466737,0.047306746,0,0,0,1,0,0
2015-01-10 19:00:00,0,0.24037468,0.08898759,0.97013456,0.9695543,0.9360298304352156,0.7411765701719372,0.047805622,0,0,0,1,0,0
2015-01-10 19:30:00,0,0.14927477,0.08938265,0.97012174,0.9695543,0.9360298304352156,0.7412721313186733,0.05118085,0,0,0,1,0,0
2015-01-10 20:00:00,0,0.23552008,0.10140848,0.97550905,0.9695543,0.9689386040802545,0.7538526095657484,0.05835697,0,0,0,1,0,0
2015-01-10 20:30:00,0,0.11623318,0.102261305,0.9754999,0.9695543,0.9756442534979638,0.7557399478568747,0.0703267,0,0,0,1,0,0
2015-01-10 21:00:00,0,0.1076802,0.10037053,0.97548467,0.9695543,0.9756442534979638,0.7552634385242178,0.08852046,0,0,0,1,0,0
2015-01-10 21:30:00,0,0.11734815,0.09967077,0.9754709,0.9695543,0.9756442534979638,0.7550850567235663,0.11482433,0,0,0,1,0,0
2015-01-10 22:00:00,0,0.13196997,0.10015237,0.97547036,0.9695543,0.9756442534979638,0.7552053239955618,0.15124671,0,0,0,1,0,0
2015-01-10 22:30:00,0,0.21013102,0.10026014,0.97547716,0.9695543,0.9756442534979638,0.7552339640273764,0.19846813,0,0,0,1,0,0
2015-01-10 23:00:00,0,0.25424027,0.10156226,0.9754553,0.9695543,0.9756442534979638,0.7555540260686591,0.25445563,0,0,0,1,0,0
2015-01-10 23:30:00,0,0.26069832,0.10225153,0.9753857,0.9695543,0.9756442534979638,0.7557089534415915,0.31570855,0,0,0,1,0,0
2015-01-11 00:00:00,0,0.14451523,0.10210621,0.97535974,0.9931064,0.9756442534979638,0.7615541574372962,0.37979743,0,0,0,1,0,0
2015-01-11 00:30:00,0,0.1155377,0.10170305,0.9753389,0.9931064,0.9756442534979638,0.7614481505765631,0.44469467,0,0,0,1,0,0
2015-01-11 01:00:00,0,0.10738475,0.10096228,0.97532403,0.9931064,0.9756442534979638,0.7612592485561087,0.50900954,0,0,0,1,0,0
2015-01-11 01:30:00,0,0.09878735,0.10074961,0.9753169,0.9931064,0.9756442534979638,0.7612042930736258,0.5716087,0,0,0,1,0,0
2015-01-11 02:00:00,0,0.09144784,0.100634694,0.97531915,0.9931064,0.9756442534979638,0.7611761298789694,0.6312465,0,0,0,1,0,0
2015-01-11 02:30:00,0,0.08215135,0.0999676,0.9753336,0.9931064,0.9756442534979638,0.7610129621638968,0.68648475,0,0,0,1,0,0
2015-01-11 03:00:00,0,0.09809287,0.098736644,0.97536206,0.9931064,0.9756442534979638,0.7607123461379721,0.7352292,0,0,0,1,0,0
2015-01-11 03:30:00,0,0.109372094,0.097890496,0.9754009,0.9931064,0.9756442534979638,0.7605105248107626,0.77453405,0,0,0,1,0,0
2015-01-11 04:00:00,0,0.12164237,0.100685954,0.97543633,0.9931064,0.9756442534979638,0.7612182405605032,0.8011632,0,0,0,1,0,0
2015-01-11 04:30:00,0,0.12345369,0.10098863,0.97545195,0.9931064,0.9756442534979638,0.7612978127612784,0.813011,0,0,0,1,0,0
2015-01-11 05:00:00,0,0.11286151,0.10116565,0.97544515,0.9931064,0.9756442534979638,0.761340370477648,0.81068915,0,0,0,1,0,0
2015-01-11 05:30:00,0,0.11919934,0.101148486,0.97543055,0.9931064,0.9756442534979638,0.7613324281587317,0.7972531,0,0,0,1,0,0
2015-01-11 06:00:00,0,0.11452857,0.1006968,0.9754312,0.9931064,0.9756442534979638,0.7612196710719779,0.7754057,0,0,0,1,0,0
2015-01-11 06:30:00,0,0.112330385,0.0981909,0.97546965,0.9931064,0.9756442534979638,0.7606028077020361,0.74583673,0,0,0,1,0,0
2015-01-11 07:00:00,0,0.111790255,0.09793961,0.9755653,0.9931064,0.9756442534979638,0.760563900770159,0.7103844,0,0,0,1,0,0
2015-01-11 07:30:00,0,0.11498391,0.0973829,0.97573674,0.9931064,0.9756442534979638,0.760467579664202,0.67081994,0,0,0,1,0,0
2015-01-11 08:00:00,0,0.124491856,0.09698701,0.9759999,0.9931064,0.9756442534979638,0.7604343947782233,0.6295997,0,0,0,1,0,0
2015-01-11 08:30:00,0,0.122119665,0.095198035,0.97634923,0.9931064,0.9756442534979638,0.7600744870319083,0.5889178,0,0,0,1,0,0
2015-01-11 09:00:00,0,0.121549904,0.09709716,0.976732,0.9931064,0.9756442534979638,0.7606449630870535,0.5499789,0,0,0,1,0,0
2015-01-11 09:30:00,0,0.103356056,0.097352505,0.9770551,0.9931064,0.9756442534979638,0.7607895639552786,0.51401305,0,0,0,1,0,0
2015-01-11 10:00:00,0,0.09839133,0.09757769,0.97723,0.9931064,0.9756442534979638,0.7608895954503729,0.48193237,0,0,0,1,0,0
2015-01-11 10:30:00,0,0.08469792,0.098150015,0.97721374,0.9931064,0.9756442534979638,0.7610286083831503,0.45558777,0,0,0,1,0,0
2015-01-11 11:00:00,0,0.08354995,0.097189784,0.9795807,0.9931064,0.9756442534979638,0.7613802906884863,0.43692625,0,0,0,1,0,0
2015-01-11 11:30:00,0,0.096009105,0.09337163,0.9807004,0.9931064,0.9756442534979638,0.7607056704177573,0.4263595,0,0,0,1,0,0
2015-01-11 12:00:00,0,0.092163764,0.089318156,0.99040633,0.9931064,0.9756442534979638,0.7621187922372534,0.42293498,0,0,0,1,0,0
2015-01-11 12:30:00,0,0.10324505,0.085308194,0.9808215,0.9931064,0.9756442534979638,0.7587200906886771,0.42688736,0,0,0,1,0,0
2015-01-11 13:00:00,0,0.10369164,0.08238566,0.9760669,0.9931064,0.9756442534979638,0.7568008062257483,0.4358339,0,0,0,1,0,0
2015-01-11 13:30:00,0,0.09479841,0.07822096,0.97788996,0.9931064,0.9756442534979638,0.7562153992070868,0.44611606,0,0,0,1,0,0
2015-01-11 14:00:00,0,0.09084688,0.07678497,0.98217726,0.9931064,0.9756442534979638,0.7569282260551169,0.4525373,0,0,0,1,0,0
2015-01-11 14:30:00,0,0.090223745,0.072377324,0.9856706,0.9931064,0.9756442534979638,0.7566996571435645,0.4508685,0,0,0,1,0,0
2015-01-11 15:00:00,0,0.084605545,0.06259465,0.9889952,0.9931064,0.9756442534979638,0.7550851312293723,0.44016993,0,0,0,1,0,0
2015-01-11 15:30:00,0,0.0899546,0.04944408,0.9751728,0.9931064,0.9756442534979638,0.7483418938531592,0.42165017,0,0,0,1,0,0
2015-01-11 16:00:00,0,0.0879927,0.04501891,0.9741941,0.9931064,0.9756442534979638,0.7469909247770026,0.39728794,0,0,0,1,0,0
2015-01-11 16:30:00,0,0.09388558,0.04651344,0.9732467,0.9931064,0.9756442534979638,0.7471277025356009,0.36793008,0,0,0,1,0,0
2015-01-11 17:00:00,0,0.09248119,0.046624184,0.9729413,0.9931064,0.9756442534979638,0.7470790353431418,0.33418164,0,0,0,1,0,0
2015-01-11 17:30:00,0,0.09327133,0.044928074,0.985405,0.9931064,0.9756442534979638,0.7497709450139716,0.2967792,0,0,0,1,0,0
2015-01-11 18:00:00,0,0.09385617,0.044884562,0.9802058,0.9931064,0.9756442534979638,0.7484602537765219,0.2566477,0,0,0,1,0,0
2015-01-11 18:30:00,0,0.08983093,0.041942835,0.98759425,0.9931064,0.9756442534979638,0.7495719400062277,0.21482904,0,0,0,1,0,0
2015-01-11 19:00:00,0,0.082451895,0.03873086,0.9787526,0.9931064,0.9756442534979638,0.7465585377826407,0.17296876,0,0,0,1,0,0
2015-01-11 19:30:00,0,0.084735215,0.035566807,0.97705394,0.9931064,0.9756442534979638,0.745342856348963,0.13353087,0,0,0,1,0,0
2015-01-11 20:00:00,0,0.092400804,0.034166098,0.8937785,0.9931064,0.9756442534979638,0.7241738197221472,0.09956604,0,0,0,1,0,0
2015-01-11 20:30:00,0,0.10016718,0.035351396,0.91828036,0.9931064,0.9396622093730278,0.7216000982178525,0.07338262,0,0,0,1,0,0
2015-01-11 21:00:00,0,0.09834318,0.0356313,0.9420394,0.9931064,0.9396622093730278,0.7276098259342985,0.05517455,0,0,0,1,0,0
2015-01-11 21:30:00,0,0.09957627,0.038083673,0.922748,0.9931064,0.9396622093730278,0.7234000839842634,0.043333992,0,0,0,1,0,0
2015-01-11 22:00:00,0,0.10287888,0.038757563,0.9629052,0.9931064,0.9396622093730278,0.7336078562392072,0.0360234,0,0,0,1,0,0
2015-01-11 22:30:00,0,0.1094651,0.037670016,0.9821811,0.9931064,0.9396622093730278,0.7381549306763486,0.031861454,0,0,0,1,0,0
2015-01-11 23:00:00,0,0.10314369,0.034194946,0.98908067,0.9931064,0.9396622093730278,0.73901106199158,0.029634193,0,0,0,1,0,0
2015-01-11 23:30:00,0,0.12124999,0.03369987,0.9965365,0.9974969,0.9430406864468612,0.7426934882001172,0.02853532,0,0,0,1,0,0
2015-01-12 00:00:00,0,0.109903954,0.03165996,0.9925202,0.9974969,0.9430406864468612,0.7411794408158551,0.028126687,0,0,0,1,0,0
2015-01-12 00:30:00,0,0.11515327,0.030295253,0.9890331,0.9974969,0.9430406864468612,0.7399664862946759,0.028211141,0,0,0,1,0,0
2015-01-12 01:00:00,0,0.11309491,0.032019973,0.9758296,0.9974969,0.9430406864468612,0.7370967908696423,0.028699705,0,0,0,1,0,0
2015-01-12 01:30:00,0,0.12145485,0.032165408,0.977276,0.9974969,0.9430406864468612,0.7374947561816464,0.029563606,0,0,0,1,0,0
2015-01-12 02:00:00,0,0.11250299,0.030407548,0.9604244,0.9974969,0.9430406864468612,0.7328423901395092,0.030775115,0,0,0,1,0,0
2015-01-12 02:30:00,0,0.1221461,0.030691743,0.9290587,0.9974969,0.9430406864468612,0.7250720008210431,0.03233126,0,0,0,1,0,0
2015-01-12 03:00:00,0,0.14578566,0.033388734,0.8943224,0.9974969,0.9430406864468612,0.7170621796445141,0.03423274,0,0,0,1,0,0
2015-01-12 03:30:00,0,0.19749421,0.02979505,0.89419085,0.9974969,0.9430406864468612,0.7161308719710598,0.036393996,0,0,0,1,0,0
2015-01-12 04:00:00,0,0.14526442,0.02345395,0.89394915,0.9974969,0.9430406864468612,0.7144851728276501,0.038623866,0,0,0,1,0,0
2015-01-12 04:30:00,0,0.15264367,0.023222685,0.89357513,0.9974969,0.9430406864468612,0.7143338515357266,0.04072901,0,0,0,1,0,0
2015-01-12 05:00:00,0,0.12318187,0.024602652,0.8930479,0.9974969,0.9430406864468612,0.714547042448927,0.042588342,0,0,0,1,0,0
2015-01-12 05:30:00,0,0.10606362,0.025403619,0.89232147,0.9974969,0.9430406864468612,0.7145656689004193,0.044116456,0,0,0,1,0,0
2015-01-12 06:00:00,0,0.113016024,0.030930758,0.891341,0.9974969,0.9430406864468612,0.715702329476286,0.045311783,0,0,0,1,0,0
2015-01-12 06:30:00,0,0.10968417,0.032351017,0.89634657,0.9974969,0.9430406864468612,0.7173087938622723,0.046159144,0,0,0,1,0,0
2015-01-12 07:00:00,0,0.100190915,0.032744527,0.8884176,0.9974969,0.9430406864468612,0.7154249294595013,0.0466444,0,0,0,1,0,0
2015-01-12 07:30:00,0,0.082839325,0.03243375,0.8912919,0.9974969,0.9430406864468612,0.7160658135012875,0.04676654,0,0,0,1,0,0
2015-01-12 08:00:00,0,0.09111267,0.03372872,0.89028555,0.9974969,0.9430406864468612,0.7161379649237881,0.04657529,0,0,0,1,0,0
2015-01-12 08:30:00,0,0.09059497,0.037075758,0.8940232,0.9974969,0.9430406864468612,0.71790913184445,0.046151746,0,0,0,1,0,0
2015-01-12 09:00:00,0,0.08313904,0.036535144,0.8956265,0.9974969,0.9430406864468612,0.7181748046473752,0.045571942,0,0,0,1,0,0
2015-01-12 09:30:00,0,0.08464113,0.03663051,0.8945962,0.9974969,0.9430406864468612,0.7179410799340497,0.044983547,0,0,0,1,0,0
2015-01-12 10:00:00,0,0.08775956,0.036094546,0.8906584,0.9974969,0.9430406864468612,0.7168226285771618,0.04462646,0,0,0,1,0,0
2015-01-12 10:30:00,0,0.09014905,0.03641188,0.8888028,0.9974969,0.9430406864468612,0.7164380743102322,0.04476284,0,0,0,1,0,0
2015-01-12 11:00:00,0,0.094458565,0.03614652,0.89034796,0.9974969,0.9430406864468612,0.7167580171422253,0.04559714,0,0,0,1,0,0
2015-01-12 11:30:00,0,0.08472153,0.039327383,0.9143139,0.9974969,0.9430406864468612,0.7235447212056408,0.047334764,0,0,0,1,0,0
2015-01-12 12:00:00,0,0.083676256,0.038888574,0.95087975,0.9974969,0.9430406864468612,0.732576478918005,0.050114002,0,0,0,1,0,0
2015-01-12 12:30:00,0,0.08671521,0.0388304,0.9283942,0.9974969,0.9430406864468612,0.7269405468301068,0.054078475,0,0,0,1,0,0
2015-01-12 13:00:00,0,0.089543395,0.03779316,0.89036137,0.9974969,0.9430406864468612,0.7171730293826352,0.05932718,0,0,0,1,0,0
2015-01-12 13:30:00,0,0.08511486,0.0368073,0.89043593,0.9974969,0.9430406864468612,0.7169452055291424,0.065951176,0,0,0,1,0,0
2015-01-12 14:00:00,0,0.0866161,0.037711143,0.89107823,0.9974969,0.9430406864468612,0.7173317416505108,0.074123226,0,0,0,1,0,0
2015-01-12 14:30:00,0,0.083580986,0.038748622,0.8920294,0.9974969,0.9430406864468612,0.7178289039925824,0.0838185,0,0,0,1,0,0
2015-01-12 15:00:00,0,0.09238917,0.041434526,0.8936702,0.9974969,0.9430406864468612,0.7189105792836438,0.09460611,0,0,0,1,0,0
2015-01-12 15:30:00,0,0.08840696,0.044905066,0.89552325,0.9974969,0.9539657185014864,0.7229727345093285,0.10574614,0,0,0,1,0,0
2015-01-12 16:00:00,0,0.09070786,0.045998693,0.8968719,0.9974969,0.9539657185014864,0.7235833095892464,0.116912685,0,0,0,1,0,0
2015-01-12 16:30:00,0,0.10316946,0.044551253,0.89665705,0.9974969,0.9539657185014864,0.7231677311047112,0.12806138,0,0,0,1,0,0
2015-01-12 17:00:00,0,0.08567951,0.042159677,0.89272714,0.9974969,0.9539657185014864,0.7215873586519753,0.13898031,0,0,0,1,0,0
2015-01-12 17:30:00,0,0.08961786,0.041784644,0.8855665,0.9974969,0.9539657185014864,0.7197034346445595,0.1492601,0,0,0,1,0,0
2015-01-12 18:00:00,0,0.10169203,0.0422498,0.8853375,0.9974969,0.9539657185014864,0.7197624730452096,0.15865846,0,0,0,1,0,0
2015-01-12 18:30:00,0,0.11023686,0.04153633,0.88904095,0.9974969,0.9539657185014864,0.7205099748953377,0.16664201,0,0,0,1,0,0
2015-01-12 19:00:00,0,0.1028703,0.041014552,0.89899397,0.9974969,0.9539657185014864,0.7228677856310403,0.17273183,0,0,0,1,0,0
2015-01-12 19:30:00,0,0.09632805,0.04111755,0.96478015,0.9974969,0.9539657185014864,0.7393400805576836,0.17663126,0,0,0,1,0,0
2015-01-12 20:00:00,0,0.09835928,0.039369464,0.98881257,0.9974969,0.9539657185014864,0.7449111627920663,0.17828399,0,0,0,1,0,0
2015-01-12 20:30:00,0,0.084534325,0.03574395,0.99223536,0.9974969,0.9539657185014864,0.744860483942846,0.17779505,0,0,0,1,0,0
2015-01-12 21:00:00,0,0.08896399,0.0347414,0.9898663,0.9974969,0.9539657185014864,0.7440175848587548,0.1755938,0,0,0,1,0,0
2015-01-12 21:30:00,0,0.08522536,0.03486538,0.9951945,0.9974969,0.9539657185014864,0.7453806238754784,0.17261982,0,0,0,1,0,0
2015-01-12 22:00:00,0,0.083912045,0.0372715,0.9981171,0.9974969,0.9539657185014864,0.7467128025873696,0.16931356,0,0,0,1,0,0
2015-01-12 22:30:00,0,0.099007264,0.03641796,0.99916947,0.9974969,0.9539657185014864,0.7467625128611123,0.16563483,0,1,0,1,0,0
2015-01-12 23:00:00,0,0.108608454,0.035795808,0.99946743,0.9974969,0.9539657185014864,0.746681465445379,0.16157696,0,1,0,1,0,0
2015-01-12 23:30:00,0,0.12014513,0.039490104,0.99034494,0.867744,0.9539657185014864,0.7128861981018578,0.15740633,0,0,0,1,0,0
2015-01-13 00:00:00,0,0.11280606,0.04478693,0.9901176,0.867744,0.9539657185014864,0.714153571663717,0.15341265,0,0,0,1,0,0
2015-01-13 00:30:00,0,0.11701377,0.044423938,0.9887216,0.867744,0.98198176105384,0.7207178341338136,0.1501847,0,0,0,1,0,0
2015-01-13 01:00:00,0,0.11424096,0.04312098,0.97434354,0.867744,0.98198176105384,0.7167975770422914,0.14839317,0,0,0,1,0,0
2015-01-13 01:30:00,0,0.11539444,0.043329358,0.93800753,0.867744,0.98198176105384,0.7077656703183153,0.14837846,0,0,0,1,0,0
2015-01-13 02:00:00,0,0.11846117,0.043315887,0.8867171,0.867744,0.98198176105384,0.6949396895358064,0.1499182,0,0,0,1,0,0
2015-01-13 02:30:00,0,0.12157335,0.04325688,0.8860628,0.867744,0.98198176105384,0.6947613673397997,0.15291376,0,0,0,1,0,0
2015-01-13 03:00:00,0,0.17415844,0.043310046,0.8841153,0.867744,0.98198176105384,0.6942877786347368,0.15747958,0,0,0,1,0,0
2015-01-13 03:30:00,0,0.18246399,0.043280482,0.8814,0.867744,0.98198176105384,0.6936015652605989,0.16292642,0,0,0,1,0,0
2015-01-13 04:00:00,0,0.15147467,0.043276906,0.8783272,0.867744,0.98198176105384,0.6928324716279008,0.16832368,0,0,0,1,0,0
2015-01-13 04:30:00,0,0.19411245,0.043130755,0.8698141,0.867744,0.98198176105384,0.690667660731981,0.17348455,0,0,0,1,0,0
2015-01-13 05:00:00,0,0.13667677,0.0423553,0.8632326,0.867744,0.98198176105384,0.6888284253069856,0.17858875,0,0,0,1,0,0
2015-01-13 05:30:00,0,0.10960537,0.04061663,0.8631319,0.867744,0.98198176105384,0.6883685754725435,0.18373226,0,0,0,1,0,0
2015-01-13 06:00:00,0,0.114148915,0.04129505,0.92416245,0.867744,0.98198176105384,0.7037958221623399,0.18929805,0,0,0,1,0,0
2015-01-13 06:30:00,0,0.11012611,0.04462576,0.9676279,0.867744,0.98198176105384,0.7154948579260805,0.19545908,0,0,0,1,0,0
2015-01-13 07:00:00,0,0.09752301,0.04585278,0.9938408,0.867744,0.98198176105384,0.7223548459002473,0.20209366,0,0,0,1,0,0
2015-01-13 07:30:00,0,0.09185363,0.045072556,0.99199975,0.8498059,0.98198176105384,0.7172149883696535,0.20898773,0,0,0,1,0,0
2015-01-13 08:00:00,0,0.10273044,0.04277253,0.9710477,0.8406952,0.98198176105384,0.7091242985913255,0.21608819,0,0,0,1,0,0
2015-01-13 08:30:00,0,0.102743685,0.039369345,0.8374224,0.8406952,0.98198176105384,0.6748671697566011,0.22299574,0,0,0,1,0,0
2015-01-13 09:00:00,0,0.095699385,0.03804958,0.8298521,0.8406952,0.98198176105384,0.6726446615645387,0.22896881,0,0,0,1,0,0
2015-01-13 09:30:00,0,0.0927766,0.041413188,0.8316471,0.8406952,0.98198176105384,0.6739343123623827,0.2343793,0,0,0,1,0,0
2015-01-13 10:00:00,0,0.08301223,0.040334225,0.8334233,0.8406952,0.98198176105384,0.6741086261460283,0.23979636,0,0,0,1,0,0
2015-01-13 10:30:00,0,0.08476256,0.040501475,0.8352879,0.8406952,0.98198176105384,0.6746165918299654,0.2453255,0,0,0,1,0,0
2015-01-13 11:00:00,0,0.08568251,0.042588353,0.83728594,0.8406952,0.98198176105384,0.6756378131100633,0.25096262,0,0,0,1,0,0
2015-01-13 11:30:00,0,0.08950852,0.04254794,0.83935165,0.8406952,0.98198176105384,0.6761441396662691,0.2569382,0,0,0,1,0,0
2015-01-13 12:00:00,0,0.08970994,0.042232394,0.8412901,0.8406952,0.98198176105384,0.6765498684832552,0.26247826,0,0,0,1,0,0
2015-01-13 12:30:00,0,0.0837809,0.042827725,0.8427691,0.8406952,0.98198176105384,0.6770684437939622,0.26690093,0,0,0,1,0,0
2015-01-13 13:00:00,0,0.08345228,0.0423609,0.8433132,0.8406952,0.98198176105384,0.6770877706000307,0.26959413,0,0,0,1,0,0
2015-01-13 13:30:00,0,0.08362013,0.04079497,0.8423909,0.8406952,0.98198176105384,0.6764657067248323,0.2702823,0,0,0,1,0,0
2015-01-13 14:00:00,0,0.088264175,0.04053271,0.83983415,0.8406952,0.98198176105384,0.6757609563061693,0.26915327,0,0,0,1,0,0
2015-01-13 14:30:00,0,0.095278844,0.041587114,0.8364087,0.8406952,0.98198176105384,0.675168188113878,0.26682928,0,0,0,1,0,0
2015-01-13 15:00:00,0,0.09545502,0.04278803,0.8333329,0.84122396,0.98198176105384,0.6748316602894762,0.26433516,0,0,0,1,0,0
2015-01-13 15:30:00,0,0.08576963,0.047126174,0.83066696,0.84122396,0.98198176105384,0.6752497123667696,0.26233223,0,0,0,1,0,0
2015-01-13 16:00:00,0,0.08502757,0.047274947,0.82811207,0.84122396,0.98198176105384,0.6746481822916963,0.26129737,0,0,0,1,0,0
2015-01-13 16:30:00,0,0.10179946,0.043601394,0.8257302,0.84122396,0.98198176105384,0.6731343286225298,0.2612039,0,0,0,1,0,0
2015-01-13 17:00:00,0,0.08442414,0.041314363,0.82367045,0.84122396,0.98198176105384,0.672047631640146,0.26180866,0,0,0,1,0,0
2015-01-13 17:30:00,0,0.09519821,0.04080689,0.82295537,0.84122396,0.98198176105384,0.671741993922899,0.26284632,0,0,0,1,0,0
2015-01-13 18:00:00,0,0.10684431,0.03870678,0.824909,0.84122396,0.98198176105384,0.6717053668686845,0.26460847,0,0,0,1,0,0
2015-01-13 18:30:00,0,0.1143785,0.0367589,0.8310725,0.84122396,0.98198176105384,0.6727592812964418,0.2674092,0,0,0,1,0,0
2015-01-13 19:00:00,0,0.1155257,0.036128163,0.8419184,0.84122396,0.98198176105384,0.6753130721041658,0.27178377,0,0,0,1,0,0
2015-01-13 19:30:00,0,0.11052521,0.03547728,0.8533362,0.84122396,0.98198176105384,0.6780048029610612,0.27813458,0,0,0,1,0,0
2015-01-13 20:00:00,0,0.107738495,0.034115195,0.8538488,0.84122396,0.98198176105384,0.6777924316117265,0.28617355,0,0,0,1,0,0
2015-01-13 20:30:00,0,0.106519714,0.031305432,0.85328734,0.84122396,0.98198176105384,0.6769496219346025,0.29514876,0,0,0,1,0,0
2015-01-13 21:00:00,0,0.1054072,0.032421708,0.82056975,0.84122396,0.98198176105384,0.669049294490526,0.30429712,0,0,0,1,0,0
2015-01-13 21:30:00,0,0.10973176,0.031125307,0.788911,0.84122396,0.98198176105384,0.6608105020710924,0.31252328,0,0,0,1,0,0
2015-01-13 22:00:00,0,0.10145265,0.028049827,0.91023564,0.84122396,0.98198176105384,0.6903727965542772,0.31924376,0,0,0,1,0,0
2015-01-13 22:30:00,0,0.08916045,0.029628873,0.9605481,0.84122396,0.98198176105384,0.703345672983835,0.3241419,0,0,0,1,0,0
2015-01-13 23:00:00,0,0.08786183,0.030993104,0.97549474,0.84122396,0.98198176105384,0.7074233906456926,0.3268359,0,0,0,1,0,0
2015-01-13 23:30:00,0,0.103049114,0.03089106,0.8618381,0.84122396,0.98198176105384,0.6789837198445299,0.32704824,0,0,0,1,0,0
2015-01-14 00:00:00,0,0.11697705,0.027864337,0.8621425,0.84122396,0.98198176105384,0.6783031391093233,0.32498005,0,0,0,1,0,0
2015-01-14 00:30:00,0,0.12689045,0.02643907,0.8625874,0.84122396,0.9432821176517996,0.6683831339594969,0.3207014,0,0,0,1,0,0
2015-01-14 01:00:00,0,0.12289113,0.02466774,0.86318094,0.84122396,0.9432821176517996,0.6680886870143065,0.3141283,0,0,0,1,0,0
2015-01-14 01:30:00,0,0.116885394,0.024149418,0.8639167,0.84122396,0.9432821176517996,0.6681430464503416,0.30541226,0,0,0,1,0,0
2015-01-14 02:00:00,0,0.10996184,0.023953915,0.864789,0.84122396,0.9432821176517996,0.6683122491356978,0.29501298,0,0,0,1,0,0
2015-01-14 02:30:00,0,0.11981293,0.023913741,0.86581033,0.84122396,0.9432821176517996,0.6685575371501097,0.28357074,0,0,0,1,0,0
2015-01-14 03:00:00,0,0.113180034,0.023835659,0.8669496,0.84122396,0.9432821176517996,0.668822837424005,0.27146712,0,0,0,1,0,0
2015-01-14 03:30:00,0,0.1217866,0.023800611,0.8680102,0.84122396,0.9432821176517996,0.6690792268035063,0.25921494,0,0,0,1,0,0
2015-01-14 04:00:00,0,0.121672235,0.023773193,0.8686405,0.84122396,0.9432821176517996,0.6692299371478209,0.24711935,0,0,0,1,0,0
2015-01-14 04:30:00,0,0.13791278,0.023742437,0.868599,0.84122396,0.9432821176517996,0.6692118769404539,0.2356712,0,0,0,1,0,0
2015-01-14 05:00:00,0,0.12174943,0.02332735,0.8681043,0.84122396,0.9432821176517996,0.668984425615991,0.22558133,0,0,0,1,0,0
2015-01-14 05:30:00,0,0.10686318,0.022730589,0.8676651,0.84122396,0.9432821176517996,0.668725443434442,0.21728115,0,0,0,1,0,0
2015-01-14 06:00:00,0,0.11051855,0.022211194,0.86751753,0.84122396,0.9432821176517996,0.6685586994406828,0.2108143,0,0,0,1,0,0
2015-01-14 06:30:00,0,0.10269905,0.023079634,0.86755025,0.84122396,0.948799579161709,0.6701633554742499,0.20655434,0,0,0,1,0,0
2015-01-14 07:00:00,0,0.091864415,0.023347616,0.95296115,0.84122396,0.948799579161709,0.6915830743358298,0.2048666,0,0,0,1,0,0
2015-01-14 07:30:00,0,0.09556049,0.023620605,0.945366,0.84122396,0.948799579161709,0.6897525411889716,0.20560734,0,0,0,1,0,0
2015-01-14 08:00:00,0,0.10428841,0.022845626,0.8848631,0.84122396,0.948799579161709,0.674433059696929,0.20799537,0,0,0,1,0,0
2015-01-14 08:30:00,0,0.102421574,0.022317171,0.8678622,0.84122396,0.948799579161709,0.6700507324979468,0.21122275,0,0,0,1,0,0
2015-01-14 09:00:00,0,0.0951744,0.022660732,0.8680205,0.84122396,0.948799579161709,0.6701761853740378,0.21491213,0,0,0,1,0,0
2015-01-14 09:30:00,0,0.09099046,0.022359371,0.8682799,0.84122396,0.948799579161709,0.6701656949565573,0.21906602,0,0,0,1,0,0
2015-01-14 10:00:00,0,0.08598314,0.02305162,0.8687035,0.84122396,0.948799579161709,0.6704446595952673,0.22348987,0,0,0,1,0,0
2015-01-14 10:30:00,0,0.08570481,0.022974372,0.8693563,0.84122396,0.948799579161709,0.6705885452077551,0.22808331,0,0,0,1,0,0
2015-01-14 11:00:00,0,0.086264074,0.023815274,0.8702772,0.84122396,0.948799579161709,0.6710290086314841,0.2328989,0,0,0,1,0,0
2015-01-14 11:30:00,0,0.08391114,0.023617506,0.87144727,0.84122396,0.948799579161709,0.6712720763728781,0.2378153,0,0,0,1,0,0
2015-01-14 12:00:00,0,0.083711505,0.023249626,0.8727589,0.84122396,0.948799579161709,0.6715080213592215,0.2426163,0,0,0,1,0,0
2015-01-14 12:30:00,0,0.08549448,0.02257955,0.87399715,0.84122396,0.948799579161709,0.6716500592277213,0.24698968,0,0,0,1,0,0
2015-01-14 13:00:00,0,0.08641983,0.02291727,0.87481534,0.84122396,0.948799579161709,0.6719390374467535,0.2505001,0,0,0,1,0,0
2015-01-14 13:30:00,0,0.084168665,0.02396667,0.87476754,0.84122396,0.948799579161709,0.672189436559455,0.2528285,0,0,0,1,0,0
2015-01-14 14:00:00,0,0.083658144,0.025459766,0.87369764,0.84122396,0.948799579161709,0.6722952348039313,0.2543061,0,0,0,1,0,0
2015-01-14 14:30:00,0,0.08808261,0.028401375,0.87231666,0.84122396,0.948799579161709,0.6726853919074698,0.25560844,0,0,0,1,0,0
2015-01-14 15:00:00,0,0.088578254,0.0274719,0.87125176,0.77459675,0.948799579161709,0.655529997949378,0.25703594,0,0,0,1,0,0
2015-01-14 15:30:00,0,0.08434191,0.02658987,0.8702215,0.77459675,0.948799579161709,0.6550519239947958,0.25887373,0,0,0,1,0,0
2015-01-14 16:00:00,0,0.09244383,0.02703607,0.8689435,0.77459675,0.948799579161709,0.6548439782903357,0.26134735,0,0,0,1,0,0
2015-01-14 16:30:00,0,0.10359201,0.02802658,0.86725795,0.77459675,0.948799579161709,0.6546702158496542,0.2643243,0,0,0,1,0,0
2015-01-14 17:00:00,0,0.08630789,0.028289199,0.865214,0.77459675,0.948799579161709,0.6542248797462149,0.2676085,0,0,0,1,0,0
2015-01-14 17:30:00,0,0.09869026,0.026927471,0.86301786,0.77459675,0.948799579161709,0.6533354145333929,0.27118275,0,0,0,1,0,0
2015-01-14 18:00:00,0,0.10506867,0.02639544,0.86560404,0.77459675,0.948799579161709,0.6538489532516165,0.27490005,0,0,0,1,0,0
2015-01-14 18:30:00,0,0.10797331,0.02765894,0.8608373,0.77459675,0.948799579161709,0.6529731375024481,0.27867854,0,0,0,1,0,0
2015-01-14 19:00:00,0,0.114638284,0.028558016,0.86349833,0.77459675,0.948799579161709,0.6538631689593954,0.28269976,0,0,0,1,0,0
2015-01-14 19:30:00,0,0.112676114,0.027952194,0.8704328,0.77459675,0.948799579161709,0.6554453295514746,0.2872457,0,0,0,1,0,0
2015-01-14 20:00:00,0,0.10803827,0.029141426,0.8816185,0.77459675,0.948799579161709,0.6585390639350577,0.2925288,0,0,0,1,0,0
2015-01-14 20:30:00,0,0.1098555,0.031293392,0.89445704,0.77459675,0.948799579161709,0.6622866910741492,0.29851997,0,0,0,1,0,0
2015-01-14 21:00:00,0,0.10548503,0.031641245,0.9047435,0.77459675,0.948799579161709,0.6649452668473883,0.30542144,0,0,0,1,0,0
2015-01-14 21:30:00,0,0.109999746,0.030791402,0.8942327,0.77459675,0.948799579161709,0.6621051055238409,0.3128978,0,0,0,1,0,0
2015-01-14 22:00:00,0,0.103285804,0.029373288,0.83868134,0.77459675,0.948799579161709,0.6478627395675345,0.32047874,0,0,0,1,0,0
2015-01-14 22:30:00,0,0.09142774,0.029656649,0.8495985,0.77459675,0.948799579161709,0.6506628763721152,0.32818598,0,0,0,1,0,0
2015-01-14 23:00:00,0,0.086091325,0.028705835,0.94120866,0.89949685,0.948799579161709,0.7045527321145697,0.33627298,0,0,0,1,0,0
2015-01-14 23:30:00,0,0.09924179,0.027503848,0.94316125,0.89949685,0.948799579161709,0.7047403824374838,0.3446207,0,0,0,1,0,0
2015-01-15 00:00:00,0,0.11366876,0.027049303,0.94321734,0.9064078,0.948799579161709,0.7063684982106848,0.35291037,0,0,0,1,0,0
2015-01-15 00:30:00,0,0.12053433,0.026670098,0.94332254,0.9064078,0.948799579161709,0.7062999975726767,0.36082435,0,0,0,1,0,0
2015-01-15 01:00:00,0,0.12044233,0.027178526,0.94347435,0.9064078,0.948799579161709,0.706465057735221,0.36790895,0,0,0,1,0,0
2015-01-15 01:30:00,0,0.117618494,0.027251244,0.94366604,0.9064078,0.948799579161709,0.7065311592862769,0.37381744,0,0,0,1,0,0
2015-01-15 02:00:00,0,0.114762,0.027107954,0.9438938,0.9064078,0.948799579161709,0.7065522742316885,0.37824395,0,0,0,1,0,0
2015-01-15 02:30:00,0,0.120990545,0.027136922,0.944164,0.9064078,0.948799579161709,0.7066270631597205,0.38098,0,0,0,1,0,0
2015-01-15 03:00:00,0,0.1162745,0.027068734,0.94448906,0.9064078,0.948799579161709,0.7066912871644659,0.38172567,0,0,0,1,0,0
2015-01-15 03:30:00,0,0.12141395,0.027073503,0.9448675,0.9064078,0.948799579161709,0.7067870867297812,0.3805293,0,0,0,1,0,0
2015-01-15 04:00:00,0,0.118389145,0.027084589,0.9452876,0.9064078,0.948799579161709,0.7068948817298575,0.377892,0,0,0,1,0,0
2015-01-15 04:30:00,0,0.12930612,0.027054548,0.94572806,0.9064078,0.948799579161709,0.7069974911258383,0.3740256,0,0,0,1,0,0
2015-01-15 05:00:00,0,0.12139793,0.027141094,0.94607,0.9064078,0.948799579161709,0.7071046155736609,0.3687038,0,0,0,1,0,0
2015-01-15 05:30:00,0,0.10534142,0.027775526,0.9461572,0.9064078,0.948799579161709,0.7072850239322348,0.3619899,0,0,0,1,0,0
2015-01-15 06:00:00,0,0.11031506,0.028682232,0.9459898,0.9064078,0.948799579161709,0.7074698430345221,0.3543209,0,0,0,1,0,0
2015-01-15 06:30:00,0,0.10238124,0.029782891,0.9456865,0.9064078,0.9021889718233796,0.6960165389343911,0.34627232,0,0,0,1,0,0
2015-01-15 07:00:00,0,0.09025532,0.032256603,0.94537526,0.9064078,0.9021889718233796,0.6965571530625039,0.33846942,0,0,0,1,0,0
2015-01-15 07:30:00,0,0.08947421,0.031737328,0.9451438,0.9064078,0.9008668825856296,0.6960389506278298,0.3312667,0,0,0,1,0,0
2015-01-15 08:00:00,0,0.10278821,0.031781435,0.9450251,0.9064078,0.9008668825856296,0.6960202943740151,0.32486707,0,0,0,1,0,0
2015-01-15 08:30:00,0,0.10354348,0.031644464,0.945021,0.9064078,0.9008668825856296,0.6959850233254693,0.31943053,0,0,0,1,0,0
2015-01-15 09:00:00,0,0.09731081,0.03131628,0.9450933,0.9064078,0.9008668825856296,0.6959210526404641,0.3150516,0,0,0,1,0,0
2015-01-15 09:30:00,0,0.08882054,0.03103745,0.94522554,0.9064078,0.9008668825856296,0.6958844106850884,0.31165406,0,0,0,1,0,0
2015-01-15 10:00:00,0,0.086454585,0.03156805,0.9454146,0.9064078,0.9008668825856296,0.696064327305343,0.30923352,0,0,0,1,0,0
2015-01-15 10:30:00,0,0.08455336,0.03183651,0.94566625,0.9064078,0.9008668825856296,0.6961943548379205,0.30774513,0,0,0,1,0,0
2015-01-15 11:00:00,0,0.08754195,0.03199601,0.9460173,0.9064078,0.9008668825856296,0.696321998184707,0.30722886,0,0,0,1,0,0
2015-01-15 11:30:00,0,0.08401679,0.031948566,0.94651365,0.9064078,0.9008668825856296,0.6964342188296578,0.3075466,0,0,0,1,0,0
2015-01-15 12:00:00,0,0.083587915,0.032054186,0.94705814,0.9064078,0.9008668825856296,0.6965967457947991,0.3084106,0,0,0,1,0,0
2015-01-15 12:30:00,0,0.08631153,0.03164494,0.94758373,0.9064078,0.9008668825856296,0.6966258328614495,0.30931488,0,0,0,1,0,0
2015-01-15 13:00:00,0,0.08811332,0.031989813,0.94795376,0.9064078,0.9008668825856296,0.6968045573888085,0.31001374,0,0,0,1,0,0
2015-01-15 13:30:00,0,0.08520716,0.03363526,0.9479661,0.9064078,0.9008668825856296,0.697219003385093,0.310787,0,0,0,1,0,0
2015-01-15 14:00:00,0,0.0843382,0.033851027,0.9475712,0.9064078,0.9008668825856296,0.6971742253957055,0.3120824,0,0,0,1,0,0
2015-01-15 14:30:00,0,0.08581528,0.032055855,0.94715595,0.9064078,0.9008668825856296,0.6966216158328317,0.3141499,0,0,0,1,0,0
2015-01-15 15:00:00,0,0.08781684,0.031870842,0.94696254,0.9064078,0.9008668825856296,0.6965270083604119,0.31666556,0,0,0,1,0,0
2015-01-15 15:30:00,0,0.08612916,0.03467238,0.9468129,0.9064078,0.9008668825856296,0.6971899908242486,0.31944463,0,0,0,1,0,0
2015-01-15 16:00:00,0,0.09117439,0.034880042,0.9465144,0.9064078,0.9008668825856296,0.6971672814545892,0.3221548,0,0,0,1,0,0
2015-01-15 16:30:00,0,0.09782302,0.03467703,0.9459339,0.9064078,0.9008668825856296,0.6969713907895349,0.32448152,0,0,0,1,0,0
2015-01-15 17:00:00,0,0.08510484,0.034323573,0.94504875,0.9064078,0.9008668825856296,0.6966617446599267,0.3259474,0,0,0,1,0,0
2015-01-15 17:30:00,0,0.091388255,0.03358364,0.94390655,0.9064078,0.9008668825856296,0.6961912106929086,0.32605314,0,0,0,1,0,0
2015-01-15 18:00:00,0,0.104690105,0.034099936,0.9426842,0.9064078,0.9008668825856296,0.6960146915374062,0.3246036,0,0,0,1,0,0
2015-01-15 18:30:00,0,0.109812304,0.033909798,0.94181526,0.9064078,0.9008668825856296,0.695749927705314,0.32179573,0,0,0,1,0,0
2015-01-15 19:00:00,0,0.114455566,0.03452158,0.9419531,0.9064078,0.9008668825856296,0.695937339609649,0.31776097,0,0,0,1,0,0
2015-01-15 19:30:00,0,0.11200683,0.03417313,0.9436223,0.9064078,0.9008668825856296,0.6962675195393823,0.3123615,0,0,0,1,0,0
2015-01-15 20:00:00,0,0.113736674,0.033241153,0.9467303,0.9064078,0.9008668825856296,0.6968115311322473,0.30562988,0,0,0,1,0,0
2015-01-15 20:30:00,0,0.104554944,0.0328604,0.9495651,0.9064078,0.9008668825856296,0.6974250417409203,0.29774466,0,0,0,1,0,0
2015-01-15 21:00:00,0,0.112128004,0.031771302,0.95080477,0.9064078,0.9008668825856296,0.697462682074096,0.2890986,0,0,0,1,0,0
2015-01-15 21:30:00,0,0.110211566,0.032722592,0.95012045,0.9064078,0.9008668825856296,0.6975294243750833,0.2798829,0,0,0,1,0,0
2015-01-15 22:00:00,0,0.10916317,0.03763926,0.9318404,0.9064078,0.9008668825856296,0.6941885840354226,0.27050772,0,0,0,1,0,0
2015-01-15 22:30:00,0,0.10375015,0.039521575,0.9084977,0.9064078,0.9008668825856296,0.6888234805522225,0.26161852,0,0,0,1,0,0
2015-01-15 23:00:00,0,0.105437025,0.038264155,0.9189611,0.9064078,0.9008668825856296,0.6911249797997735,0.2538459,0,0,0,1,0,0
2015-01-15 23:30:00,0,0.08380916,0.038791656,0.95697886,0.9064078,0.9008668825856296,0.7007612925229333,0.24791227,0,0,0,1,0,0
2015-01-16 00:00:00,0,0.10352496,0.039428115,0.9574911,0.94789314,0.9008668825856296,0.7114198100028298,0.24435647,0,0,0,1,0,0
2015-01-16 00:30:00,0,0.103139006,0.04076171,0.95761514,0.94789314,0.9008668825856296,0.7117842178998254,0.24321102,0,0,0,1,0,0
2015-01-16 01:00:00,0,0.12098364,0.041018724,0.9577519,0.94789314,0.9008668825856296,0.7118826698718331,0.2443177,0,0,0,1,0,0
2015-01-16 01:30:00,0,0.11011516,0.04047668,0.9578937,0.94789314,0.9008668825856296,0.7117826085744164,0.24737138,0,0,0,1,0,0
2015-01-16 02:00:00,0,0.123455144,0.039794445,0.9580354,0.94789314,0.9008668825856296,0.7116474699435494,0.25175226,0,0,0,1,0,0
2015-01-16 02:30:00,0,0.118065365,0.03965187,0.95817876,0.94789314,0.9008668825856296,0.711647663658645,0.25682262,0,0,0,1,0,0
2015-01-16 03:00:00,0,0.1091378,0.03966558,0.95833135,0.94789314,0.9008668825856296,0.7116892378983758,0.2622373,0,0,0,1,0,0
2015-01-16 03:30:00,0,0.11836213,0.039710164,0.9584931,0.94789314,0.9008668825856296,0.7117408257184289,0.2677859,0,0,0,1,0,0
2015-01-16 04:00:00,0,0.116826616,0.03987682,0.9586964,0.94789314,0.9008668825856296,0.7118333172259591,0.27308726,0,0,0,1,0,0
2015-01-16 04:30:00,0,0.12175356,0.040193915,0.9590601,0.94789314,0.9008668825856296,0.712003503387954,0.2776105,0,0,0,1,0,0
2015-01-16 05:00:00,0,0.11409234,0.040100694,0.95959187,0.94789314,0.9008668825856296,0.7121131461320184,0.28105274,0,0,0,1,0,0
2015-01-16 05:30:00,0,0.10878979,0.03966832,0.9600596,0.94789314,0.9008668825856296,0.7121219825206063,0.28333142,0,0,0,1,0,0
2015-01-16 06:00:00,0,0.112008564,0.039437413,0.96032786,0.94789314,0.9008668825856296,0.7121313255486749,0.28440097,0,0,0,1,0,0
2015-01-16 06:30:00,0,0.10981994,0.036311984,0.9604474,0.94789314,0.8058235826563349,0.6876190201061843,0.28426167,0,0,0,0,0,0
2015-01-16 07:00:00,0,0.09878012,0.038168907,0.9604946,0.94789314,0.8058235826563349,0.6880950526016829,0.28312507,0,0,0,0,0,0
2015-01-16 07:30:00,0,0.08924516,0.038675666,0.96051466,0.94789314,0.8058235826563349,0.6882267639654753,0.28105286,0,0,0,0,0,0
2015-01-16 08:00:00,0,0.095818475,0.038807273,0.9605257,0.94789314,0.8058235826563349,0.6882624224442122,0.27823764,0,0,0,0,0,0
2015-01-16 08:30:00,0,0.09565438,0.04548776,0.96053165,0.94789314,0.8058235826563349,0.689934034706938,0.27510026,0,0,0,0,0,0
2015-01-16 09:00:00,0,0.09007921,0.053256392,0.96053416,0.94789314,0.8058235826563349,0.6918768183010695,0.27222756,0,0,0,0,0,0
2015-01-16 09:30:00,0,0.084504575,0.051564693,0.96054745,0.94789314,0.8058235826563349,0.691457216503012,0.26992545,0,0,0,0,0,0
2015-01-16 10:00:00,0,0.08263047,0.048847914,0.96059376,0.94789314,0.8058235826563349,0.690789599778044,0.26833,0,0,0,0,0,0
2015-01-16 10:30:00,0,0.08684175,0.04860592,0.960696,0.94789314,0.8058235826563349,0.6907546565550444,0.2674435,0,0,0,0,0,0
2015-01-16 11:00:00,0,0.09081157,0.049057364,0.96087414,0.94789314,0.8058235826563349,0.690912057520735,0.26718923,0,0,0,0,0,0
2015-01-16 11:30:00,0,0.08484431,0.04945743,0.96113837,0.94789314,0.8058235826563349,0.6910781309622405,0.26740345,0,0,0,0,0,0
2015-01-16 12:00:00,0,0.08452002,0.049259067,0.9614784,0.94789314,0.8058235826563349,0.6911135510223982,0.26790825,0,0,0,0,0,0
2015-01-16 12:30:00,0,0.083850324,0.04921782,0.9618439,0.94789314,0.8058235826563349,0.6911946133392928,0.26864865,0,0,0,0,0,0
2015-01-16 13:00:00,0,0.08661286,0.048884034,0.9621222,0.94789314,0.8058235826563349,0.6911807403582213,0.26954517,0,0,0,0,0,0
2015-01-16 13:30:00,0,0.08504986,0.04910183,0.96213317,0.94789314,0.8058235826563349,0.6912379310148833,0.27099034,0,0,0,0,0,0
2015-01-16 14:00:00,0,0.08849168,0.04936123,0.96175843,0.94789314,0.8058235826563349,0.6912090972679732,0.2731738,0,0,0,0,0,0
2015-01-16 14:30:00,0,0.08890686,0.04895401,0.9612344,0.94789314,0.8058235826563349,0.6909762815254805,0.2758253,0,0,0,0,0,0
2015-01-16 15:00:00,0,0.09010247,0.04800117,0.9609498,0.94789314,0.8058235826563349,0.690666918517935,0.2786148,0,0,0,0,0,0
2015-01-16 15:30:00,0,0.08462831,0.047490835,0.9609262,0.94789314,0.8058235826563349,0.6905334339159606,0.28166983,0,0,0,0,0,0
2015-01-16 16:00:00,0,0.090193674,0.046464086,0.96096045,0.94789314,0.8058235826563349,0.6902853146809218,0.28490096,0,0,0,0,0,0
2015-01-16 16:30:00,0,0.10347023,0.045580506,0.9608288,0.94789314,0.8058235826563349,0.690031503202307,0.2881978,0,0,0,0,0,0
2015-01-16 17:00:00,0,0.08443886,0.046619058,0.960404,0.94789314,0.8058235826563349,0.69018494045912,0.2914946,0,0,0,0,0,0
2015-01-16 17:30:00,0,0.10377613,0.04948628,0.9597279,0.94789314,0.886603750750226,0.7109277640692399,0.2948071,0,0,0,1,0,0
2015-01-16 18:00:00,0,0.10738978,0.0505476,0.959025,0.94789314,0.886603750750226,0.7110173796526597,0.29823485,0,0,0,1,0,0
2015-01-16 18:30:00,0,0.13319145,0.051240325,0.958744,0.94789314,0.886603750750226,0.7111203019730256,0.3017129,0,0,0,1,0,0
2015-01-16 19:00:00,0,0.19471134,0.053557992,0.95948076,0.94789314,0.886603750750226,0.7118839119784043,0.30505574,0,0,0,1,0,0
2015-01-16 19:30:00,0,0.21351047,0.058082104,0.96161544,0.94789314,0.886603750750226,0.7135486101023362,0.30776772,0,0,0,1,0,0
2015-01-16 20:00:00,0,0.14417332,0.05848992,0.964745,0.94789314,0.886603750750226,0.7144329493157074,0.30921906,0,0,0,1,0,0
2015-01-16 20:30:00,0,0.11887181,0.054931283,0.96728534,0.94789314,0.886603750750226,0.7141783778778718,0.3088407,0,0,0,1,0,0
2015-01-16 21:00:00,0,0.12173727,0.053355098,0.96658295,0.94789314,0.886603750750226,0.7136087362877533,0.30606797,0,0,0,1,0,0
2015-01-16 21:30:00,0,0.12010761,0.053174734,0.95850384,0.94789314,0.886603750750226,0.7115438674799607,0.30084133,0,0,0,1,0,0
2015-01-16 22:00:00,0,0.13198547,0.050792575,0.93879247,0.94789314,0.886603750750226,0.7060204838625596,0.29401085,0,0,0,1,0,0
2015-01-16 22:30:00,0,0.14413175,0.04930377,0.91974634,0.94789314,0.886603750750226,0.7008867507092164,0.28621885,0,0,0,1,0,0
2015-01-16 23:00:00,0,0.12557194,0.045286536,0.93976873,0.94789314,0.886603750750226,0.7048880403153107,0.27776876,0,0,0,1,0,0
2015-01-16 23:30:00,0,0.1200025,0.039165974,0.9849547,0.94789314,0.886603750750226,0.7146543954722092,0.26889575,0,0,0,1,0,0
2015-01-17 00:00:00,0,0.11402074,0.031178951,0.9799962,0.9181841,0.886603750750226,0.703990751992862,0.25937137,0,0,0,1,0,0
2015-01-17 00:30:00,0,0.11026237,0.027351618,0.9772036,0.8910988,0.886603750750226,0.695564443360965,0.24902706,0,0,0,1,0,0
2015-01-17 01:00:00,0,0.09700217,0.029152632,0.97535545,0.8910988,0.886603750750226,0.6955526565424607,0.23778604,0,0,0,1,0,0
2015-01-17 01:30:00,0,0.0848768,0.030217767,0.9387308,0.8910988,0.886603750750226,0.6866627727858231,0.22572483,0,0,0,1,0,0
2015-01-17 02:00:00,0,0.090547346,0.03147447,0.8953011,0.8910988,0.886603750750226,0.6761195306889222,0.21333085,0,0,0,1,0,0
2015-01-17 02:30:00,0,0.10081023,0.03213966,0.82512224,0.8910988,0.886603750750226,0.6587411110512421,0.20138223,0,0,0,1,0,0
2015-01-17 03:00:00,0,0.104045,0.030571103,0.8247993,0.8910988,0.886603750750226,0.6582682376019166,0.19063802,0,0,0,1,0,0
2015-01-17 03:30:00,0,0.12040147,0.030670762,0.82434225,0.8910988,0.886603750750226,0.6581788902393982,0.1812328,0,0,0,1,0,0
2015-01-17 04:00:00,0,0.12052409,0.034507632,0.8234342,0.8910988,0.886603750750226,0.6589110885969803,0.17278726,0,0,0,1,0,0
2015-01-17 04:30:00,0,0.11478589,0.035942197,0.8264451,0.8910988,0.886603750750226,0.6600224619023011,0.16515882,0,0,0,1,0,0
2015-01-17 05:00:00,0,0.113365546,0.037073016,0.84024924,0.8910988,0.886603750750226,0.6637562011591599,0.1583915,0,0,0,1,0,0
2015-01-17 05:30:00,0,0.1172814,0.036807418,0.8482034,0.8910988,0.886603750750226,0.6656783466450379,0.1523072,0,0,0,1,0,0
2015-01-17 06:00:00,0,0.116708025,0.035909534,0.857329,0.8910988,0.886603750750226,0.6677352731339142,0.14686818,0,0,0,1,0,0
2015-01-17 06:30:00,0,0.10805944,0.034484863,0.9439769,0.8910988,0.8908928613462036,0.6901133502671616,0.14196916,0,0,0,1,0,0
2015-01-17 07:00:00,0,0.10700663,0.031767845,0.98910636,0.8910988,0.8908928613462036,0.7007164652297394,0.13762023,0,0,0,1,0,0
2015-01-17 07:30:00,0,0.11674819,0.027589083,0.97577286,0.8910988,0.8908928613462036,0.6963383997628586,0.1336984,0,0,0,1,0,0
2015-01-17 08:00:00,0,0.120848455,0.030519128,0.94732445,0.8910988,0.8908928613462036,0.6899588103244202,0.13025491,0,0,0,1,0,0
2015-01-17 08:30:00,0,0.10769149,0.03576386,0.8213758,0.8910988,0.9518694603389576,0.6750269761668164,0.12756811,0,0,0,1,0,0
2015-01-17 09:00:00,0,0.10339709,0.037681937,0.8242047,0.8910988,0.9518694603389576,0.6762137195454556,0.12588853,0,0,0,1,0,0
2015-01-17 09:30:00,0,0.096640356,0.036391616,0.8269603,0.8910988,0.9556620505337162,0.6775281972409348,0.12516074,0,0,0,1,0,0
2015-01-17 10:00:00,0,0.091140226,0.033863425,0.829359,0.8910988,0.9556620505337162,0.6774958170176606,0.12524335,0,0,0,1,0,0
2015-01-17 10:30:00,0,0.08528809,0.035910845,0.83116305,0.8910988,0.9556620505337162,0.6784586853505234,0.12625706,0,0,0,1,0,0
2015-01-17 11:00:00,0,0.08491751,0.03636861,0.8322213,0.8910988,0.9556620505337162,0.678837696385489,0.12849648,0,0,0,1,0,0
2015-01-17 11:30:00,0,0.08984623,0.036248088,0.8325031,0.8910988,0.9556620505337162,0.6788780040265183,0.1324755,0,0,0,1,0,0
2015-01-17 12:00:00,0,0.09492525,0.034894943,0.8321562,0.8910988,0.9556620505337162,0.6784529931069474,0.13883455,0,0,0,1,0,0
2015-01-17 12:30:00,0,0.10035847,0.034375668,0.8315321,0.8910988,0.9556620505337162,0.678167159032927,0.14825393,0,0,0,1,0,0
2015-01-17 13:00:00,0,0.10479306,0.034228206,0.8311488,0.8910988,0.9556620505337162,0.6780344641924958,0.16085865,0,0,0,1,0,0
2015-01-17 13:30:00,0,0.09998336,0.033518672,0.8315406,0.8910988,0.9556620505337162,0.6779550261021714,0.17639017,0,0,0,1,0,0
2015-01-17 14:00:00,0,0.09110002,0.03278351,0.8328276,0.8910988,0.9556620505337162,0.6780929959536652,0.19370548,0,0,0,1,0,0
2015-01-17 14:30:00,0,0.094646215,0.032029748,0.8340427,0.8910988,0.9556620505337162,0.6782083309413056,0.21076198,0,0,0,1,0,0
2015-01-17 15:00:00,0,0.10076942,0.033874273,0.8335305,0.8910988,0.9556620505337162,0.6785414016963105,0.2253381,0,0,0,1,0,0
2015-01-17 15:30:00,0,0.10560275,0.034489274,0.82987976,0.8910988,0.9556620505337162,0.6777824706555466,0.23596843,0,0,0,1,0,0
2015-01-17 16:00:00,0,0.095493875,0.033542037,0.87151927,0.8910988,0.9556620505337162,0.68795553810607,0.24233747,0,0,0,1,0,0
2015-01-17 16:30:00,0,0.08979956,0.03215158,0.8192334,0.8910988,0.9556620505337162,0.6745364613057236,0.24483289,0,0,0,1,0,0
2015-01-17 17:00:00,0,0.09585022,0.032157063,0.82191515,0.8910988,0.9556620505337162,0.6752082652569871,0.24417025,0,0,0,1,0,0
2015-01-17 17:30:00,0,0.10716035,0.03249693,0.8301603,0.8910988,0.9556620505337162,0.6773545242072205,0.2409184,0,0,0,1,0,0
2015-01-17 18:00:00,0,0.1050445,0.031559348,0.926708,0.8910988,0.9556620505337162,0.7012570447445969,0.23539107,0,0,0,1,0,0
2015-01-17 18:30:00,0,0.12022963,0.0306499,0.95115554,0.8910988,0.9556620505337162,0.7071415729046922,0.2277813,0,0,0,1,0,0
2015-01-17 19:00:00,0,0.1628652,0.030579567,0.9308375,0.9378737,0.9556620505337162,0.7137382126570802,0.21841826,0,0,0,1,0,0
2015-01-17 19:30:00,0,0.118764795,0.030590534,0.8497902,0.9378737,0.9556620505337162,0.6934791303397279,0.20791753,0,0,0,1,0,0
2015-01-17 20:00:00,0,0.105208576,0.030542493,0.84976375,0.9378737,0.9556620505337162,0.6934605038882355,0.19733132,0,0,0,1,0,0
2015-01-17 20:30:00,0,0.10360853,0.029135227,0.8497013,0.9378737,0.9556620505337162,0.6930930710555177,0.18811457,0,0,0,1,0,0
2015-01-17 21:00:00,0,0.10180487,0.028829932,0.849589,0.9378737,0.9556620505337162,0.6929886735201936,0.18189646,0,0,0,1,0,0
2015-01-17 21:30:00,0,0.106165506,0.028149366,0.84946674,0.9378737,0.9556620505337162,0.6927879697800736,0.17985566,0,0,0,1,0,0
2015-01-17 22:00:00,0,0.104100235,0.030106902,0.8493703,0.9378737,0.9556620505337162,0.6932532436371903,0.1820947,0,0,0,1,0,0
2015-01-17 22:30:00,0,0.1227787,0.030647516,0.8492407,0.9378737,0.9556620505337162,0.6933560020447831,0.18796636,0,0,0,1,0,0
2015-01-17 23:00:00,0,0.12023967,0.031030536,0.89452523,0.9378737,0.9556620505337162,0.7047728843213181,0.19634153,0,0,0,1,0,0
2015-01-17 23:30:00,0,0.11955248,0.030746222,0.9010358,0.9378737,0.9556620505337162,0.7063294447184663,0.20587344,0,0,0,1,0,0
2015-01-18 00:00:00,0,0.11852412,0.029585004,0.9035482,0.9824112,0.9556620505337162,0.7178016103030305,0.2151662,0,0,0,1,0,0
2015-01-18 00:30:00,0,0.10868959,0.02959621,0.90921265,0.9824112,0.9556620505337162,0.719220528674231,0.22345467,0,0,0,1,0,0
2015-01-18 01:00:00,0,0.11015462,0.030402422,0.87703216,0.9824112,0.9556620505337162,0.7113769597531419,0.23056234,0,0,0,1,0,0
2015-01-18 01:30:00,0,0.095148966,0.030386329,0.84954053,0.9824112,0.9556620505337162,0.7045000291586976,0.23627067,0,0,0,1,0,0
2015-01-18 02:00:00,0,0.09088652,0.028369308,0.84728765,0.9824112,0.9556620505337162,0.7034325546742539,0.24043882,0,0,0,1,0,0
2015-01-18 02:30:00,0,0.086729825,0.030074716,0.84713304,0.9824112,0.9556620505337162,0.7038202530861954,0.24319051,0,0,0,1,0,0
2015-01-18 03:00:00,0,0.098530434,0.030181885,0.84697044,0.9824112,0.9556620505337162,0.7038063950062852,0.24445826,0,0,0,1,0,0
2015-01-18 03:30:00,0,0.103347555,0.030281901,0.84669715,0.9824112,0.9556620505337162,0.7037630773306947,0.24429028,0,0,0,1,0,0
2015-01-18 04:00:00,0,0.116147846,0.030658484,0.8462275,0.9824112,0.9556620505337162,0.7037398166180711,0.24304621,0,0,0,1,0,0
2015-01-18 04:30:00,0,0.122597344,0.025541782,0.84555554,0.9824112,0.9556620505337162,0.702292645645247,0.2406472,0,0,0,1,0,0
2015-01-18 05:00:00,0,0.11276948,0.025794864,0.84471536,0.9824112,0.9556620505337162,0.7021458692074876,0.23721384,0,0,0,1,0,0
2015-01-18 05:30:00,0,0.11737887,0.025925994,0.84372884,0.9824112,0.9556620505337162,0.7019320226431947,0.23316509,0,0,0,1,0,0
2015-01-18 06:00:00,0,0.11976392,0.025760889,0.8426312,0.9824112,0.9556620505337162,0.701616341543303,0.22928262,0,0,0,1,0,0
2015-01-18 06:30:00,0,0.118586615,0.025651455,0.86954165,0.9824112,0.9556620505337162,0.7083165890694718,0.22585994,0,0,0,1,0,0
2015-01-18 07:00:00,0,0.116975576,0.025689363,0.8404973,0.9824112,0.9556620505337162,0.7010649836779694,0.2224431,0,0,0,1,0,0
2015-01-18 07:30:00,0,0.11393386,0.025491714,0.84031075,0.9824112,0.9556620505337162,0.7009689307929139,0.2186855,0,0,0,1,0,0
2015-01-18 08:00:00,0,0.11732782,0.025201082,0.841175,0.9824112,0.9556620505337162,0.7011123395682435,0.21489488,0,0,0,1,0,0
2015-01-18 08:30:00,0,0.121393755,0.02555716,0.8424544,0.9824112,0.9556620505337162,0.7015211976290803,0.21150641,0,0,0,1,0,0
2015-01-18 09:00:00,0,0.12192276,0.026732206,0.8440332,0.9824112,0.9556620505337162,0.7022096610785584,0.20886518,0,0,0,1,0,0
2015-01-18 09:30:00,0,0.100437306,0.031887293,0.8456486,0.9824112,0.9425704488335346,0.7006293835535222,0.20697074,0,0,0,1,0,0
2015-01-18 10:00:00,0,0.09484622,0.032348275,0.8470033,0.9824112,0.9425704488335346,0.7010833027258092,0.20531802,0,0,0,1,0,0
2015-01-18 10:30:00,0,0.090888605,0.033049345,0.89111567,0.9824112,0.9425704488335346,0.7122866662635976,0.20410347,0,0,0,1,0,0
2015-01-18 11:00:00,0,0.094375975,0.033181667,0.91961324,0.9824112,0.9425704488335346,0.7194441410198384,0.20334591,0,0,0,1,0,0
2015-01-18 11:30:00,0,0.10628762,0.03462577,0.9679116,0.9824112,0.9425704488335346,0.7318797560825521,0.2031102,0,0,0,1,0,0
2015-01-18 12:00:00,0,0.10438051,0.036170483,0.9679079,0.9824112,0.9425704488335346,0.7322650107040578,0.20333873,0,0,0,1,0,0
2015-01-18 12:30:00,0,0.10491478,0.037813544,0.96790254,0.9824112,0.9425704488335346,0.73267443500902,0.204071,0,0,0,1,0,0
2015-01-18 13:00:00,0,0.1029433,0.04029417,0.9678955,0.9824112,0.9425704488335346,0.7332928331985646,0.20574379,0,0,0,1,0,0
2015-01-18 13:30:00,0,0.1039664,0.0408082,0.96788734,0.9824112,0.9425704488335346,0.7334192993536168,0.20884365,0,0,0,1,0,0
2015-01-18 14:00:00,0,0.106875636,0.043622136,0.9678783,0.9824112,0.9425704488335346,0.7341205181970769,0.2133373,0,0,0,1,0,0
2015-01-18 14:30:00,0,0.103300415,0.05497873,0.9776829,0.9824112,0.9425704488335346,0.7394108178510839,0.21934451,0,0,0,1,0,0
2015-01-18 15:00:00,0,0.109803736,0.060554743,0.97769016,0.9824112,0.9425704488335346,0.740806639422434,0.22745909,0,0,0,1,0,0
2015-01-18 15:30:00,0,0.09178796,0.059869647,0.977698,0.9824112,0.9425704488335346,0.7406373324289495,0.23813455,0,0,0,1,0,0
2015-01-18 16:00:00,0,0.08374685,0.05767286,0.97770613,0.9824112,0.9425704488335346,0.7400901617899114,0.25153124,0,0,0,1,0,0
2015-01-18 16:30:00,0,0.08312002,0.058252335,0.9777144,0.9824112,0.9425704488335346,0.7402371021404439,0.26740423,0,0,0,1,0,0
2015-01-18 17:00:00,0,0.084980205,0.056651354,0.97772276,0.9824112,0.9425704488335346,0.7398389431133443,0.28567228,0,0,0,1,0,0
2015-01-18 17:30:00,0,0.08352903,0.053889632,0.97773015,0.9824112,0.9425704488335346,0.7391503604545766,0.30611157,0,0,0,1,0,0
2015-01-18 18:00:00,0,0.08376349,0.053834915,0.977734,0.9824112,0.9425704488335346,0.7391376497640783,0.32820442,0,0,0,1,0,0
2015-01-18 18:30:00,0,0.099095784,0.05224645,0.9777284,0.9824112,0.9425704488335346,0.73873913310911,0.3510406,0,0,0,1,0,0
2015-01-18 19:00:00,0,0.0869295,0.051264763,0.97770315,0.9824112,0.9971736764659618,0.7521381998000078,0.3735592,0,0,0,1,0,0
2015-01-18 19:30:00,0,0.09739763,0.057532668,0.97764367,0.9824112,0.9971736764659618,0.753690304749959,0.39512798,0,0,0,1,0,0
2015-01-18 20:00:00,0,0.10218111,0.067489386,0.97753817,0.9824112,0.9971736764659618,0.7561531090674334,0.41553497,0,0,0,1,0,0
2015-01-18 20:30:00,0,0.09692766,0.07462549,0.977404,0.9824112,0.9971736764659618,0.7579035931763582,0.43410733,0,0,0,1,0,0
2015-01-18 21:00:00,0,0.097953066,0.08296192,0.9773183,0.9824112,0.9971736764659618,0.7599662715134554,0.45030868,0,0,0,1,0,0
2015-01-18 21:30:00,0,0.098313145,0.090211034,0.97737545,0.9824112,0.9971736764659618,0.7617928409514361,0.46414426,0,0,0,1,0,0
2015-01-18 22:00:00,0,0.0886229,0.09089553,0.97758794,0.9824112,0.9971736764659618,0.7620170885262423,0.47660872,0,0,0,1,0,0
2015-01-18 22:30:00,0,0.10132717,0.09278619,0.97788686,0.9824112,0.9971736764659618,0.7625644826826983,0.48862827,0,0,0,1,0,0
2015-01-18 23:00:00,0,0.10851939,0.093383074,0.9781873,0.9824112,0.9971736764659618,0.7627888196644717,0.5007598,0,0,0,1,0,0
2015-01-18 23:30:00,0,0.10219672,0.09524453,0.9905992,0.9824112,0.9971736764659618,0.7663571560320788,0.5133609,0,0,0,1,0,0
2015-01-19 00:00:00,0,0.11252081,0.096009254,0.9854211,0.9769001,0.9971736764659618,0.7638760381874972,0.5267878,0,0,0,1,0,0
2015-01-19 00:30:00,0,0.12116159,0.09902346,0.9789761,0.9769001,0.9971736764659618,0.7630183273491793,0.54160726,0,0,0,1,0,0
2015-01-19 01:00:00,0,0.1254165,0.10390794,0.9791724,0.9769001,0.9971736764659618,0.7642885321316653,0.5585364,0,0,0,1,0,0
2015-01-19 01:30:00,0,0.11872012,0.109743,0.98024243,0.9769001,0.9971736764659618,0.7660148018536501,0.57791066,0,0,0,1,0,0
2015-01-19 02:00:00,0,0.11621726,0.114938736,0.97944814,0.9769001,0.9971736764659618,0.7671151632008486,0.59946406,0,0,0,1,0,0
2015-01-19 02:30:00,0,0.10954716,0.12023175,0.97948414,0.9769001,0.9971736764659618,0.7684474164185457,0.62354153,0,0,0,1,0,0
2015-01-19 03:00:00,0,0.110703446,0.12487769,0.97924656,0.9769001,0.9971736764659618,0.7695495063004427,0.64992887,0,0,0,1,0,0
2015-01-19 03:30:00,0,0.120560355,0.13455927,0.9785503,0.9769001,0.9971736764659618,0.7717958414492541,0.67828435,0,0,0,1,0,0
2015-01-19 04:00:00,0,0.12155461,0.13794863,0.9774914,0.9769001,0.9971736764659618,0.7723784470496111,0.7075276,0,0,0,1,0,0
2015-01-19 04:30:00,0,0.11834969,0.139539,0.97646755,0.9769001,0.9971736764659618,0.7725200825867586,0.7362779,0,0,0,1,0,0
2015-01-19 05:00:00,0,0.12145534,0.14104533,0.97592807,0.9769001,0.9971736764659618,0.772761794322484,0.76370615,0,0,0,1,0,0
2015-01-19 05:30:00,0,0.11197406,0.14147305,0.9760035,0.9769001,0.9971736764659618,0.7728875899252825,0.78920716,0,0,0,1,0,0
2015-01-19 06:00:00,0,0.116925985,0.15603328,0.97650015,0.9769001,0.9971736764659618,0.7766518020567827,0.812742,0,0,0,1,0,0
2015-01-19 06:30:00,0,0.116660915,0.16917372,0.9771712,0.9769001,0.9971736764659618,0.7801046693262987,0.8344345,0,0,0,1,1,0
2015-01-19 07:00:00,0,0.11909102,0.19480538,0.98974425,0.9769001,0.9971736764659618,0.7896558517155581,0.8544623,0,0,0,1,1,0
2015-01-19 07:30:00,0,0.11009018,0.22243297,0.99368566,0.98894614,0.9971736764659618,0.800559612506383,0.87305456,0,0,0,1,1,0
2015-01-19 08:00:00,0,0.12287925,0.26878774,0.9942041,0.9914141,0.9971736764659618,0.8128949129519396,0.8906076,1,0,0,1,1,0
2015-01-19 08:30:00,0,0.10950215,0.30115306,0.9942046,0.9914141,0.9971736764659618,0.8209863626894884,0.90678525,1,0,0,1,1,0
2015-01-19 09:00:00,0,0.103525385,0.33538997,0.9942052,0.9914141,0.9971736764659618,0.8295457386908465,0.92139244,1,0,0,1,1,0
2015-01-19 09:30:00,0,0.10413547,0.3492278,0.9942058,0.9914141,0.9971736764659618,0.8330053412852221,0.93412375,1,0,0,1,1,1
2015-01-19 10:00:00,0,0.10365292,0.35931492,0.9942061,0.9914141,0.9971736764659618,0.8355271989045077,0.94494915,1,0,0,1,1,1
2015-01-19 10:30:00,0,0.10128267,0.36864638,0.9942063,0.9914141,0.9971736764659618,0.8378601247010165,0.9542708,1,0,0,1,1,1
2015-01-19 11:00:00,0,0.10107271,0.3717277,0.9942063,0.9914141,0.9971736764659618,0.8386304551300936,0.9622428,1,0,0,1,1,1
2015-01-19 11:30:00,0,0.08962019,0.36035156,0.9942063,0.9914141,0.9971736764659618,0.8357864195046358,0.96913505,1,0,0,1,1,1
2015-01-19 12:00:00,0,0.08701586,0.34765363,0.99420655,0.9914141,0.9971736764659618,0.8326119953331881,0.97507304,1,0,0,1,1,1
2015-01-19 12:30:00,0,0.08585068,0.34368622,0.994207,0.9914141,0.9971736764659618,0.8316202634510927,0.9801793,1,0,0,1,1,1
2015-01-19 13:00:00,0,0.08437544,0.32985175,0.994208,0.9914141,0.9971736764659618,0.828161882751935,0.9844232,1,0,0,1,1,1
2015-01-19 13:30:00,0,0.083777875,0.32844746,0.99420965,0.9914141,0.9971736764659618,0.8278112286267214,0.9877679,1,0,0,1,1,1
2015-01-19 14:00:00,0,0.08455967,0.3323195,0.99421173,0.9914141,0.9971736764659618,0.8287797594008379,0.99015146,1,0,0,1,1,1
2015-01-19 14:30:00,0,0.084274784,0.3120743,0.9942141,0.9914141,0.9971736764659618,0.8237190568385058,0.9917004,1,0,0,1,1,1
2015-01-19 15:00:00,0,0.08473582,0.30507195,0.9942154,0.9914141,0.9971736764659618,0.8219687962469988,0.99258417,1,0,0,1,1,1
2015-01-19 15:30:00,0,0.08362641,0.31634533,0.9942147,0.9914141,0.9971736764659618,0.8247869634566241,0.9929659,1,0,0,1,1,1
2015-01-19 16:00:00,0,0.0848923,0.3300748,0.9942121,0.9914141,0.9971736764659618,0.8282186710772448,0.99290675,1,0,0,1,1,1
2015-01-19 16:30:00,0,0.08317395,0.34145093,0.99420905,0.9914141,0.9971736764659618,0.8310619467434817,0.9922666,1,0,0,1,1,1
2015-01-19 17:00:00,0,0.083488144,0.35330212,0.99420846,0.9914141,0.9971736764659618,0.8340245956120425,0.9903154,1,0,0,1,1,1
2015-01-19 17:30:00,0,0.0833684,0.3601607,0.9942133,0.9914141,0.9971736764659618,0.8357404494223528,0.98356515,1,0,0,1,1,1
2015-01-19 18:00:00,0,0.09064997,0.3606938,0.9942263,0.9914141,0.9971736764659618,0.8358769738612108,0.93314147,1,0,0,1,1,1
2015-01-19 18:30:00,0,0.09290094,0.35360062,0.9942479,0.9914141,0.9971736764659618,0.8341090851960116,0.8581653,1,0,0,1,1,0
2015-01-19 19:00:00,0,0.08458428,0.35675728,0.9942721,0.9914141,0.713383282413965,0.7639567020512833,0.779221,1,0,0,0,0,0
2015-01-19 19:30:00,0,0.08587282,0.3541609,0.9942872,0.9914141,0.713383282413965,0.7633113774634613,0.7000765,1,0,0,0,0,0
2015-01-19 20:00:00,0,0.09001982,0.36491978,0.9942907,0.9914141,0.713383282413965,0.766001975832106,0.6223925,1,0,0,0,0,0
2015-01-19 20:30:00,0,0.09241,0.3888502,0.9942814,0.9914141,0.713383282413965,0.7719822588540329,0.54836565,1,0,0,0,0,0
2015-01-19 21:00:00,0,0.10344306,0.41609812,0.994265,0.9914141,0.713383282413965,0.7787901374675049,0.48102936,1,0,0,0,1,0
2015-01-19 21:30:00,0,0.10245234,0.44393575,0.99425054,0.9914141,0.713383282413965,0.785745925006987,0.42392293,1,0,0,0,1,0
2015-01-19 22:00:00,0,0.09871835,0.47095454,0.9942433,0.9914141,0.713383282413965,0.7924988183356537,0.38060293,1,0,0,0,1,0
2015-01-19 22:30:00,0,0.10249481,0.49516082,0.99425226,0.9914141,0.713383282413965,0.798552623686911,0.35122362,1,0,0,0,1,0
2015-01-19 23:00:00,0,0.119887665,0.53097045,0.99431384,0.9914141,0.7916141392809638,0.8270781398321809,0.33402196,1,0,0,0,1,0
2015-01-19 23:30:00,0,0.12295262,0.5703373,0.9944918,0.9914141,0.7916141392809638,0.8369643450285615,0.32911488,1,0,0,0,1,0
2015-01-20 00:00:00,0,0.111226045,0.5937005,0.9944049,0.9914141,0.7916141392809638,0.8427834272886934,0.37234512,1,0,0,0,1,0
2015-01-20 00:30:00,0,0.11448566,0.5997546,0.99430746,0.9914141,0.7916141392809638,0.8442725748326005,0.4424028,1,0,0,0,1,0
2015-01-20 01:00:00,0,0.11723939,0.5995785,0.99422246,0.9914141,0.7916141392809638,0.8442073077465715,0.5173978,1,0,0,0,1,0
2015-01-20 01:30:00,0,0.119227216,0.58225596,0.99416214,0.9914141,0.7916141392809638,0.8398615927006425,0.5927108,1,0,0,0,1,0
2015-01-20 02:00:00,0,0.11356391,0.57892466,0.9941473,0.9914141,0.7916141392809638,0.8390250564123811,0.6680936,1,0,0,0,1,0
2015-01-20 02:30:00,0,0.138628,0.5761832,0.99418503,0.9914141,0.7916141392809638,0.838349124839467,0.7423188,1,0,0,0,1,0
2015-01-20 03:00:00,0,0.21186426,0.5735903,0.9942946,0.9914141,0.7916141392809638,0.8377282828594865,0.8100875,1,0,0,0,1,0
2015-01-20 03:30:00,0,0.22629791,0.5721557,0.9945779,0.9914141,0.7916141392809638,0.8374404669310274,0.86763877,1,0,0,0,1,0
2015-01-20 04:00:00,0,0.18954745,0.5710914,0.9952069,0.9914141,0.7916141392809638,0.8373316437508287,0.9116702,1,0,0,0,1,0
2015-01-20 04:30:00,0,0.19448672,0.5717691,0.9956102,0.9914141,0.7916141392809638,0.8376018912102403,0.942198,1,0,0,0,1,1
2015-01-20 05:00:00,0,0.12058416,0.57104325,0.99580526,0.9914141,0.7916141392809638,0.8374691963698091,0.9617624,1,0,0,0,1,1
2015-01-20 05:30:00,0,0.10693553,0.5669997,0.995695,0.9914141,0.7916141392809638,0.8364307344462099,0.9737754,1,0,0,0,1,1
2015-01-20 06:00:00,0,0.11233498,0.5696249,0.99498546,0.9914141,0.7916141392809638,0.8369096577669801,0.98129636,1,0,0,0,1,1
2015-01-20 06:30:00,0,0.10762498,0.53940845,0.9947695,0.9914141,0.9318429220652118,0.8643587526911382,0.98652476,1,0,0,1,1,1
2015-01-20 07:00:00,0,0.10181003,0.4876399,0.98961264,0.9914141,0.9318429220652118,0.850127398692954,0.99077576,1,0,0,1,1,1
2015-01-20 07:30:00,0,0.08592602,0.4084984,0.98751694,0.9914141,0.9318429220652118,0.8298180994623784,0.99489546,1,0,0,1,1,1
2015-01-20 08:00:00,0,0.08962474,0.32316232,0.9876795,0.97887623,0.9318429220652118,0.8053902384871129,0.99744827,1,0,0,1,1,1
2015-01-20 08:30:00,0,0.09746146,0.27232432,0.9878473,0.97887623,0.9318429220652118,0.7927227017515782,0.99743015,1,0,0,1,1,1
2015-01-20 09:00:00,0,0.08822101,0.24130428,0.9880074,0.97887623,0.9318429220652118,0.7850077149504308,0.99698657,0,0,0,1,1,1
2015-01-20 09:30:00,0,0.084316306,0.23233128,0.9881606,0.97887623,0.9318429220652118,0.7828027603262547,0.9958803,0,0,0,1,1,1
2015-01-20 10:00:00,0,0.090172105,0.22541058,0.98831534,0.97887623,0.9318429220652118,0.7811112699144963,0.9913552,0,0,0,1,1,1
2015-01-20 10:30:00,0,0.089803495,0.22254407,0.9884807,0.97887623,0.9318429220652118,0.7804359790915135,0.96456224,0,0,0,1,1,1
2015-01-20 11:00:00,0,0.10221613,0.22307587,0.98866105,0.97887623,0.9318429220652118,0.7806140181654576,0.89105946,0,0,0,1,1,0
2015-01-20 11:30:00,0,0.08917726,0.22266102,0.98885226,0.97887623,0.9318429220652118,0.7805581090086583,0.80967635,0,0,0,1,1,0
2015-01-20 12:00:00,0,0.08969395,0.22248673,0.98904127,0.97887623,0.9318429220652118,0.7805617895954732,0.7274287,0,0,0,1,1,0
2015-01-20 12:30:00,0,0.08980915,0.2189523,0.9892057,0.97887623,0.9318429220652118,0.7797192928427342,0.64499366,0,0,0,1,1,0
2015-01-20 13:00:00,0,0.103631176,0.22645938,0.9893149,0.97887623,0.9318429220652118,0.7816233632200841,0.5625321,0,0,0,1,1,0
2015-01-20 13:30:00,0,0.086425506,0.2250197,0.98933816,0.97887623,0.9318429220652118,0.7812692520254735,0.48011848,0,0,0,1,1,0
2015-01-20 14:00:00,0,0.08543108,0.22791529,0.98927563,0.97887623,0.9318429220652118,0.7819775191181783,0.39782944,0,0,0,1,1,0
2015-01-20 14:30:00,0,0.08514713,0.22716796,0.9891934,0.97887623,0.9318429220652118,0.7817701247566823,0.31576476,0,0,0,1,1,0
2015-01-20 15:00:00,0,0.08511858,0.22548735,0.9891685,0.97887623,0.9318429220652118,0.7813437578314427,0.2341259,0,0,0,1,1,0
2015-01-20 15:30:00,0,0.08738729,0.2168274,0.9891834,0.97887623,0.9318429220652118,0.7791824934118871,0.15346833,0,0,0,1,1,0
2015-01-20 16:00:00,0,0.09093693,0.20861495,0.9891917,0.97887623,0.9318429220652118,0.7771314528816823,0.07646434,0,0,0,1,1,0
2015-01-20 16:30:00,0,0.10299244,0.20806658,0.9892091,0.97887623,0.9318429220652118,0.7769987133377675,0.022190304,0,0,0,1,1,0
2015-01-20 17:00:00,0,0.085457355,0.20876372,0.9892657,0.97887623,0.9318429220652118,0.7771871385210637,0.0153961545,0,0,0,1,1,0
2015-01-20 17:30:00,0,0.09123099,0.20582998,0.9893078,0.97887623,0.9318429220652118,0.7764642384880666,0.01772498,0,0,0,1,0,0
2015-01-20 18:00:00,0,0.10521001,0.19703782,0.98908186,0.97887623,0.9318429220652118,0.7742097077005986,0.022826826,0,0,0,1,0,0
2015-01-20 18:30:00,0,0.10744433,0.18808925,0.9879963,0.97887623,0.9318429220652118,0.7717011717194203,0.030987471,0,0,0,1,0,0
2015-01-20 19:00:00,0,0.105684526,0.17681396,0.98660594,0.97887623,0.9318429220652118,0.7685347643726949,0.043216538,0,0,0,1,0,0
2015-01-20 19:30:00,0,0.10374429,0.15670538,0.9821609,0.97887623,0.9318429220652118,0.7623963651293401,0.060500145,0,0,0,1,0,0
2015-01-20 20:00:00,0,0.10179235,0.12917781,0.9749737,0.97887623,0.9318429220652118,0.7537176606291417,0.08314142,0,0,0,1,0,0
2015-01-20 20:30:00,0,0.0990754,0.10285723,0.98313534,0.97887623,0.9318429220652118,0.7491779324644688,0.110403836,0,0,0,1,0,0
2015-01-20 21:00:00,0,0.10439007,0.075497866,0.9820042,0.9682694,0.9318429220652118,0.7394036051863316,0.14027628,0,0,0,1,0,0
2015-01-20 21:30:00,0,0.104675055,0.056370974,0.98240155,0.95296955,0.9318429220652118,0.7308962491387013,0.1701026,0,0,0,1,0,0
2015-01-20 22:00:00,0,0.0969219,0.04821837,0.97634685,0.9421722,0.9318429220652118,0.7246450928085927,0.19752139,0,0,0,1,0,0
2015-01-20 22:30:00,0,0.083555765,0.0490793,0.9918867,0.9421722,0.9318429220652118,0.7287452814215306,0.22146094,0,0,0,1,0,0
2015-01-20 23:00:00,0,0.10252032,0.045568943,0.99512607,0.90608037,0.9318429220652118,0.7196545747154836,0.24159168,0,0,0,1,0,0
2015-01-20 23:30:00,0,0.110595554,0.041299224,0.9513327,0.90608037,0.9318429220652118,0.7076387998694066,0.25757542,0,0,0,1,0,0
2015-01-21 00:00:00,0,0.11941921,0.0424881,0.9514893,0.90608037,0.9318429220652118,0.7079751786821965,0.2690256,0,0,0,1,0,0
2015-01-21 00:30:00,0,0.10950229,0.04244888,0.9517198,0.90608037,0.9318429220652118,0.7080229965084676,0.27534035,0,0,0,1,0,0
2015-01-21 01:00:00,0,0.11745404,0.041124225,0.95202714,0.90608037,0.9318429220652118,0.707768663489211,0.27571246,0,0,0,1,0,0
2015-01-21 01:30:00,0,0.11001436,0.040576696,0.9524068,0.90608037,0.9318429220652118,0.7077267018192891,0.26962715,0,0,0,1,0,0
2015-01-21 02:00:00,0,0.11895738,0.04050994,0.9528561,0.90608037,0.9318429220652118,0.7078223374718312,0.25728962,0,0,0,1,0,0
2015-01-21 02:30:00,0,0.113392375,0.04047811,0.9533806,0.90608037,0.9318429220652118,0.7079454955690984,0.23984115,0,0,0,1,0,0
2015-01-21 03:00:00,0,0.124625765,0.040414214,0.95396715,0.90608037,0.9318429220652118,0.7080761638516072,0.21957242,0,0,0,1,0,0
2015-01-21 03:30:00,0,0.14970903,0.04038906,0.9545339,0.90608037,0.9318429220652118,0.7082115558022145,0.19930667,0,0,0,1,0,0
2015-01-21 04:00:00,0,0.1293525,0.04035473,0.9549442,0.90608037,0.9318429220652118,0.7083055523270253,0.18143256,0,0,0,1,0,0
2015-01-21 04:30:00,0,0.14151408,0.040326953,0.9551116,0.90608037,0.9318429220652118,0.7083404657477025,0.16681881,0,0,0,1,0,0
2015-01-21 05:00:00,0,0.12391588,0.04048729,0.9551135,0.90608037,0.9318429220652118,0.708381011807311,0.15519322,0,0,0,1,0,0
2015-01-21 05:30:00,0,0.109378256,0.040889263,0.9551171,0.90608037,0.9318429220652118,0.7084824142092351,0.14551125,0,0,0,1,0,0
2015-01-21 06:00:00,0,0.1114167,0.0411551,0.9552017,0.90608037,0.9318429220652118,0.7085700181358937,0.13602397,0,0,0,1,0,0
2015-01-21 06:30:00,0,0.1105926,0.042206645,0.9553344,0.90608037,0.8557890831971103,0.6898526295906289,0.12630354,0,0,0,1,0,0
2015-01-21 07:00:00,0,0.08927026,0.040908813,0.9554685,0.90608037,0.8557890831971103,0.689561684418319,0.11762264,0,0,0,1,0,0
2015-01-21 07:30:00,0,0.09019285,0.04117441,0.9555906,0.90608037,0.8557890831971103,0.689658616471885,0.110630065,0,0,0,1,0,0
2015-01-21 08:00:00,0,0.0944421,0.04092729,0.95570433,0.90608037,0.8557890831971103,0.6896252676731331,0.104969405,0,0,0,1,0,0
2015-01-21 08:30:00,0,0.10454548,0.041644692,0.9558176,0.90608037,0.8557890831971103,0.6898329302555306,0.10032188,0,0,0,1,0,0
2015-01-21 09:00:00,0,0.092800565,0.042120576,0.955943,0.90608037,0.8557890831971103,0.6899832531696541,0.09656147,0,0,0,1,0,0
2015-01-21 09:30:00,0,0.08394967,0.042765737,0.9561016,0.90608037,0.8557890831971103,0.6901841953283532,0.09336046,0,0,0,1,0,0
2015-01-21 10:00:00,0,0.08493354,0.043191195,0.95632005,0.90608037,0.8557890831971103,0.6903451725727303,0.09036022,0,0,0,1,0,0
2015-01-21 10:30:00,0,0.08425274,0.04236865,0.9566255,0.90608037,0.8557890831971103,0.6902159049993737,0.08730132,0,0,0,1,0,0
2015-01-21 11:00:00,0,0.08934194,0.04261422,0.95703334,0.90608037,0.8557890831971103,0.6903792515283806,0.08425691,0,0,0,1,0,0
2015-01-21 11:30:00,0,0.08631495,0.042565465,0.957535,0.90608037,0.8557890831971103,0.6904924854522927,0.08196741,0,0,0,1,0,0
2015-01-21 12:00:00,0,0.08557803,0.042069316,0.9580863,0.90608037,0.8557890831971103,0.690506269026397,0.081735544,0,0,0,1,0,0
2015-01-21 12:30:00,0,0.08669464,0.04139793,0.95859903,0.90608037,0.8557890831971103,0.690466602135299,0.08343842,0,0,0,1,0,0
2015-01-21 13:00:00,0,0.08846296,0.039548874,0.9589306,0.90608037,0.8557890831971103,0.6900872334724648,0.085216105,0,0,0,1,0,0
2015-01-21 13:30:00,0,0.08433783,0.039133072,0.95889413,0.90608037,0.8557890831971103,0.6899741634613259,0.085787624,0,0,0,1,0,0
2015-01-21 14:00:00,0,0.08420504,0.03804779,0.95840925,0.90608037,0.8557890831971103,0.6895816221719964,0.08490435,0,0,0,1,0,0
2015-01-21 14:30:00,0,0.08373852,0.03744054,0.9577463,0.90608037,0.8557890831971103,0.6892640784269555,0.082525425,0,0,0,1,0,0
2015-01-21 15:00:00,0,0.08285183,0.037484765,0.9571795,0.90608037,0.8557890831971103,0.6891334250456078,0.0786126,0,0,0,1,0,0
2015-01-21 15:30:00,0,0.08746173,0.036972523,0.95660925,0.90608037,0.8557890831971103,0.6888628050571663,0.07345704,0,0,0,1,0,0
2015-01-21 16:00:00,0,0.089900605,0.037318587,0.95589983,0.90608037,0.8557890831971103,0.6887719675785287,0.06745242,0,0,0,1,0,0
2015-01-21 16:30:00,0,0.09847246,0.037876725,0.954959,0.90608037,0.8557890831971103,0.688676287222503,0.061026573,0,0,0,1,0,0
2015-01-21 17:00:00,0,0.08466773,0.03890896,0.95378125,0.90608037,0.8557890831971103,0.6886399134880288,0.054595817,0,0,0,1,0,0
2015-01-21 17:30:00,0,0.103526056,0.03620529,0.952408,0.90608037,0.8557890831971103,0.6876206889635308,0.048562642,0,0,0,1,0,0
2015-01-21 18:00:00,0,0.11011006,0.035161138,0.9509772,0.90608037,0.8557890831971103,0.6870019480472787,0.043388724,0,0,0,1,0,0
2015-01-21 18:30:00,0,0.10648088,0.03570938,0.94984657,0.90608037,0.8557890831971103,0.6868563488012536,0.03966715,0,0,0,1,0,0
2015-01-21 19:00:00,0,0.109523155,0.034221172,0.9497388,0.90608037,0.8557890831971103,0.6864573553091271,0.03812169,0,0,0,1,0,0
2015-01-21 19:30:00,0,0.105934955,0.031736612,0.95253307,0.90608037,0.8557890831971103,0.6865347817426903,0.0393059,0,0,0,1,0,0
2015-01-21 20:00:00,0,0.102745116,0.0317868,0.9569812,0.90608037,0.8557890831971103,0.6876593574768288,0.04352297,0,0,0,1,0,0
2015-01-21 20:30:00,0,0.10492884,0.032740116,0.9619989,0.90608037,0.8557890831971103,0.6891521111017449,0.050597236,0,0,0,1,0,0
2015-01-21 21:00:00,0,0.10512347,0.03187287,0.9659532,0.90608037,0.8557890831971103,0.6899238720422967,0.05962639,0,0,0,1,0,0
2015-01-21 21:30:00,0,0.104695104,0.031041145,0.96311927,0.90608037,0.8557890831971103,0.6890074655300362,0.069603294,0,0,0,1,0,0
2015-01-21 22:00:00,0,0.10534606,0.032182932,0.9564029,0.90608037,0.8557890831971103,0.6876138195282204,0.08008186,0,0,0,1,0,0
2015-01-21 22:30:00,0,0.09041767,0.033258915,0.8965553,0.90608037,0.8557890831971103,0.672920916963218,0.09098658,0,0,0,1,0,0
2015-01-21 23:00:00,0,0.08935125,0.032178164,0.96258825,0.9333426,0.8569302266383958,0.6962598042077023,0.10202361,0,0,0,1,0,0
2015-01-21 23:30:00,0,0.11141909,0.03098166,0.9781585,0.9354806,0.8569302266383958,0.7003877387827832,0.11292166,0,0,0,1,0,0
2015-01-22 00:00:00,0,0.12013879,0.030230999,0.9781939,0.9423287,0.8569302266383958,0.7019209490603405,0.12352485,0,0,0,1,0,0
2015-01-22 00:30:00,0,0.12758388,0.029682517,0.97825855,0.9423287,0.8569302266383958,0.7017999963349301,0.1334549,0,0,0,1,0,0
2015-01-22 01:00:00,0,0.117435426,0.030156493,0.9783514,0.9423287,0.8569302266383958,0.7019417063778836,0.14217772,0,0,0,1,0,0
2015-01-22 01:30:00,0,0.11310232,0.030418277,0.9784691,0.9423287,0.8569302266383958,0.7020365671700436,0.14922644,0,0,0,1,0,0
2015-01-22 02:00:00,0,0.113511875,0.030189276,0.9786092,0.9423287,0.8569302266383958,0.7020143495387036,0.15432248,0,0,0,1,0,0
2015-01-22 02:30:00,0,0.11239957,0.030437589,0.97877425,0.9423287,0.8569302266383958,0.7021176890915829,0.15750782,0,0,0,1,0,0
2015-01-22 03:00:00,0,0.120078444,0.0305264,0.978969,0.9423287,0.8569302266383958,0.702188573915382,0.15943998,0,0,0,1,0,0
2015-01-22 03:30:00,0,0.12273321,0.030681252,0.9791911,0.9423287,0.8569302266383958,0.7022828237599331,0.16084903,0,0,0,1,0,0
2015-01-22 04:00:00,0,0.12005369,0.030759096,0.9794383,0.9423287,0.8569302266383958,0.7023640797919232,0.16194883,0,0,0,1,0,0
2015-01-22 04:30:00,0,0.13472052,0.030815601,0.9797096,0.9423287,0.8569302266383958,0.7024460361784893,0.16262752,0,0,0,1,0,0
2015-01-22 05:00:00,0,0.117308915,0.030815244,0.97995293,0.9423287,0.8569302266383958,0.7025067733115155,0.16299848,0,0,0,1,0,0
2015-01-22 05:30:00,0,0.10975622,0.031386614,0.98008394,0.9423287,0.8569302266383958,0.7026823685950238,0.16317935,0,0,0,1,0,0
2015-01-22 06:00:00,0,0.11587548,0.033462882,0.98009264,0.9423287,0.8569302266383958,0.7032036112135845,0.16317624,0,0,0,1,0,0
2015-01-22 06:30:00,0,0.108881794,0.035682082,0.9800315,0.9423287,0.886840328646328,0.7112206481577521,0.16317685,0,0,0,1,0,0
2015-01-22 07:00:00,0,0.100297816,0.039176464,0.9799579,0.9423287,0.886840328646328,0.7120758406998282,0.16335993,0,0,0,1,0,0
2015-01-22 07:30:00,0,0.0917145,0.03960514,0.97991,0.9423287,0.886840328646328,0.7121710442186957,0.16389857,0,0,0,1,0,0
2015-01-22 08:00:00,0,0.09778725,0.040106177,0.97990376,0.9423287,0.886840328646328,0.7122947387577658,0.16490112,0,0,0,1,0,0
2015-01-22 08:30:00,0,0.10127979,0.039682865,0.97993726,0.9423287,0.886840328646328,0.7121972851635581,0.16646545,0,0,0,1,0,0
2015-01-22 09:00:00,0,0.091346614,0.03949344,0.980003,0.9423287,0.886840328646328,0.7121663652540808,0.16864987,0,0,0,1,0,0
2015-01-22 09:30:00,0,0.083359554,0.039432764,0.9800965,0.9423287,0.886840328646328,0.7121745757938986,0.17150205,0,0,0,1,0,0
2015-01-22 10:00:00,0,0.089581706,0.041214228,0.9802184,0.9423287,0.886840328646328,0.7126504145743018,0.17509432,0,0,0,1,0,0
2015-01-22 10:30:00,0,0.0876688,0.041918516,0.9803713,0.9423287,0.886840328646328,0.7128647081734305,0.1793958,0,0,0,1,0,0
2015-01-22 11:00:00,0,0.095944114,0.043466926,0.9805586,0.9423287,0.886840328646328,0.7132986299873953,0.18446082,0,0,0,1,0,0
2015-01-22 11:30:00,0,0.08453238,0.04254341,0.9807782,0.9423287,0.886840328646328,0.7131226621748572,0.19022095,0,0,0,1,0,0
2015-01-22 12:00:00,0,0.08500322,0.04277134,0.9810183,0.9423287,0.886840328646328,0.7132396660925513,0.19654657,0,0,0,1,0,0
2015-01-22 12:30:00,0,0.08545044,0.042345524,0.9812476,0.9423287,0.886840328646328,0.7131905369640952,0.20322697,0,0,0,1,0,0
2015-01-22 13:00:00,0,0.08773789,0.04276216,0.98140335,0.9423287,0.886840328646328,0.7133336328150397,0.21005253,0,0,0,1,0,0
2015-01-22 13:30:00,0,0.08646887,0.043270707,0.9813902,0.9423287,0.886840328646328,0.7134574763657218,0.2168871,0,0,0,1,0,0
2015-01-22 14:00:00,0,0.08348225,0.0437032,0.9811685,0.9423287,0.886840328646328,0.7135101817728644,0.22354992,0,0,0,1,0,0
2015-01-22 14:30:00,0,0.08479622,0.041496515,0.9808936,0.9423287,0.886840328646328,0.7128897868277198,0.22976439,0,0,0,1,0,0
2015-01-22 15:00:00,0,0.08891461,0.040832877,0.98069924,0.9423287,0.886840328646328,0.7126752846123343,0.23533,0,0,0,1,0,0
2015-01-22 15:30:00,0,0.08356339,0.042414427,0.9805356,0.9423287,0.886840328646328,0.7130297683359748,0.24010128,0,0,0,1,0,0
2015-01-22 16:00:00,0,0.089433305,0.041751623,0.9803239,0.9423287,0.886840328646328,0.7128111384989386,0.24397798,0,0,0,1,0,0
2015-01-22 16:30:00,0,0.10237662,0.040589094,0.98000026,0.9423287,0.886840328646328,0.7124395929457312,0.2469473,0,0,0,1,0,0
2015-01-22 17:00:00,0,0.083596446,0.041484952,0.97954,0.9423287,0.886840328646328,0.7125484906317359,0.24894075,0,0,0,1,0,0
2015-01-22 17:30:00,0,0.098413125,0.041373253,0.9789368,0.9423287,0.886840328646328,0.7123697661043769,0.24958788,0,0,0,1,0,0
2015-01-22 18:00:00,0,0.10660526,0.041659236,0.97822934,0.9423287,0.886840328646328,0.7122643999935752,0.24876487,0,0,0,1,0,0
2015-01-22 18:30:00,0,0.12020002,0.040744305,0.9775638,0.9423287,0.886840328646328,0.7118692808033591,0.24652642,0,0,0,1,0,0
2015-01-22 19:00:00,0,0.12063383,0.041498184,0.9772151,0.9423287,0.886840328646328,0.7119705788971549,0.24289642,0,0,0,1,0,0
2015-01-22 19:30:00,0,0.12428118,0.04131162,0.97749776,0.9423287,0.886840328646328,0.7119945995689994,0.23782633,0,0,0,1,0,0
2015-01-22 20:00:00,0,0.11295068,0.04087007,0.9785453,0.9423287,0.886840328646328,0.7121460996748572,0.23166835,0,0,0,1,0,0
2015-01-22 20:30:00,0,0.10635496,0.03924191,0.9799672,0.9423287,0.886840328646328,0.7120945267559653,0.22488803,0,0,0,1,0,0
2015-01-22 21:00:00,0,0.11600907,0.03798604,0.98082983,0.9423287,0.886840328646328,0.7119962237955695,0.21774499,0,0,0,1,0,0
2015-01-22 21:30:00,0,0.118114784,0.035975695,0.9804047,0.9423287,0.886840328646328,0.7113873474480277,0.21041329,0,0,0,1,0,0
2015-01-22 22:00:00,0,0.1141396,0.039315343,0.97596776,0.9423287,0.886840328646328,0.7111130319716101,0.20320363,0,0,0,1,0,0
2015-01-22 22:30:00,0,0.10396002,0.0417974,0.9611467,0.9423287,0.886840328646328,0.708028282988227,0.19649671,0,0,0,1,0,0
2015-01-22 23:00:00,0,0.10266422,0.040130377,0.95179164,0.9423287,0.886840328646328,0.7052727602602606,0.1903358,0,0,0,1,0,0
2015-01-22 23:30:00,0,0.08478777,0.039319873,0.97482955,0.9423287,0.886840328646328,0.7108296118857031,0.18508969,0,0,0,1,0,0
2015-01-23 00:00:00,0,0.10257513,0.040283322,0.96756,0.94815886,0.886840328646328,0.7107106261135703,0.18092228,0,0,0,1,0,0
2015-01-23 00:30:00,0,0.10340879,0.04119873,0.9578465,0.94815886,0.886840328646328,0.70851111041323,0.17781413,0,0,0,1,0,0
2015-01-23 01:00:00,0,0.12296627,0.041404724,0.9579827,0.94815886,0.886840328646328,0.7085966579796439,0.1759186,0,0,0,1,0,0
2015-01-23 01:30:00,0,0.1144505,0.040967822,0.95812374,0.94815886,0.886840328646328,0.7085226886154776,0.17532955,0,0,0,1,0,0
2015-01-23 02:00:00,0,0.12251264,0.040325165,0.9582646,0.94815886,0.886840328646328,0.7083972357393866,0.17578883,0,0,0,1,0,0
2015-01-23 02:30:00,0,0.11807885,0.040176153,0.9584072,0.94815886,0.886840328646328,0.7083956413151389,0.17705639,0,0,0,1,0,0
2015-01-23 03:00:00,0,0.11034876,0.04013896,0.95855904,0.94815886,0.886840328646328,0.7084242962481146,0.17904131,0,0,0,1,0,0
2015-01-23 03:30:00,0,0.1160041,0.040088534,0.95871997,0.94815886,0.886840328646328,0.708451923000968,0.18165249,0,0,0,1,0,0
2015-01-23 04:00:00,0,0.11647724,0.040283084,0.95892215,0.94815886,0.886840328646328,0.7085511051298743,0.18452579,0,0,0,1,0,0
2015-01-23 04:30:00,0,0.112441674,0.040609002,0.95928395,0.94815886,0.886840328646328,0.7087230347277289,0.1871723,0,0,0,1,0,0
2015-01-23 05:00:00,0,0.11677246,0.040634036,0.959813,0.94815886,0.886840328646328,0.7088615559221869,0.18934917,0,0,0,1,0,0
2015-01-23 05:30:00,0,0.107331604,0.040308118,0.9602783,0.94815886,0.886840328646328,0.7088963948370581,0.1909331,0,0,0,1,0,0
2015-01-23 06:00:00,0,0.11028243,0.037323117,0.96054506,0.94815886,0.886840328646328,0.7082168422819739,0.19184543,0,0,0,1,0,0
2015-01-23 06:30:00,0,0.11064768,0.036964774,0.960664,0.94815886,0.8831597046164087,0.7072368283099784,0.19213466,0,0,0,1,0,0
2015-01-23 07:00:00,0,0.09792012,0.038547873,0.96071094,0.94815886,0.8831597046164087,0.7076443452663077,0.19193637,0,0,0,1,0,0
2015-01-23 07:30:00,0,0.092171445,0.03905523,0.96073085,0.94815886,0.8730822798472484,0.7052568047459384,0.19122513,0,0,0,1,0,0
2015-01-23 08:00:00,0,0.096594945,0.039261818,0.9607419,0.94815886,0.8730822798472484,0.7053112088854572,0.19004935,0,0,0,1,0,0
2015-01-23 08:30:00,0,0.09484077,0.048799753,0.9607478,0.94815886,0.8730822798472484,0.7076971679146549,0.18867461,0,0,0,1,0,0
2015-01-23 09:00:00,0,0.089482985,0.058050156,0.96075034,0.94815886,0.8730822798472484,0.7100104092772266,0.18759257,0,0,0,1,0,0
2015-01-23 09:30:00,0,0.084734604,0.055238485,0.9607635,0.94815886,0.8730822798472484,0.7093107848580142,0.18710084,0,0,0,1,0,0
2015-01-23 10:00:00,0,0.086203635,0.052036285,0.9608095,0.94815886,0.8730822798472484,0.7085217385704776,0.18749243,0,0,0,1,0,0
2015-01-23 10:30:00,0,0.085996464,0.051406026,0.9609112,0.94815886,0.8730822798472484,0.7083895950730106,0.18895264,0,0,0,1,0,0
2015-01-23 11:00:00,0,0.08827529,0.051215053,0.9610885,0.94815886,0.8730822798472484,0.708386167805936,0.19167162,0,0,0,1,0,0
2015-01-23 11:30:00,0,0.0854142,0.051558256,0.9613514,0.94815886,0.8730822798472484,0.7085376977141162,0.19553985,0,0,0,1,0,0
2015-01-23 12:00:00,0,0.08457463,0.05130899,0.96168953,0.94815886,0.8730822798472484,0.7085599153454563,0.20044912,0,0,0,1,0,0
2015-01-23 12:30:00,0,0.085018195,0.051271677,0.9620531,0.94815886,0.8730822798472484,0.7086414843018314,0.20618023,0,0,0,1,0,0
2015-01-23 13:00:00,0,0.085846,0.050567627,0.9623299,0.94815886,0.8730822798472484,0.7085346727783939,0.21246856,0,0,0,1,0,0
2015-01-23 13:30:00,0,0.08479665,0.05235684,0.9623409,0.94815886,0.8730822798472484,0.7089847176487705,0.21936904,0,0,0,1,0,0
2015-01-23 14:00:00,0,0.08729644,0.052424192,0.96196806,0.94815886,0.8730822798472484,0.708908349197652,0.22688442,0,0,0,1,0,0
2015-01-23 14:30:00,0,0.09073982,0.05198288,0.96144694,0.94815886,0.8730822798472484,0.7086677401478549,0.23452015,0,0,0,1,0,0
2015-01-23 15:00:00,0,0.08963898,0.051271558,0.9611637,0.94815886,0.8730822798472484,0.7084190993721744,0.24176729,0,0,0,1,0,0
2015-01-23 15:30:00,0,0.085500084,0.050871015,0.9611402,0.94815886,0.8730822798472484,0.7083130925114414,0.2485521,0,0,0,1,0,0
2015-01-23 16:00:00,0,0.08816316,0.04982364,0.96117437,0.94815886,0.8730822798472484,0.7080597876723072,0.25458285,0,0,0,1,0,0
2015-01-23 16:30:00,0,0.09288067,0.048995137,0.9610434,0.94815886,0.8730822798472484,0.7078199236805698,0.2596729,0,0,0,1,0,0
2015-01-23 17:00:00,0,0.08421327,0.050341725,0.9606207,0.94815886,0.8730822798472484,0.7080508916790744,0.2639219,0,0,0,1,0,0
2015-01-23 17:30:00,0,0.105410464,0.05123198,0.9599482,0.94815886,0.8730822798472484,0.7081053256209155,0.26753768,0,0,0,1,0,0
2015-01-23 18:00:00,0,0.10725253,0.050075054,0.9592491,0.94815886,0.8730822798472484,0.7076413183625003,0.27054876,0,0,0,1,0,0
2015-01-23 18:30:00,0,0.12181119,0.04911244,0.95896953,0.94815886,0.8730822798472484,0.7073307781632205,0.27277204,0,0,0,1,0,0
2015-01-23 19:00:00,0,0.15087001,0.050418615,0.9597024,0.94815886,0.8730822798472484,0.7078405319865009,0.2740894,0,0,0,1,0,0
2015-01-23 19:30:00,0,0.13263628,0.052990317,0.9618259,0.94815886,0.8730822798472484,0.7090143411572238,0.2741851,0,0,0,1,0,0
2015-01-23 20:00:00,0,0.11620881,0.051363707,0.96493894,0.94815886,0.8730822798472484,0.709385946315076,0.27262887,0,0,0,1,0,0
2015-01-23 20:30:00,0,0.104634754,0.047554493,0.9674658,0.94815886,0.8730822798472484,0.7090653627331516,0.26908138,0,0,0,1,0,0
2015-01-23 21:00:00,0,0.10725723,0.048710942,0.9667671,0.94815886,0.8730822798472484,0.7091797887499591,0.26345664,0,0,0,1,0,0
2015-01-23 21:30:00,0,0.10761522,0.04864478,0.9587306,0.94815886,0.8730822798472484,0.7071541248972675,0.25579062,0,0,0,1,0,0
2015-01-23 22:00:00,0,0.11997695,0.046976447,0.9387455,0.94815886,0.8730822798472484,0.7017407714541217,0.24695595,0,0,0,1,0,0
2015-01-23 22:30:00,0,0.11848232,0.046393156,0.91968614,0.94815886,0.8730822798472484,0.6968301086838504,0.23767442,0,0,0,1,0,0
2015-01-23 23:00:00,0,0.120749585,0.04651034,0.93972254,0.94815886,0.8730822798472484,0.7018685042078754,0.22812693,0,0,0,1,0,0
2015-01-23 23:30:00,0,0.115982406,0.042315602,0.9849427,0.94815886,0.8469157329396348,0.7055832175214077,0.21852702,0,0,0,1,0,0
2015-01-24 00:00:00,0,0.113372736,0.037002563,0.97912985,0.9181262,0.8469157329396348,0.6952935931880261,0.2089991,0,0,0,1,0,0
2015-01-24 00:30:00,0,0.10288059,0.036746144,0.97621924,0.87769634,0.8469157329396348,0.6843943623502041,0.19981545,0,0,0,1,0,0
2015-01-24 01:00:00,0,0.094995044,0.034079432,0.971292,0.8366699,0.8469157329396348,0.6722392765481259,0.19095235,0,0,0,1,0,0
2015-01-24 01:30:00,0,0.08493027,0.03342843,0.93476427,0.8366699,0.8469157329396348,0.6629445878464962,0.1824624,0,0,0,1,0,0
2015-01-24 02:00:00,0,0.10127212,0.03509009,0.9390547,0.8537175,0.9265880156466864,0.6886125844942903,0.17472161,0,0,0,1,0,0
2015-01-24 02:30:00,0,0.10241719,0.040426493,0.95610523,0.8537175,0.9265880156466864,0.6942093116270875,0.1685551,0,0,0,1,0,0
2015-01-24 03:00:00,0,0.119673125,0.042078495,0.95609766,0.8537175,0.9265880156466864,0.6946204197632646,0.16437872,0,0,0,1,0,0
2015-01-24 03:30:00,0,0.12189168,0.047279835,0.9561212,0.8537175,0.9265880156466864,0.6959266406523561,0.16240294,0,0,0,1,0,0
2015-01-24 04:00:00,0,0.1253592,0.05058205,0.95621586,0.8537175,0.9265880156466864,0.6967758578287935,0.16232419,0,0,0,1,0,0
2015-01-24 04:30:00,0,0.11635074,0.05320084,0.9564304,0.8537175,0.9265880156466864,0.697484184526143,0.16402304,0,0,0,1,0,0
2015-01-24 05:00:00,0,0.116430104,0.05272615,0.956721,0.8537175,0.9265880156466864,0.6974381697403764,0.16743664,0,0,0,1,0,0
2015-01-24 05:30:00,0,0.1196957,0.053096056,0.956954,0.8537175,0.9265880156466864,0.6975888949858522,0.17230456,0,0,0,1,0,0
2015-01-24 06:00:00,0,0.11735113,0.056649923,0.95705026,0.8537175,0.9265880156466864,0.6985014271962022,0.17817415,0,0,0,1,0,0
2015-01-24 06:30:00,0,0.106807224,0.05184698,0.95701677,0.8537175,0.9265880156466864,0.697292317174611,0.18450032,0,0,0,1,0,0
2015-01-24 07:00:00,0,0.11806604,0.050966978,0.9931772,0.8537175,0.9265880156466864,0.7061124187933778,0.191118,0,0,0,1,0,0
2015-01-24 07:30:00,0,0.11227896,0.04394698,0.97803736,0.8537175,0.9265880156466864,0.7005724650847291,0.19766384,0,0,0,1,0,0
2015-01-24 08:00:00,0,0.12091166,0.04421866,0.95644283,0.8537175,0.9265880156466864,0.6952417534815645,0.20399606,0,0,0,1,0,0
2015-01-24 08:30:00,0,0.1192268,0.04772973,0.95617986,0.8537175,0.9265880156466864,0.696053777359662,0.21074806,0,0,0,1,0,0
2015-01-24 09:00:00,0,0.10972674,0.04840398,0.9559381,0.8537175,0.9265880156466864,0.6961619001852846,0.21842115,0,0,0,1,0,0
2015-01-24 09:30:00,0,0.09535896,0.04538381,0.95576394,0.8537175,0.947856513956472,0.7006804417320303,0.22634809,0,0,0,1,0,0
2015-01-24 10:00:00,0,0.09661037,0.042279124,0.95570666,0.8537175,0.947856513956472,0.6998899500318578,0.2337566,0,0,0,1,0,0
2015-01-24 10:30:00,0,0.08711203,0.041571498,0.9558104,0.8537175,0.947856513956472,0.699738986367803,0.24017124,0,0,0,1,0,0
2015-01-24 11:00:00,0,0.0843037,0.040896773,0.9561026,0.8537175,0.947856513956472,0.6996433507152608,0.24538921,0,0,0,1,0,0
2015-01-24 11:30:00,0,0.09582086,0.041338086,0.9565833,0.8537175,0.947856513956472,0.6998738567777685,0.24957097,0,0,0,1,0,0
2015-01-24 12:00:00,0,0.09456814,0.04055667,0.9572141,0.8537175,0.947856513956472,0.6998362015434316,0.25316903,0,0,0,1,0,0
2015-01-24 12:30:00,0,0.09483583,0.03983283,0.9579114,0.8537175,0.947856513956472,0.6998295556255392,0.25671688,0,0,0,1,0,0
2015-01-24 13:00:00,0,0.09559857,0.04059589,0.95855093,0.8537175,0.947856513956472,0.7001802097507528,0.2602548,0,0,0,1,0,0
2015-01-24 13:30:00,0,0.08998108,0.039883852,0.9590014,0.8537175,0.947856513956472,0.7001148234554342,0.2638004,0,0,0,1,0,0
2015-01-24 14:00:00,0,0.08588359,0.037822127,0.95923436,0.8537175,0.947856513956472,0.6996576260276846,0.2664482,0,0,0,1,0,0
2015-01-24 14:30:00,0,0.08955422,0.036365747,0.9594322,0.8537175,0.947856513956472,0.6993429880090765,0.26627362,0,0,0,1,0,0
2015-01-24 15:00:00,0,0.08975918,0.03529811,0.95974016,0.8537175,0.947856513956472,0.6991530727096609,0.26208082,0,0,0,1,0,0
2015-01-24 15:30:00,0,0.090569705,0.03354454,0.9600127,0.8537175,0.947856513956472,0.6987828086563161,0.25447133,0,0,0,1,0,0
2015-01-24 16:00:00,0,0.089542255,0.032920837,0.9601573,0.8537175,0.947856513956472,0.69866303312264,0.24445748,0,0,0,1,0,0
2015-01-24 16:30:00,0,0.09045515,0.02815187,0.9600467,0.8537175,0.947856513956472,0.6974431495615057,0.23272283,0,0,0,1,0,0
2015-01-24 17:00:00,0,0.09639908,0.025941491,0.95963454,0.8537175,0.947856513956472,0.6967875133701376,0.21983485,0,0,0,1,0,0
2015-01-24 17:30:00,0,0.09967656,0.02493,0.9590452,0.8537175,0.947856513956472,0.6963872979827932,0.20607048,0,0,0,1,0,0
2015-01-24 18:00:00,0,0.105840996,0.024177313,0.9585122,0.8537175,0.947856513956472,0.6960658799358419,0.19163285,0,0,0,1,0,0
2015-01-24 18:30:00,0,0.11211765,0.024315834,0.95825857,0.8537175,0.947856513956472,0.6960371057935766,0.1768034,0,0,0,1,0,0
2015-01-24 19:00:00,0,0.1345471,0.025549054,0.95827925,0.88307977,0.947856513956472,0.7036911468454412,0.16216262,0,0,0,1,0,0
2015-01-24 19:30:00,0,0.116849415,0.025719166,0.9583377,0.88307977,0.947856513956472,0.7037482927986196,0.14845426,0,0,0,1,0,0
2015-01-24 20:00:00,0,0.10491054,0.025886059,0.95821273,0.88307977,0.947856513956472,0.7037587683149389,0.13683286,0,0,0,1,0,0
2015-01-24 20:30:00,1,0.094712675,0.024518013,0.95759785,0.88307977,0.947856513956472,0.703263036484342,0.1283205,0,0,0,1,0,0
2015-01-24 21:00:00,1,0.09701657,0.024334192,0.95583904,0.88307977,0.947856513956472,0.7027773778387121,0.12343859,0,0,0,1,0,0
2015-01-24 21:30:00,1,0.10422555,0.023827553,0.95141196,0.88307977,0.947856513956472,0.7015439491220525,0.12190431,0,0,0,1,0,0
2015-01-24 22:00:00,1,0.11368836,0.024748206,0.9450921,0.88307977,0.947856513956472,0.700194142336469,0.12307454,0,0,0,1,0,0
2015-01-24 22:30:00,1,0.11881911,0.026156545,0.94655704,0.88307977,0.947856513956472,0.7009124677129797,0.12647174,0,0,0,1,0,0
2015-01-24 23:00:00,1,0.12320398,0.025468111,0.96291596,0.88307977,0.947856513956472,0.7048300872989706,0.131703,0,0,0,1,0,0
2015-01-24 23:30:00,1,0.12946135,0.025385857,0.97494894,0.88307977,0.947856513956472,0.707817770118337,0.13826242,0,0,0,1,0,0
2015-01-25 00:00:00,1,0.12015593,0.024547458,0.97678417,0.9762684,0.947856513956472,0.7313641380020193,0.1455176,0,0,0,1,0,0
2015-01-25 00:30:00,1,0.105060115,0.024451613,0.9789786,0.9762684,0.947856513956472,0.7318887780853323,0.15278645,0,0,0,1,0,0
2015-01-25 01:00:00,1,0.10612805,0.026060224,0.97996944,0.9762684,0.947856513956472,0.7325386475273183,0.1590764,0,0,0,1,0,0
2015-01-25 01:30:00,1,0.10032438,0.025792956,0.9638563,0.9762684,0.947856513956472,0.7284435402103475,0.16377045,0,0,0,1,0,0
2015-01-25 02:00:00,1,0.090843506,0.01806283,0.93038315,0.9762684,0.947856513956472,0.7181427251049093,0.16657262,0,0,0,1,0,0
2015-01-25 02:30:00,1,0.08411215,0.015140533,0.84827214,0.9762684,0.947856513956472,0.69688440072022,0.16758437,0,0,0,1,0,0
2015-01-25 03:00:00,1,0.08939682,0.015559673,0.76707584,0.9762684,0.947856513956472,0.6766901086517385,0.16681929,0,0,0,1,0,0
2015-01-25 03:30:00,1,0.10733636,0.015739083,0.7581474,0.9762684,0.947856513956472,0.6745028566070608,0.16466117,0,0,0,1,0,0
2015-01-25 04:00:00,1,0.11606371,0.016130328,0.78296554,0.9762684,0.947856513956472,0.6808051984258703,0.16148874,0,0,0,1,0,0
2015-01-25 04:30:00,1,0.12185683,0.016925573,0.8409998,0.9762684,0.959652134487247,0.6984614751510857,0.15752198,0,0,0,1,0,0
2015-01-25 05:00:00,1,0.114056,0.017015934,0.8466189,0.9762684,0.959652134487247,0.6998888424806832,0.15275487,0,0,0,1,0,0
2015-01-25 05:30:00,1,0.11887938,0.016456246,0.8205659,0.9762684,0.959652134487247,0.6932356677227257,0.14737707,0,0,0,1,0,0
2015-01-25 06:00:00,1,0.111686796,0.016297221,0.76721495,0.9762684,0.959652134487247,0.6798581800632714,0.14184012,0,0,0,1,0,0
2015-01-25 06:30:00,1,0.1117486,0.016259909,0.8195187,0.9762684,0.959652134487247,0.6929247847967385,0.13643445,0,0,0,1,0,0
2015-01-25 07:00:00,1,0.11592984,0.016451001,0.783308,0.9762684,0.959652134487247,0.6839198938780068,0.13171083,0,0,0,1,0,0
2015-01-25 07:30:00,1,0.11834925,0.016378284,0.81433475,0.9762684,0.959652134487247,0.6916583947115181,0.1277044,0,0,0,1,0,0
2015-01-25 08:00:00,1,0.115175314,0.016212583,0.7635163,0.9762684,0.959652134487247,0.6789123586588143,0.12465327,0,0,0,1,0,0
2015-01-25 08:30:00,1,0.12426169,0.01111865,0.7632113,0.9762684,0.959652134487247,0.6775626263790367,0.12254229,0,0,0,1,0,0
2015-01-25 09:00:00,1,0.123507045,0.015116096,0.7630727,0.9762684,0.959652134487247,0.6785273424558876,0.12140117,0,0,0,1,0,0
2015-01-25 09:30:00,1,0.10373283,0.015154362,0.76317817,0.9762684,0.959652134487247,0.678563269155526,0.12078007,0,0,0,1,0,0
2015-01-25 10:00:00,1,0.09973468,0.015226841,0.7635893,0.9762684,0.959652134487247,0.6786841771774529,0.12026039,0,0,0,1,0,0
2015-01-25 10:30:00,1,0.08618785,0.014904499,0.78022313,0.9762684,0.959652134487247,0.6827620438509224,0.11955691,0,0,0,1,0,0
2015-01-25 11:00:00,1,0.08543471,0.0143995285,0.85590374,0.9762684,0.959652134487247,0.7015559545927285,0.11863363,0,0,0,1,0,0
2015-01-25 11:30:00,1,0.08550901,0.013304472,0.8172396,0.9762684,0.959652134487247,0.6916161499195336,0.11750812,0,0,0,1,0,0
2015-01-25 12:00:00,1,0.09080335,0.011346698,0.8584473,0.9762684,0.959652134487247,0.7014286390714882,0.116169065,0,0,0,1,0,0
2015-01-25 12:30:00,1,0.09416055,0.00753057,0.84385544,0.9762684,0.959652134487247,0.6968266389541863,0.11481732,0,0,0,1,0,0
2015-01-25 13:00:00,1,0.09022651,0.008569002,0.7673068,0.9762684,0.959652134487247,0.6779490879945992,0.11366186,0,0,0,1,0,0
2015-01-25 13:30:00,1,0.09611806,0.0066313744,0.76612604,0.9762684,0.959652134487247,0.6771694890432595,0.113101654,0,0,0,1,0,0
2015-01-25 14:00:00,1,0.09210531,0.008461118,0.76404065,0.9762684,0.959652134487247,0.677105577962899,0.113239266,0,0,0,1,0,0
2015-01-25 14:30:00,1,0.09076453,0.013075113,0.7613657,0.9762684,0.959652134487247,0.6775903425388573,0.114212066,0,0,0,1,0,0
2015-01-25 15:00:00,1,0.08500434,0.013817549,0.7583288,0.9762684,0.959652134487247,0.6770167223387001,0.11601325,0,0,0,1,0,0
2015-01-25 15:30:00,1,0.083277985,0.01551342,0.75490683,0.9762684,0.959652134487247,0.6765851996116875,0.11871172,0,0,0,1,0,0
2015-01-25 16:00:00,1,0.08491949,0.0149559975,0.7512585,0.9762684,0.959652134487247,0.6755337587766884,0.12220872,0,0,0,1,0,0
2015-01-25 16:30:00,1,0.08513122,0.020178914,0.74797183,0.9762684,0.959652134487247,0.6760178229980706,0.12614298,0,0,0,1,0,0
2015-01-25 17:00:00,1,0.084334336,0.019384027,0.79776305,0.9762684,0.959652134487247,0.6882669053249596,0.13013686,0,0,0,1,0,0
2015-01-25 17:30:00,1,0.090844594,0.017763615,0.8746727,0.9762684,0.959652134487247,0.7070892176800011,0.13407251,0,0,0,1,0,0
2015-01-25 18:00:00,1,0.09034035,0.018577933,0.8994912,0.9762684,0.959652134487247,0.7134974173479317,0.138,0,0,0,1,0,0
2015-01-25 18:30:00,1,0.0895346,0.01874578,0.945403,0.9762684,0.959652134487247,0.725017326252961,0.14204164,0,0,0,1,0,0
2015-01-25 19:00:00,1,0.0841059,0.016000986,0.81910706,0.9762684,0.959652134487247,0.6927571467333077,0.14603107,0,0,0,1,0,0
2015-01-25 19:30:00,1,0.088723555,0.012920499,0.7575246,0.9762684,0.959652134487247,0.6765914133959053,0.14957121,0,0,0,1,0,0
2015-01-25 20:00:00,1,0.09841344,0.012399554,0.8016135,0.9762684,0.959652134487247,0.6874834022693871,0.15244447,0,0,0,1,0,0
2015-01-25 20:30:00,1,0.09657363,0.012484431,0.8015947,0.9762684,0.959652134487247,0.6874999127559899,0.15436411,0,0,0,1,0,0
2015-01-25 21:00:00,1,0.098409146,0.011247277,0.8824776,0.9762684,0.959652134487247,0.7074113509826897,0.15522163,0,0,0,1,0,0
2015-01-25 21:30:00,1,0.09890477,0.011651993,0.882486,0.9762684,0.959652134487247,0.7075146309309243,0.15503278,0,0,0,1,0,0
2015-01-25 22:00:00,1,0.10776707,0.017252326,0.9089864,0.9762684,0.959652134487247,0.715539815204644,0.15417346,0,0,0,1,0,0
2015-01-25 22:30:00,1,0.11617024,0.016916394,0.9430996,0.9762684,0.959652134487247,0.7239841393404244,0.15321772,0,0,0,1,0,0
2015-01-25 23:00:00,1,0.1211788,0.025753617,0.94298893,0.99081683,0.959652134487247,0.7298028788738488,0.15284646,0,0,0,1,0,0
2015-01-25 23:30:00,1,0.12274232,0.02870524,0.987046,0.9987159,0.959652134487247,0.74352981366446,0.15362348,0,0,1,1,0,0
2015-01-26 00:00:00,1,0.1081088,0.028470874,0.9830019,0.9987159,0.959652134487247,0.7424601934128044,0.15594809,0,0,1,1,0,0
2015-01-26 00:30:00,1,0.1136298,0.026853204,0.9839325,0.9987159,0.959652134487247,0.742288427727723,0.15998752,0,0,1,1,0,0
2015-01-26 01:00:00,1,0.11225876,0.029184699,0.9795609,0.9987159,0.959652134487247,0.7417784056835411,0.16623044,0,0,1,1,0,0
2015-01-26 01:30:00,1,0.116875395,0.030772686,0.9823958,0.9987159,0.959652134487247,0.7428841314487694,0.17508388,0,0,1,1,0,0
2015-01-26 02:00:00,1,0.11248274,0.029515505,0.97566956,0.9987159,0.959652134487247,0.7408882699184655,0.18559422,0,0,1,1,0,0
2015-01-26 02:30:00,1,0.13812914,0.029142618,0.95752287,0.9987159,0.959652134487247,0.7362583748274086,0.19648181,0,0,1,1,0,0
2015-01-26 03:00:00,1,0.13634971,0.032158494,0.94503456,0.9987159,0.959652134487247,0.7338902673893212,0.20673583,0,0,1,1,0,0
2015-01-26 03:30:00,1,0.14698419,0.028166175,0.9449623,0.9987159,0.959652134487247,0.7328741274051903,0.2156244,0,0,1,1,0,0
2015-01-26 04:00:00,1,0.12549606,0.01946497,0.94482946,0.9987159,0.959652134487247,0.730665611403489,0.22257815,0,0,1,1,0,0
2015-01-26 04:30:00,1,0.123655036,0.019680023,0.9446237,0.9987159,0.8820278378656252,0.7112618618292298,0.22757006,0,0,1,1,0,0
2015-01-26 05:00:00,1,0.1113584,0.019178748,0.94433373,0.9987159,0.8820278378656252,0.7110640489143815,0.23047487,0,0,1,1,0,0
2015-01-26 05:30:00,1,0.11148714,0.024927616,0.94393367,0.9987159,0.8820278378656252,0.712401249317595,0.23130031,0,0,1,1,0,0
2015-01-26 06:00:00,1,0.10924789,0.027074933,0.9433934,0.9987159,0.8820278378656252,0.7128030144257035,0.23017685,0,0,1,1,0,0
2015-01-26 06:30:00,1,0.110629305,0.029195786,0.9426835,0.9987159,0.8820278378656252,0.7131557547134842,0.2273888,0,0,1,1,0,0
2015-01-26 07:00:00,1,0.09923024,0.03143394,0.94177896,0.9987159,0.8820278378656252,0.7134891532940354,0.22308815,0,0,1,1,0,0
2015-01-26 07:30:00,1,0.08419502,0.030548334,0.9407479,0.9987159,0.8820278378656252,0.713009991554686,0.21756019,0,0,1,1,0,0
2015-01-26 08:00:00,1,0.085932545,0.03399706,0.93983036,0.9987159,0.8820278378656252,0.713642784265944,0.21206044,0,0,1,1,0,0
2015-01-26 08:30:00,1,0.08837203,0.03158748,0.939317,0.9987159,0.8820278378656252,0.7129120462221589,0.20753665,0,0,1,1,0,0
2015-01-26 09:00:00,1,0.083902135,0.031588078,0.93932164,0.9987159,0.8820278378656252,0.7129133575243439,0.20477402,0,0,1,1,0,0
2015-01-26 09:30:00,1,0.090340994,0.03273976,0.9397991,0.9987159,0.8820278378656252,0.7133206360620942,0.20390575,0,0,1,1,0,0
2015-01-26 10:00:00,1,0.09850978,0.035183668,0.94050896,0.9987159,0.8820278378656252,0.714109086303183,0.2048431,0,0,1,1,0,0
2015-01-26 10:30:00,1,0.09708545,0.03902197,0.94119674,0.9987159,0.8820278378656252,0.7152406059784379,0.20726281,0,0,1,1,0,0
2015-01-26 11:00:00,1,0.09776607,0.04078698,0.94165474,0.9987159,0.8820278378656252,0.7157963596863236,0.21098642,0,0,1,1,0,0
2015-01-26 11:30:00,1,0.1003684,0.04314506,0.9417236,0.9987159,0.8820278378656252,0.7164030902666535,0.2155539,0,0,1,1,0,0
2015-01-26 12:00:00,1,0.096499465,0.043661118,0.9413155,0.9987159,0.8820278378656252,0.7164300762695756,0.22042464,0,0,1,1,0,0
2015-01-26 12:30:00,1,0.100816496,0.045564175,0.94042593,0.9987159,0.8820278378656252,0.7166834556145157,0.22482401,0,0,1,1,0,0
2015-01-26 13:00:00,1,0.100855805,0.046560645,0.9391232,0.9987159,0.8820278378656252,0.7166068934483018,0.22856139,0,0,1,1,0,0
2015-01-26 13:30:00,1,0.103080235,0.046521306,0.93753934,0.9987159,0.8820278378656252,0.7162010901255097,0.23152483,0,0,1,1,0,0
2015-01-26 14:00:00,1,0.09717512,0.051677465,0.93588877,0.9987159,0.8820278378656252,0.7170774870199647,0.23420708,0,0,1,1,0,0
2015-01-26 14:30:00,1,0.11071923,0.07742679,0.9784395,0.9987159,0.968098380520692,0.7556701397783434,0.23895097,0,0,1,1,0,0
2015-01-26 15:00:00,1,0.123960495,0.13880348,0.9955142,0.9987159,0.968098380520692,0.7752829885370409,0.25030562,0,0,1,1,0,0
2015-01-26 15:30:00,1,0.12431827,0.25143325,0.9983625,0.9987159,0.968098380520692,0.8041524982340014,0.2783173,0,1,1,1,1,0
2015-01-26 16:00:00,1,0.11861784,0.3954333,0.99887234,0.9988589,0.968098380520692,0.8403157389051592,0.32892084,1,1,1,1,1,0
2015-01-26 16:30:00,1,0.119737625,0.57579637,0.999092,0.99951816,0.968098380520692,0.8856262212879336,0.390208,1,1,1,1,1,0
2015-01-26 17:00:00,1,0.11313487,0.7951875,0.9998654,0.999843,0.968098380520692,0.9407485669738924,0.45361125,1,1,1,1,1,0
2015-01-26 17:30:00,1,0.11403108,1.0288067,0.9999776,0.9999355,0.968098380520692,0.999204540837494,0.517474,1,1,1,1,1,0
2015-01-26 18:00:00,1,0.12158955,1.2579572,0.9999932,0.99996126,0.968098380520692,1.0565025156623995,0.5814566,1,1,1,1,1,0
2015-01-26 18:30:00,1,0.11910839,1.4945669,0.9999982,0.999982,0.968098380520692,1.115661377299515,0.6456687,1,1,1,1,1,0
2015-01-26 19:00:00,1,0.11338405,1.7251124,0.99999917,0.99999225,0.968098380520692,1.173300558913437,0.7097513,1,1,1,1,1,0
2015-01-26 19:30:00,1,0.10636059,1.9251881,0.99999917,0.9999943,0.968098380520692,1.2233199721462404,0.7734656,1,1,1,1,1,0
2015-01-26 20:00:00,1,0.114525124,2.0276785,0.99999917,0.9999958,0.968098380520692,1.2489429658538973,0.8360868,1,1,1,1,1,0
2015-01-26 20:30:00,1,0.11853042,2.097796,0.99999917,0.99999654,0.968098380520692,1.2664725130684054,0.8956763,1,1,1,1,1,0
2015-01-26 21:00:00,1,0.11641711,2.1289353,0.99999917,0.99999654,0.968098380520692,1.2742573565132296,0.9478887,1,1,1,1,1,1
2015-01-26 21:30:00,1,0.112434566,2.190184,0.99999917,0.99999654,0.968098380520692,1.2895695513374483,0.9832332,1,1,1,1,1,1
2015-01-26 22:00:00,1,0.17111054,2.2395082,0.99999917,0.99999654,0.968098380520692,1.3019005602485811,0.9961884,1,1,1,1,1,1
2015-01-26 22:30:00,1,0.29149273,2.3238218,0.99999917,0.99999654,0.968098380520692,1.322978968013016,0.99873495,1,1,1,1,1,1
2015-01-26 23:00:00,1,0.32808354,2.3422341,0.99999917,0.99999654,0.968098380520692,1.327582055915085,0.99931264,1,1,1,1,1,1
2015-01-26 23:30:00,1,0.3312569,2.375401,0.99999917,0.99999654,0.968098380520692,1.3358737772590792,0.9995138,1,1,1,1,1,1
2015-01-27 00:00:00,1,0.33213335,2.3939204,0.99999917,0.99999654,0.968098380520692,1.3405036276466524,0.99960977,1,1,1,1,1,1
2015-01-27 00:30:00,1,0.32860926,2.4051385,0.99999917,0.99999654,0.968098380520692,1.343308145392624,0.99966437,1,1,1,1,1,1
2015-01-27 01:00:00,1,0.3287508,2.4135659,0.99999917,0.99999654,0.968098380520692,1.3454149907714998,0.9996986,1,1,1,1,1,1
2015-01-27 01:30:00,1,0.32882264,2.4201937,0.99999917,0.99999654,0.968098380520692,1.347071940291611,0.99972135,1,1,1,1,1,1
2015-01-27 02:00:00,1,0.3252136,2.4257588,0.99999917,0.99999654,0.968098380520692,1.348463231909958,0.9997377,1,1,1,1,1,1
2015-01-27 02:30:00,1,0.3223974,2.432357,0.99999917,0.99999654,0.968098380520692,1.350112790454117,0.9997499,1,1,1,1,1,1
2015-01-27 03:00:00,1,0.32390398,2.494578,0.99999917,0.99999654,0.968098380520692,1.365667993415085,0.9997597,1,1,1,1,1,1
2015-01-27 03:30:00,1,0.3228727,2.505631,0.99999917,0.99999654,0.968098380520692,1.3684312647468722,0.9997676,1,1,1,1,1,1
2015-01-27 04:00:00,1,0.31957448,2.5248408,0.99999917,0.99999654,0.968098380520692,1.373233730185715,0.9997743,1,1,1,1,1,1
2015-01-27 04:30:00,1,0.31744006,2.5382133,0.99999917,0.99999654,0.968098380520692,1.376576835501877,0.99977994,1,1,1,1,1,1
2015-01-27 05:00:00,1,0.314575,2.57768,0.99999917,0.99999654,0.968098380520692,1.386443549979416,0.99978477,1,1,1,1,1,1
2015-01-27 05:30:00,1,0.31363708,2.6717682,0.99999917,0.99999654,0.968098380520692,1.4099655693657076,0.99978906,1,1,1,1,1,1
2015-01-27 06:00:00,1,0.31193364,2.7573159,0.99999917,0.99999654,0.968098380520692,1.4313524907714998,0.99979323,1,1,1,1,1,1
2015-01-27 06:30:00,1,0.3073625,2.831607,0.99999917,0.99999654,0.968098380520692,1.4499252980835116,0.99979717,1,1,1,1,1,1
2015-01-27 07:00:00,1,0.29891923,2.9483464,0.99999917,0.99999654,0.968098380520692,1.4791101163513338,0.9998014,1,1,1,1,1,1
2015-01-27 07:30:00,1,0.29075626,3.0185583,0.99999917,0.99999654,0.968098380520692,1.4966630881912386,0.9998056,1,1,1,1,1,1
2015-01-27 08:00:00,1,0.27892762,3.1475976,0.99999917,0.99999654,0.968098380520692,1.5289229100830233,0.9998099,1,1,1,1,1,1
2015-01-27 08:30:00,1,0.24433713,3.0637505,0.99999917,0.99999654,0.968098380520692,1.507961148608414,0.9998141,1,1,1,1,1,1
2015-01-27 09:00:00,1,0.18749863,3.1303194,0.99999917,0.99999654,0.968098380520692,1.5246033614761507,0.9998181,1,1,1,1,1,1
2015-01-27 09:30:00,1,0.11618941,3.155029,0.99999917,0.99999654,0.968098380520692,1.5307807868606722,0.99982184,1,1,1,1,1,1
2015-01-27 10:00:00,1,0.117095195,3.2447717,0.99999917,0.99999654,0.968098380520692,1.5532164519912874,0.9998253,1,1,1,1,1,1
2015-01-27 10:30:00,1,0.11375343,3.2842958,0.99999917,0.99999654,0.968098380520692,1.5630974715835726,0.99982864,1,1,1,1,1,1
2015-01-27 11:00:00,1,0.11311575,3.3524234,0.99999917,0.99999654,0.968098380520692,1.580129379618851,0.99983186,1,1,1,1,1,1
2015-01-27 11:30:00,1,0.106313795,3.4101923,0.99999917,0.99999654,0.968098380520692,1.594571585047928,0.99983484,1,1,1,1,1,1
2015-01-27 12:00:00,1,0.11532084,3.47776,0.99999917,0.99999654,0.968098380520692,1.6114635413772738,0.9998376,1,1,1,1,1,1
2015-01-27 12:30:00,1,0.11119331,3.5399554,0.99999917,0.99999654,0.968098380520692,1.6270123666412508,0.99984,1,1,1,1,1,1
2015-01-27 13:00:00,1,0.11171002,3.6037214,0.99999917,0.99999654,0.968098380520692,1.642953867305008,0.99984235,1,1,1,1,1,1
2015-01-27 13:30:00,1,0.11750586,3.66349,0.99999917,0.99999654,0.968098380520692,1.6578960364944613,0.9998443,1,1,1,1,1,1
2015-01-27 14:00:00,1,0.11855354,3.7342918,0.99999917,0.99999654,0.968098380520692,1.6755964702255404,0.99984616,1,1,1,1,1,1
2015-01-27 14:30:00,1,0.110058166,3.7203324,0.99999917,0.99999654,0.9603921701106688,1.6701800656714356,0.99984795,1,1,1,1,1,1
2015-01-27 15:00:00,1,0.11063446,3.7340753,0.99999917,0.99999654,0.9603921701106688,1.673615796605579,0.9998498,1,1,1,1,1,1
2015-01-27 15:30:00,1,0.119040504,3.7405646,0.9999993,0.99999654,0.9603921701106688,1.6752381456293977,0.99985147,1,1,1,1,1,1
2015-01-27 16:00:00,1,0.12418731,3.7372773,0.9999993,0.99999654,0.9603921701106688,1.6744163167872346,0.99985313,1,1,1,1,1,1
2015-01-27 16:30:00,1,0.12296724,3.7367232,0.9999993,0.99999654,0.9603921701106688,1.6742777955927766,0.99985474,1,1,1,1,1,1
2015-01-27 17:00:00,1,0.12110999,3.7066581,0.9999993,0.99999654,0.9603921701106688,1.6667615306773105,0.9998562,1,1,1,1,1,1
2015-01-27 17:30:00,1,0.112715185,3.676356,0.9999993,0.99999654,0.9603921701106688,1.6591860187449372,0.9998574,1,1,1,1,1,1
2015-01-27 18:00:00,1,0.10817508,3.6342757,0.99999917,0.99999654,0.9603921701106688,1.648665888349048,0.99985856,1,1,1,1,1,1
2015-01-27 18:30:00,1,0.11036401,3.6031382,0.99999917,0.99999654,0.9603921701106688,1.640881521741382,0.9998595,1,1,1,1,1,1
2015-01-27 19:00:00,1,0.10229371,3.5556715,0.99999917,0.99999654,0.9603921701106688,1.6290148330130494,0.99986047,1,1,1,1,1,1
2015-01-27 19:30:00,1,0.11269816,3.5079439,0.99999917,0.99999654,0.9603921701106688,1.6170829368033326,0.9998612,1,1,1,1,1,1
2015-01-27 20:00:00,1,0.11956508,3.4910982,0.99999917,0.99999654,0.9603921701106688,1.6128715110220826,0.99986166,1,1,1,1,1,1
2015-01-27 20:30:00,1,0.117889404,3.3729413,0.99999917,0.9999956,0.9603921701106688,1.5833320451178468,0.9998619,1,1,1,1,1,1
2015-01-27 21:00:00,1,0.11605569,3.3251035,0.99999917,0.99999535,0.9603921701106688,1.571372551957599,0.9998619,1,1,1,1,1,1
2015-01-27 21:30:00,1,0.11132404,3.2691462,0.99999917,0.99999535,0.9603921701106688,1.5573832226195252,0.99986166,1,1,1,1,1,1
2015-01-27 22:00:00,1,0.11509679,3.206714,0.99999917,0.99999535,0.9603921701106688,1.5417751503386414,0.9998613,1,1,1,1,1,1
2015-01-27 22:30:00,1,0.11843681,3.2081969,0.99999917,0.99999535,0.9603921701106688,1.5421458912291444,0.99986076,1,1,1,1,1,1
2015-01-27 23:00:00,1,0.12297754,3.0854137,0.99999917,0.99999535,0.9603921701106688,1.511450095216266,0.99986,1,1,1,1,1,1
2015-01-27 23:30:00,1,0.1102887,3.0298293,0.99999917,0.99999535,0.9603921701106688,1.497553987542621,0.99985915,1,1,1,1,1,1
2015-01-28 00:00:00,1,0.11655977,2.9885533,0.99999917,0.99999535,0.9603921701106688,1.4872349930205262,0.9998582,1,1,1,1,1,1
2015-01-28 00:30:00,1,0.11322522,2.959006,0.99999917,0.99999535,0.9603921701106688,1.479848189393512,0.9998572,1,1,1,1,1,1
2015-01-28 01:00:00,1,0.11469247,2.8828201,0.99999917,0.99999535,0.9603921701106688,1.4608017039694705,0.999856,1,1,1,1,1,1
2015-01-28 01:30:00,1,0.11642991,2.8551745,0.99999917,0.99999535,0.9603921701106688,1.4538903069891846,0.99985474,1,1,1,1,1,1
2015-01-28 02:00:00,1,0.12687697,2.841252,0.99999917,0.99999535,0.9603921701106688,1.4504096937575257,0.99985343,1,1,1,1,1,1
2015-01-28 02:30:00,1,0.17571701,2.832274,0.9999993,0.99999535,0.9603921701106688,1.4481651914515412,0.9998521,1,1,1,1,1,1
2015-01-28 03:00:00,1,0.22039919,2.7653935,0.9999993,0.99999535,0.9603921701106688,1.431445075313083,0.9998508,1,1,1,1,1,1
2015-01-28 03:30:00,1,0.22128029,2.7613685,0.9999993,0.99999535,0.9603921701106688,1.4304388296999848,0.9998494,1,1,1,1,1,1
2015-01-28 04:00:00,1,0.2056742,2.7590737,0.9999993,0.99999535,0.9603921701106688,1.4298651349940217,0.9998482,1,1,1,1,1,1
2015-01-28 04:30:00,1,0.20852867,2.759176,0.99999917,0.99999535,0.9603921701106688,1.429890675584308,0.9998469,1,1,1,1,1,1
2015-01-28 05:00:00,1,0.13877355,2.7621243,0.99999917,0.99999535,0.9603921701106688,1.4306277466216004,0.9998457,1,1,1,1,1,1
2015-01-28 05:30:00,1,0.11252577,2.8147814,0.99999905,0.99999535,0.9603921701106688,1.4437919986643708,0.9998446,1,1,1,1,1,1
2015-01-28 06:00:00,1,0.11954438,2.800201,0.9999989,0.99999535,0.9603921701106688,1.4401468468108094,0.9998438,1,1,1,1,1,1
2015-01-28 06:30:00,1,0.1100315,2.78398,0.9999989,0.99999535,0.954065234337134,1.434509851255487,0.9998429,1,1,1,1,1,1
2015-01-28 07:00:00,1,0.10095836,2.8147194,0.99999917,0.99999535,0.954065234337134,1.4421947973156677,0.99984235,1,1,1,1,1,1
2015-01-28 07:30:00,1,0.08346849,2.7772508,0.9999989,0.99999535,0.8691374638795208,1.4115956271469432,0.99984175,1,1,1,1,1,1
2015-01-28 08:00:00,1,0.086528,2.7847915,0.999998,0.99999356,0.8691374638795208,1.4134801173984843,0.9998412,1,1,1,1,1,1
2015-01-28 08:30:00,1,0.083897196,2.7059705,0.9999963,0.9999895,0.8691374638795208,1.3937734509289104,0.99984074,1,1,1,1,1,1
2015-01-28 09:00:00,1,0.08547982,2.6817636,0.99999356,0.99998033,0.8691374638795208,1.3877187515079814,0.99984026,1,1,1,1,1,1
2015-01-28 09:30:00,1,0.08889956,2.615923,0.99998784,0.99996364,0.8691374638795208,1.3712529683887795,0.99983984,1,1,1,1,1,1
2015-01-28 10:00:00,1,0.096675456,2.5857933,0.9999769,0.9999349,0.8691374638795208,1.3637106264412242,0.99983937,1,1,1,1,1,1
2015-01-28 10:30:00,1,0.09854753,2.5120213,0.9999641,0.99992275,0.8691374638795208,1.3452614093601545,0.99983877,1,1,1,1,1,1
2015-01-28 11:00:00,1,0.10092895,2.4486887,0.99995315,0.99992275,0.8691374638795208,1.329425528126939,0.9998379,1,1,1,1,1,1
2015-01-28 11:30:00,1,0.09783185,2.371812,0.99995315,0.99992275,0.8691374638795208,1.3102063680469829,0.9998369,1,1,1,1,1,1
2015-01-28 12:00:00,1,0.09986815,2.2987952,0.99995327,0.99992275,0.8691374638795208,1.291952177363618,0.99983567,1,1,1,1,1,1
2015-01-28 12:30:00,1,0.096907765,2.2440677,0.9999535,0.99992275,0.8691374638795208,1.2782703483879403,0.999834,1,1,1,1,1,1
2015-01-28 13:00:00,1,0.09696682,2.1822538,0.9999536,0.99992275,0.8691374638795208,1.2628169203579265,0.99983215,1,1,1,1,1,1
2015-01-28 13:30:00,1,0.099996716,2.105355,0.9999535,0.99992275,0.8691374638795208,1.243592187243684,0.9998298,1,1,1,1,1,1
2015-01-28 14:00:00,1,0.10169668,2.0262043,0.99995303,0.99992275,0.8691374638795208,1.2238043988525706,0.99982715,1,1,1,1,1,1
2015-01-28 14:30:00,1,0.091146395,1.9550889,0.99995244,0.99992275,0.8691374638795208,1.2060253763973552,0.99982405,1,1,1,1,1,1
2015-01-28 15:00:00,1,0.08920077,1.8996198,0.9999523,0.99992275,0.8691374638795208,1.192158087569459,0.9998207,1,1,1,1,1,1
2015-01-28 15:30:00,1,0.093352236,1.860846,0.99995244,0.99992275,0.8691374638795208,1.1824646735966045,0.9998171,1,1,1,1,1,1
2015-01-28 16:00:00,1,0.09981914,1.8322506,0.99995244,0.99992275,0.8691374638795208,1.1753158117115337,0.9998131,1,1,1,1,1,1
2015-01-28 16:30:00,1,0.09778707,1.8047097,0.99995244,0.99992275,0.8691374638795208,1.1684305811703044,0.99980885,1,1,1,1,1,1
2015-01-28 17:00:00,1,0.08851537,1.7638552,0.99995327,0.99992275,0.8691374638795208,1.1582171762764293,0.99980444,1,1,1,1,1,1
2015-01-28 17:30:00,1,0.083475985,1.7028058,0.99995613,0.99992275,0.8691374638795208,1.14295552619098,0.9997998,1,1,1,1,1,1
2015-01-28 18:00:00,1,0.10411671,1.637702,0.9999609,0.99992275,0.8691374638795208,1.1266807759582835,0.9997949,1,1,1,1,1,1
2015-01-28 18:30:00,1,0.11095822,1.5487692,0.99995756,0.99992275,0.8691374638795208,1.1044467533409434,0.99978954,1,1,1,1,1,1
2015-01-28 19:00:00,1,0.10485008,1.4386301,0.9999645,0.99992275,0.8691374638795208,1.0769136989891368,0.9997835,1,1,1,1,1,1
2015-01-28 19:30:00,1,0.110621534,1.304327,0.999966,0.99992275,0.8691374638795208,1.043338313180192,0.9997764,1,1,1,1,1,1
2015-01-28 20:00:00,1,0.10449974,1.1640155,0.99993896,0.99992275,0.8691374638795208,1.0082536781608895,0.99976784,1,1,1,1,1,1
2015-01-28 20:30:00,1,0.0979004,1.0178881,0.9999069,0.9998534,0.8691374638795208,0.9716964507877666,0.99975723,1,1,1,1,1,1
2015-01-28 21:00:00,1,0.09564961,0.8723922,0.99990094,0.99965,0.8691374638795208,0.9352701450168924,0.99974376,1,1,1,1,1,1
2015-01-28 21:30:00,1,0.094051294,0.74654853,0.99987113,0.9996377,0.8691374638795208,0.903798713761552,0.9997265,1,1,1,1,1,1
2015-01-28 22:00:00,1,0.09632146,0.6258286,0.9992995,0.9996377,0.8691374638795208,0.8734758342087108,0.9997038,1,1,1,1,1,1
2015-01-28 22:30:00,1,0.09100424,0.49564302,0.99668306,0.9986349,0.8691374638795208,0.8400246048748332,0.9996734,1,0,1,1,1,1
2015-01-28 23:00:00,1,0.09022154,0.41686344,0.99336535,0.9937087,0.9060860240165842,0.8275058856533084,0.9996333,1,0,0,1,1,1
2015-01-28 23:30:00,1,0.11010213,0.36139762,0.99546576,0.9907143,0.9060860240165842,0.8134159287736926,0.9995807,1,0,0,1,1,1
2015-01-29 00:00:00,1,0.117602885,0.32468975,0.98806876,0.9609952,0.9060860240165842,0.7949599316642795,0.99951315,1,0,0,1,1,1
2015-01-29 00:30:00,1,0.120039746,0.30034184,0.97799647,0.95342404,0.9060860240165842,0.7844620934055362,0.99942726,1,0,0,1,1,1
2015-01-29 01:00:00,1,0.11640966,0.2867509,0.9780904,0.95342404,0.9060860240165842,0.7810878446624789,0.99932045,1,0,0,1,1,1
2015-01-29 01:30:00,1,0.10550595,0.27918375,0.9782095,0.95342404,0.9060860240165842,0.7792258253620181,0.99918956,1,0,0,1,1,1
2015-01-29 02:00:00,1,0.111243375,0.2746446,0.9783513,0.95342404,0.9060860240165842,0.778126492194942,0.99903107,1,0,0,1,1,1
2015-01-29 02:30:00,1,0.11069562,0.272439,0.97851825,0.95342404,0.9060860240165842,0.7776168277786288,0.9988403,1,0,0,1,1,1
2015-01-29 03:00:00,1,0.11419567,0.27036786,0.9787153,0.95342404,0.9060860240165842,0.7771483054683719,0.99861246,1,0,0,1,1,1
2015-01-29 03:30:00,1,0.119425975,0.26912892,0.97894007,0.95342404,0.9060860240165842,0.7768947622106586,0.9983409,1,0,0,1,0,1
2015-01-29 04:00:00,0,0.119743004,0.26840985,0.9791901,0.95342404,0.9060860240165842,0.7767775049732242,0.99801654,1,0,0,1,0,1
2015-01-29 04:30:00,0,0.13203545,0.267601,0.9794647,0.95342404,0.9060860240165842,0.7766439458654437,0.99762684,1,0,0,1,0,1
2015-01-29 05:00:00,0,0.11578086,0.2668345,0.9797109,0.95342404,0.9060860240165842,0.7765138587282214,0.99715537,1,0,0,1,0,1
2015-01-29 05:30:00,0,0.10764501,0.2654134,0.97984344,0.95342404,0.9060860240165842,0.7761917254255328,0.99656814,1,0,0,1,0,1
2015-01-29 06:00:00,0,0.10994699,0.26334846,0.9798522,0.95342404,0.9060860240165842,0.7756776800678287,0.99581313,1,0,0,1,0,1
2015-01-29 06:30:00,0,0.1023458,0.2633841,0.97979033,0.95342404,0.9060860240165842,0.7756711235569034,0.99481326,1,0,0,1,0,1
2015-01-29 07:00:00,0,0.09541851,0.26163542,0.97971594,0.95342404,0.9060860240165842,0.7752153566406284,0.99339944,1,0,0,1,0,1
2015-01-29 07:30:00,0,0.08520942,0.26194906,0.97966754,0.95342404,0.9060860240165842,0.775281666807941,0.99128896,1,0,0,1,0,1
2015-01-29 08:00:00,0,0.090604804,0.26055956,0.9796611,0.95342404,0.9060860240165842,0.7749326816127811,0.9877718,1,0,0,1,0,1
2015-01-29 08:30:00,0,0.08980398,0.2578981,0.9796951,0.95342404,0.9060860240165842,0.7742758086250339,0.9813511,1,0,0,1,0,1
2015-01-29 09:00:00,0,0.08441029,0.25518513,0.9797616,0.95342404,0.9060860240165842,0.773614197068027,0.9679532,0,0,0,1,0,1
2015-01-29 09:30:00,0,0.08430618,0.2510562,0.97985625,0.95342404,0.9060860240165842,0.7726056268737826,0.9386732,0,0,0,1,0,1
2015-01-29 10:00:00,0,0.08942897,0.2390511,0.9799794,0.95342404,0.9060860240165842,0.7696351399944339,0.882737,0,0,0,1,0,0
2015-01-29 10:30:00,0,0.08924466,0.23122156,0.9801342,0.95342404,0.9060860240165842,0.7677164515779529,0.8084684,0,0,0,1,0,0
2015-01-29 11:00:00,0,0.10030401,0.22195077,0.9803237,0.95342404,0.9060860240165842,0.7654461255596194,0.72838193,0,0,0,1,0,0
2015-01-29 11:30:00,0,0.09047039,0.20705211,0.98054594,0.95342404,0.9060860240165842,0.7617770275400195,0.6469212,0,0,0,1,0,0
2015-01-29 12:00:00,0,0.08521911,0.19164526,0.98078877,0.95342404,0.9060860240165842,0.7579860231206927,0.5652144,0,0,0,1,0,0
2015-01-29 12:30:00,0,0.088945985,0.17780459,0.9810208,0.95342404,0.9060860240165842,0.7545838645027194,0.48363748,0,0,0,1,0,0
2015-01-29 13:00:00,0,0.0891203,0.16215491,0.98117846,0.95342404,0.9060860240165842,0.7507108589933429,0.40247515,0,0,0,1,0,0
2015-01-29 13:30:00,0,0.086550266,0.14721,0.9811652,0.95342404,0.9060860240165842,0.7469713082836185,0.32207814,0,0,0,1,0,0
2015-01-29 14:00:00,0,0.0861193,0.13403833,0.98094076,0.95342404,0.9060860240165842,0.7436222872064624,0.24321598,0,0,0,1,0,0
2015-01-29 14:30:00,0,0.08328549,0.122198224,0.98066276,0.95342404,0.9060860240165842,0.7405927619264636,0.16745003,0,0,0,1,0,0
2015-01-29 15:00:00,0,0.08399004,0.117712855,0.98046607,0.95342404,0.9060860240165842,0.7394222459123645,0.09894676,0,0,0,1,0,0
2015-01-29 15:30:00,0,0.085277826,0.11832309,0.98030055,0.95342404,0.9060860240165842,0.7395334234760318,0.04676144,0,0,0,1,0,0
2015-01-29 16:00:00,0,0.10259761,0.11438763,0.9800861,0.95342404,0.9060860240165842,0.7384959450290713,0.021895386,0,0,0,1,0,0
2015-01-29 16:30:00,0,0.097312,0.1117599,0.97975874,0.95342404,0.9060860240165842,0.7377571752594028,0.01642182,0,0,0,1,0,0
2015-01-29 17:00:00,0,0.0887656,0.111103415,0.979293,0.95342404,0.9060860240165842,0.737476616196445,0.018570693,0,0,0,1,0,0
2015-01-29 17:30:00,0,0.09051599,0.10584223,0.97868264,0.95342404,0.9060860240165842,0.7360087326095615,0.025280615,0,0,0,1,0,0
2015-01-29 18:00:00,0,0.103087276,0.10369611,0.9779669,0.95342404,0.9060860240165842,0.735293268256,0.038347468,0,0,0,1,0,0
2015-01-29 18:30:00,0,0.10586936,0.09916997,0.97729355,0.95342404,0.9060860240165842,0.7339933952615771,0.0628488,0,0,0,1,0,0
2015-01-29 19:00:00,0,0.11020032,0.09703016,0.9769408,0.95342404,0.9060860240165842,0.7333702585027728,0.10462443,0,0,0,1,0,0
2015-01-29 19:30:00,0,0.10854511,0.094427586,0.97722673,0.95342404,0.9060860240165842,0.7327910950706515,0.16087186,0,0,0,1,0,0
2015-01-29 20:00:00,0,0.10635172,0.08954179,0.9782867,0.95342404,0.9060860240165842,0.731834634237102,0.22003509,0,0,0,1,0,0
2015-01-29 20:30:00,0,0.107437,0.077332854,0.9797252,0.95342404,0.9060860240165842,0.7291420242116962,0.2645599,0,0,0,1,0,0
2015-01-29 21:00:00,0,0.1057796,0.06791878,0.9805981,0.95342404,0.9060860240165842,0.7270067325161014,0.275643,0,0,0,1,0,0
2015-01-29 21:30:00,0,0.105719596,0.062334538,0.980168,0.95342404,0.9060860240165842,0.7255031457469974,0.2756308,0,0,0,1,0,0
2015-01-29 22:00:00,0,0.106346376,0.063354254,0.97567874,0.95342404,0.9060860240165842,0.7246357640550647,0.27411413,0,0,0,1,0,0
2015-01-29 22:30:00,0,0.101161376,0.067870855,0.96068674,0.95342404,0.9060860240165842,0.7220169147775684,0.27152222,0,0,0,1,0,0
2015-01-29 23:00:00,0,0.099872604,0.06534076,0.95323217,0.9439398,0.8734306427828126,0.7089858435837342,0.26721644,0,0,0,1,0,0
2015-01-29 23:30:00,0,0.0842891,0.06340015,0.9755992,0.9439398,0.8734306427828126,0.7140924566237046,0.25985876,0,0,0,1,0,0
2015-01-30 00:00:00,0,0.10024091,0.06342363,0.9723789,0.96006715,0.8734306427828126,0.7173250847307755,0.24658309,0,0,0,1,0,0
2015-01-30 00:30:00,0,0.110975415,0.063745975,0.97342277,0.96006715,0.8734306427828126,0.7176666342464997,0.22202565,0,0,0,1,0,0
2015-01-30 01:00:00,0,0.12278365,0.062770724,0.9735258,0.96006715,0.8734306427828126,0.7174485855547501,0.1802457,0,0,0,1,0,0
2015-01-30 01:30:00,0,0.11018804,0.062170267,0.97363347,0.96006715,0.8734306427828126,0.7173253827539994,0.123992704,0,0,0,1,0,0
2015-01-30 02:00:00,0,0.12146666,0.062069178,0.97374177,0.96006715,0.8734306427828126,0.7173271857945038,0.06478196,0,0,0,1,0,0
2015-01-30 02:30:00,0,0.10605714,0.062416673,0.9738521,0.96006715,0.8734306427828126,0.7174416416136338,0.020128867,0,0,0,1,0,0
2015-01-30 03:00:00,0,0.11254105,0.062754035,0.9739688,0.96006715,0.8734306427828126,0.7175551586596085,0.008775375,0,0,0,1,0,0
2015-01-30 03:30:00,0,0.11537849,0.06325078,0.9740916,0.96006715,0.8734306427828126,0.7177100413290574,0.008260985,0,0,0,1,0,0
2015-01-30 04:00:00,0,0.11888153,0.06318176,0.9742406,0.96006715,0.8734306427828126,0.7177300386873795,0.008802886,0,0,0,1,0,0
2015-01-30 04:30:00,0,0.11194897,0.06390154,0.97449255,0.96006715,0.8734306427828126,0.7179729723183228,0.009605141,0,0,0,1,0,0
2015-01-30 05:00:00,0,0.1145671,0.06500602,0.9748532,0.96006715,0.8734306427828126,0.7183392577616288,0.010579217,0,0,0,1,0,0
2015-01-30 05:30:00,0,0.10825194,0.06548381,0.97517437,0.96006715,0.8734306427828126,0.7185389929262711,0.01168967,0,0,0,1,0,0
2015-01-30 06:00:00,0,0.108478725,0.06394541,0.9753695,0.96006715,0.8734306427828126,0.7182031803576066,0.012873382,0,0,0,1,0,0
2015-01-30 06:30:00,0,0.10182407,0.062757134,0.97547066,0.96006715,0.848567590389488,0.7117156349802608,0.014047738,0,0,0,1,0,0
2015-01-30 07:00:00,0,0.08988257,0.057599306,0.9755255,0.96006715,0.848567590389488,0.7104398869658107,0.015118924,0,0,0,1,0,0
2015-01-30 07:30:00,0,0.08982803,0.06034398,0.97556055,0.96006715,0.848567590389488,0.711134817519247,0.01604036,0,0,0,1,0,0
2015-01-30 08:00:00,0,0.10164978,0.06290686,0.9755863,0.96006715,0.848567590389488,0.7117819749498958,0.01679524,0,0,0,1,0,0
2015-01-30 08:30:00,0,0.09992607,0.071320176,0.97560436,0.96006715,0.848567590389488,0.7138898187065715,0.017405793,0,0,0,1,0,0
2015-01-30 09:00:00,0,0.091017276,0.08067167,0.9756173,0.96006715,0.848567590389488,0.7162309252405757,0.017917387,0,0,0,1,0,0
2015-01-30 09:30:00,0,0.08480706,0.078790784,0.9756354,0.96006715,0.848567590389488,0.7157652341509456,0.018362634,0,0,0,1,0,0
2015-01-30 10:00:00,0,0.08546224,0.07566941,0.97567403,0.96006715,0.848567590389488,0.7149945460939998,0.018789655,0,0,0,1,0,0
2015-01-30 10:30:00,0,0.08590678,0.07451117,0.97574824,0.96006715,0.848567590389488,0.7147235386753673,0.019281497,0,0,0,1,0,0
2015-01-30 11:00:00,0,0.085908785,0.070405364,0.975871,0.96006715,0.848567590389488,0.7137277834797496,0.01993898,0,0,0,1,0,0
2015-01-30 11:30:00,0,0.08328097,0.069922805,0.9760498,0.96006715,0.848567590389488,0.7136518322611446,0.020883545,0,0,0,1,0,0
2015-01-30 12:00:00,0,0.08408665,0.06940925,0.9762779,0.96006715,0.848567590389488,0.7135804706001873,0.022240376,0,0,0,1,0,0
2015-01-30 12:30:00,0,0.08638326,0.06844616,0.97652346,0.96006715,0.848567590389488,0.7134010904217357,0.02409087,0,0,0,1,0,0
2015-01-30 13:00:00,0,0.08563931,0.066319466,0.976713,0.96006715,0.848567590389488,0.7129168026829357,0.026427934,0,0,0,1,0,0
2015-01-30 13:30:00,0,0.082294084,0.0651381,0.9767273,0.96006715,0.848567590389488,0.7126250379467601,0.029148541,0,0,0,1,0,0
2015-01-30 14:00:00,0,0.084220946,0.06466818,0.97648036,0.96006715,0.848567590389488,0.7124458216810817,0.03213526,0,0,0,1,0,0
2015-01-30 14:30:00,0,0.0843468,0.0645287,0.9761035,0.96006715,0.848567590389488,0.7123167329216594,0.035294212,0,0,0,1,0,0
2015-01-30 15:00:00,0,0.083447,0.06496251,0.9758336,0.96006715,0.848567590389488,0.7123577111149425,0.03860401,0,0,0,1,0,0
2015-01-30 15:30:00,0,0.085640356,0.066016555,0.9757028,0.96006715,0.848567590389488,0.7125885301018352,0.04210272,0,0,0,1,0,0
2015-01-30 16:00:00,0,0.08802195,0.065877914,0.97561103,0.96006715,0.848567590389488,0.7125309222126598,0.045783754,0,0,0,1,0,0
2015-01-30 16:30:00,0,0.10159504,0.06326938,0.97542703,0.96006715,0.848567590389488,0.7118327879095668,0.049613178,0,0,0,1,0,0
2015-01-30 17:00:00,0,0.083237626,0.06176853,0.9750606,0.96006715,0.848567590389488,0.711365964331686,0.053577017,0,0,0,1,0,0
2015-01-30 17:30:00,0,0.10433115,0.063408494,0.9745173,0.96006715,0.848567590389488,0.7116401307964916,0.05766171,0,0,0,1,0,0
2015-01-30 18:00:00,0,0.10662763,0.06409788,0.9739125,0.96006715,0.848567590389488,0.7116612755442256,0.061955635,0,0,0,1,0,0
2015-01-30 18:30:00,0,0.12447213,0.06548345,0.9735004,0.96006715,0.848567590389488,0.7119046413088436,0.06660446,0,0,0,1,0,0
2015-01-30 19:00:00,0,0.180774,0.0703603,0.97365,0.96006715,0.848567590389488,0.7131612562323207,0.072016366,0,0,0,1,0,0
2015-01-30 19:30:00,0,0.2448724,0.07834065,0.97465396,0.96006715,0.848567590389488,0.7154073380613918,0.07875762,0,0,0,1,0,0
2015-01-30 20:00:00,0,0.18082741,0.08564353,0.9763732,0.96006715,0.848567590389488,0.7176628672266597,0.087239236,0,0,0,1,0,0
2015-01-30 20:30:00,0,0.14589567,0.08445382,0.97791666,0.96006715,0.848567590389488,0.7177513056183452,0.096948735,0,0,0,1,0,0
2015-01-30 21:00:00,0,0.1303083,0.08295679,0.9777013,0.96006715,0.848567590389488,0.7173232101584072,0.10721538,0,0,0,1,0,0
2015-01-30 21:30:00,0,0.14482811,0.08678639,0.9737249,0.96006715,0.848567590389488,0.7172865085983867,0.11794918,0,0,0,1,0,0
2015-01-30 22:00:00,0,0.14534056,0.08617687,0.9643844,0.96006715,0.848567590389488,0.714798998155653,0.12974334,0,0,0,1,0,0
2015-01-30 22:30:00,0,0.15095615,0.077769995,0.9529023,0.96006715,0.848567590389488,0.7098267637873287,0.14315604,0,0,0,1,0,0
2015-01-30 23:00:00,0,0.15370107,0.07229209,0.9649678,0.96006715,0.848567590389488,0.7114736550236339,0.15808797,0,0,0,1,0,0
2015-01-30 23:30:00,0,0.13322091,0.061784387,0.99142176,0.96006715,0.848567590389488,0.7154602222824687,0.17402779,0,0,0,1,0,0
2015-01-31 00:00:00,0,0.12366611,0.04709363,0.9864824,0.9504556,0.848567590389488,0.7081498020077343,0.18986355,0,0,0,1,0,0
2015-01-31 00:30:00,0,0.10760211,0.033515215,0.98458093,0.9158722,0.848567590389488,0.6956339888954753,0.2039126,0,0,0,1,0,0
2015-01-31 01:00:00,0,0.1030243,0.031871438,0.97715306,0.90433365,0.848567590389488,0.6904814355755443,0.21454972,0,0,0,1,0,0
2015-01-31 01:30:00,0,0.08955072,0.0321908,0.94764066,0.90433365,0.848567590389488,0.683183174648344,0.22060053,0,0,0,1,0,0
2015-01-31 02:00:00,0,0.08530486,0.032010674,0.9239472,0.90433365,0.848567590389488,0.6772147827530498,0.22166769,0,0,0,1,0,0
2015-01-31 02:30:00,0,0.101679176,0.03170955,0.8904087,0.90433365,0.848567590389488,0.6687548720026607,0.21871586,0,0,0,1,0,0
2015-01-31 03:00:00,0,0.11027298,0.029574752,0.8889605,0.90433365,0.848567590389488,0.6678591184998149,0.21296196,0,0,0,1,0,0
2015-01-31 03:30:00,0,0.10989811,0.029001713,0.8883244,0.90433365,0.848567590389488,0.6675568335438365,0.2050109,0,0,0,1,0,0
2015-01-31 04:00:00,0,0.12366615,0.03107524,0.891808,0.90433365,0.848567590389488,0.6689461135054225,0.19470018,0,0,0,1,0,0
2015-01-31 04:30:00,0,0.11293539,0.033148766,0.89614946,0.90433365,0.9178766902368934,0.687877140841923,0.18177812,0,0,0,1,0,0
2015-01-31 05:00:00,0,0.11092997,0.03349054,0.90504646,0.90433365,0.9178766902368934,0.6901868357281306,0.16645911,0,0,0,1,0,0
2015-01-31 05:30:00,0,0.11891847,0.03405249,0.9101194,0.90433365,0.9178766902368934,0.6915955617050745,0.149216,0,0,0,1,0,0
2015-01-31 06:00:00,0,0.11213059,0.03285253,0.89959216,0.90433365,0.9178766902368934,0.688663758240185,0.1308948,0,0,0,1,0,0
2015-01-31 06:30:00,0,0.10653073,0.032327414,0.9793799,0.90433365,0.9248317514526398,0.7102181771066673,0.11297155,0,0,0,1,0,0
2015-01-31 07:00:00,0,0.11500132,0.030817747,0.99395907,0.90433365,0.9248317514526398,0.7134855547216423,0.09674117,0,0,0,1,0,0
2015-01-31 07:30:00,0,0.11002241,0.028447747,0.9888087,0.90433365,0.9248317514526398,0.7116054603126534,0.083103925,0,0,0,1,0,0
2015-01-31 08:00:00,0,0.12186638,0.026957631,0.96556836,0.90433365,0.9248317514526398,0.7054228493240364,0.07233672,0,0,0,1,0,0
2015-01-31 08:30:00,0,0.10313202,0.02858305,0.86687267,0.90433365,0.9248317514526398,0.6811552801397331,0.06422197,0,0,0,1,0,0
2015-01-31 09:00:00,0,0.09794033,0.033121467,0.86909586,0.90433365,0.9248317514526398,0.6828456827667244,0.058357745,0,0,0,1,0,0
2015-01-31 09:30:00,0,0.08386398,0.034393787,0.93215454,0.90433365,0.991049514209121,0.7154828722265585,0.054279346,0,0,0,1,0,0
2015-01-31 10:00:00,0,0.08451316,0.034534574,0.9321632,0.90433365,0.991049514209121,0.7155202294376715,0.05162361,0,0,0,1,0,0
2015-01-31 10:30:00,0,0.09558414,0.03445053,0.9321674,0.90433365,0.991049514209121,0.7155002767828329,0.050176278,0,0,0,1,0,0
2015-01-31 11:00:00,0,0.09529289,0.03572929,0.93216753,0.90433365,0.991049514209121,0.7158199960974081,0.04996297,0,0,0,1,0,0
2015-01-31 11:30:00,0,0.10405768,0.040667295,0.96011937,0.94608206,0.991049514209121,0.7344795579698904,0.051402792,0,0,0,1,0,0
2015-01-31 12:00:00,0,0.103213914,0.04307294,0.9601222,0.94608206,0.991049514209121,0.7350816840914114,0.055256817,0,0,0,1,0,0
2015-01-31 12:30:00,0,0.11010677,0.046945572,0.96012396,0.95069754,0.991049514209121,0.7372041458872183,0.06261403,0,0,0,1,0,0
2015-01-31 13:00:00,0,0.1065655,0.05213225,0.96012455,0.95069754,0.991049514209121,0.7385009641435965,0.07504554,0,0,0,1,0,0
2015-01-31 13:30:00,0,0.10661907,0.059566736,0.96012473,0.95069754,0.991049514209121,0.7403596306827886,0.09432142,0,0,0,1,0,0
2015-01-31 14:00:00,0,0.10124287,0.06267488,0.96012455,0.95069754,0.991049514209121,0.7411366219309194,0.12128375,0,0,0,1,0,0
2015-01-31 14:30:00,0,0.10256075,0.06341386,0.9601233,0.95069754,0.991049514209121,0.7413210536030157,0.1543834,0,0,0,1,0,0
2015-01-31 15:00:00,0,0.101921186,0.06182909,0.9601198,0.95069754,0.991049514209121,0.7409239823606832,0.18964918,0,0,0,1,0,0
2015-01-31 15:30:00,0,0.10475749,0.068606734,0.96011364,0.95069754,0.991049514209121,0.7426168585804327,0.22256489,0,0,0,1,0,0
2015-01-31 16:00:00,0,0.10493179,0.072787166,0.96010596,0.95069754,0.991049514209121,0.7436600441721304,0.24969591,0,0,0,1,0,0
2015-01-31 16:30:00,0,0.09574698,0.07272422,0.9600984,0.95069754,0.991049514209121,0.7436424160984381,0.27050892,0,0,0,1,0,0
2015-01-31 17:00:00,0,0.09932512,0.07326424,0.9600915,0.95069754,0.991049514209121,0.7437756920841558,0.28689036,0,0,0,1,0,0
2015-01-31 17:30:00,0,0.10721276,0.075604916,0.9600846,0.95069754,0.991049514209121,0.7443591470507009,0.30052242,0,0,0,1,0,0
2015-01-31 18:00:00,0,0.13449042,0.07968187,0.96007574,0.95069754,0.991049514209121,0.7453761662033422,0.31209132,0,0,0,1,0,0
2015-01-31 18:30:00,0,0.1772123,0.08173275,0.96005994,0.9553393,0.991049514209121,0.7470453793791159,0.32135522,0,0,0,1,0,0
2015-01-31 19:00:00,0,0.2952507,0.08864963,0.9600309,0.9828273,0.991049514209121,0.7556393409756048,0.32755303,0,0,0,1,0,0
2015-01-31 19:30:00,0,0.21985993,0.09189415,0.9599796,0.9828273,0.991049514209121,0.7564376408842428,0.32960138,0,0,0,1,0,0
2015-01-31 20:00:00,0,0.118618935,0.088495255,0.95988274,0.9828273,0.991049514209121,0.7555637026813848,0.3272121,0,0,0,1,0,0
2015-01-31 20:30:00,0,0.10644948,0.08509827,0.9596868,0.9828272,0.991049514209121,0.7546654457834585,0.32190767,0,0,0,1,0,0
2015-01-31 21:00:00,0,0.10566636,0.08457148,0.9593695,0.9828272,0.991049514209121,0.7544544155386312,0.31811476,0,0,0,1,0,0
2015-01-31 21:30:00,0,0.117970094,0.082990885,0.9590815,0.9828272,0.991049514209121,0.7539872641352041,0.3219563,0,0,0,1,0,0
2015-01-31 22:00:00,0,0.123066396,0.082927585,0.95884216,0.9828272,0.991049514209121,0.753911610939823,0.3376248,0,0,0,1,0,0
2015-01-31 22:30:00,0,0.17899582,0.08275521,0.9587057,0.9828272,0.991049514209121,0.7538344080236776,0.3644861,0,0,0,1,0,0
2015-01-31 23:00:00,0,0.145417,0.08182919,0.95901895,0.9828272,0.991049514209121,0.7536812091854437,0.39934674,0,0,0,1,0,0
2015-01-31 23:30:00,0,0.13755588,0.08046746,0.96075684,0.9828272,0.991049514209121,0.753775250413738,0.4378164,0,0,0,1,0,0
