timestamp,label,true_severity,LOF_score,RNN_mean,RNN_std,VAE_score,ENS_score
2014-12-20 04:30:00,0,0.11004928,0.043922424,0.10889593,0.069804154,0.24718648,0.13333495
2014-12-20 05:00:00,0,0.10924689,0.044237375,0.10826031,0.06960402,0.21918616,0.12389461
2014-12-20 05:30:00,0,0.11686926,0.04476738,0.107755564,0.06943558,0.43834394,0.19695564
2014-12-20 06:00:00,0,0.11253095,0.043941855,0.1073351,0.06928536,0.33153665,0.16093786
2014-12-20 06:30:00,0,0.11582008,0.044097424,0.107055545,0.06917058,0.59104186,0.24739827
2014-12-20 07:00:00,0,0.114634246,0.04278505,0.10660321,0.06900959,0.54571986,0.2317027
2014-12-20 07:30:00,0,0.11650138,0.038754344,0.10637981,0.06890866,0.44528824,0.19680746
2014-12-20 08:00:00,0,0.124010354,0.033111215,0.10615866,0.06880925,0.16802901,0.102432966
2014-12-20 08:30:00,0,0.12511164,0.032551765,0.10619653,0.0687778,0.1847241,0.107824124
2014-12-20 09:00:00,0,0.11072709,0.034938574,0.10610215,0.06871354,0.124034606,0.08835844
2014-12-20 09:30:00,0,0.09204451,0.032609224,0.10636831,0.068746425,0.20567259,0.11488337
2014-12-20 10:00:00,0,0.08855233,0.031039715,0.1063477,0.06870481,0.099121876,0.07883643
2014-12-20 10:30:00,0,0.08868045,0.028842926,0.1065902,0.06873653,0.11813264,0.08452192
2014-12-20 11:00:00,0,0.093418226,0.028272867,0.10662985,0.06871701,0.062197402,0.06570004
2014-12-20 11:30:00,0,0.10038702,0.027878284,0.106792256,0.06873524,0.15388878,0.09618644
2014-12-20 12:00:00,0,0.10465998,0.03190422,0.1068949,0.06874167,0.33663693,0.15847869
2014-12-20 12:30:00,0,0.10599466,0.034465313,0.1069012,0.06872421,0.1528533,0.09807327
2014-12-20 13:00:00,0,0.10505876,0.037001967,0.106884256,0.06870331,0.28951234,0.14446618
2014-12-20 13:30:00,0,0.11154636,0.03935218,0.10681552,0.06867234,0.2774041,0.1411906
2014-12-20 14:00:00,0,0.10904326,0.04278648,0.10682148,0.06866602,0.20595697,0.11852164
2014-12-20 14:30:00,0,0.10550975,0.042087793,0.10682937,0.06866589,0.20899935,0.119305514
2014-12-20 15:00:00,0,0.103786394,0.040691853,0.1068867,0.06868417,0.2640223,0.13720028
2014-12-20 15:30:00,0,0.10307589,0.044465065,0.106921576,0.06869962,0.11167098,0.087685876
2014-12-20 16:00:00,0,0.084122166,0.044142246,0.10660208,0.06862252,0.15827572,0.10300668
2014-12-20 16:30:00,0,0.09424975,0.043498755,0.106256664,0.068538986,0.10057415,0.08344319
2014-12-20 17:00:00,0,0.08681768,0.04313922,0.10661617,0.06865311,0.064021245,0.07125888
2014-12-20 17:30:00,0,0.10132871,0.04149282,0.10731919,0.068869054,0.09968664,0.08283288
2014-12-20 18:00:00,0,0.10473117,0.040961027,0.10791997,0.069063924,0.32155403,0.15681167
2014-12-20 18:30:00,0,0.11076323,0.040647745,0.10859439,0.06928217,0.3185881,0.15594341
2014-12-20 19:00:00,0,0.12255569,0.04130888,0.109183975,0.0694795,0.26495266,0.13848184
2014-12-20 19:30:00,0,0.1172373,0.041805863,0.10955649,0.069618516,0.2724408,0.14126772
2014-12-20 20:00:00,0,0.10672234,0.038542032,0.109664656,0.06968427,0.23417309,0.12745993
2014-12-20 20:30:00,0,0.10568922,0.034596562,0.10989505,0.06978149,0.06254268,0.06901143
2014-12-20 21:00:00,0,0.10510786,0.032577276,0.11017782,0.069894455,0.1450615,0.09593886
2014-12-20 21:30:00,0,0.10541241,0.030822873,0.11057906,0.070040256,0.051428292,0.06427674
2014-12-20 22:00:00,0,0.10548945,0.03131628,0.1109115,0.070168495,0.26810548,0.13677776
2014-12-20 22:30:00,0,0.11367459,0.030304551,0.11123102,0.07029233,0.125287,0.08894086
2014-12-20 23:00:00,0,0.11684927,0.030146241,0.111521006,0.07040445,0.19221121,0.11129282
2014-12-20 23:30:00,0,0.119316615,0.029023886,0.111800864,0.07050793,0.27394107,0.13825528
2014-12-21 00:00:00,0,0.118168,0.028271794,0.112606734,0.07068635,0.5236189,0.22149913
2014-12-21 00:30:00,0,0.111699805,0.027513027,0.11284271,0.07077182,0.28227884,0.14087819
2014-12-21 01:00:00,0,0.104555525,0.027619481,0.11293659,0.07080843,0.56659126,0.23571579
2014-12-21 01:30:00,0,0.105060466,0.027514935,0.11292458,0.0708077,0.18626589,0.1089018
2014-12-21 02:00:00,0,0.09174378,0.02854979,0.1128994,0.07079634,0.077041686,0.07283029
2014-12-21 02:30:00,0,0.084416404,0.028848529,0.11274906,0.07074621,0.19683164,0.11280975
2014-12-21 03:00:00,0,0.09380524,0.028710604,0.11253458,0.07067324,0.21036416,0.11720312
2014-12-21 03:30:00,0,0.10614584,0.02863121,0.11225753,0.0705795,0.17230959,0.10439944
2014-12-21 04:00:00,0,0.11485684,0.028905392,0.11197614,0.07048199,0.16153492,0.100805484
2014-12-21 04:30:00,0,0.11023858,0.03163159,0.11141117,0.07031218,0.18471535,0.1092527
2014-12-21 05:00:00,0,0.10611516,0.0317719,0.110931784,0.07015815,0.2653044,0.13600269
2014-12-21 05:30:00,0,0.11121887,0.031939745,0.110470824,0.070005566,0.4512239,0.19787817
2014-12-21 06:00:00,0,0.11744565,0.031736374,0.110146895,0.06988416,0.3925275,0.17813693
2014-12-21 06:30:00,0,0.11703574,0.031612396,0.10980311,0.069756955,0.512288,0.21790116
2014-12-21 07:00:00,0,0.116518155,0.03159666,0.10946157,0.06962754,0.30924612,0.15010145
2014-12-21 07:30:00,0,0.118726574,0.031329393,0.10925772,0.069530234,0.3615931,0.1673934
2014-12-21 08:00:00,0,0.12320696,0.031006098,0.10905809,0.06943327,0.37263644,0.17090021
2014-12-21 08:30:00,0,0.12768121,0.02966988,0.1089783,0.06936658,0.26897907,0.13587575
2014-12-21 09:00:00,0,0.12363116,0.030067444,0.10888844,0.069298275,0.16003968,0.09966519
2014-12-21 09:30:00,0,0.111712955,0.03096795,0.10906692,0.06930033,0.11496339,0.08499942
2014-12-21 10:00:00,0,0.101445355,0.03349936,0.1090603,0.06925969,0.21294065,0.118500106
2014-12-21 10:30:00,0,0.08414843,0.03471279,0.10942451,0.06931753,0.088296466,0.077477925
2014-12-21 11:00:00,0,0.082098,0.034427762,0.10938717,0.06927854,0.18841378,0.110742904
2014-12-21 11:30:00,0,0.09119645,0.033043027,0.10942753,0.06926155,0.16549519,0.102655254
2014-12-21 12:00:00,0,0.09742787,0.032130837,0.10939593,0.06923054,0.081932895,0.07448655
2014-12-21 12:30:00,0,0.10316006,0.032326937,0.10945789,0.069227934,0.18220516,0.107996665
2014-12-21 13:00:00,0,0.099539466,0.033285856,0.10934968,0.06918579,0.26517633,0.13593729
2014-12-21 13:30:00,0,0.09429337,0.031742692,0.10926094,0.069151565,0.13987318,0.093625605
2014-12-21 14:00:00,0,0.096664615,0.031378746,0.10926325,0.06914576,0.15275124,0.097797744
2014-12-21 14:30:00,0,0.09864074,0.03160608,0.1092245,0.06913423,0.22659566,0.12247541
2014-12-21 15:00:00,0,0.09100119,0.029663205,0.109212935,0.069134295,0.13436568,0.091080606
2014-12-21 15:30:00,0,0.089822225,0.029311657,0.10922112,0.06914487,0.16068299,0.0997386
2014-12-21 16:00:00,0,0.0853199,0.028502822,0.10909732,0.06912456,0.06432823,0.06730946
2014-12-21 16:30:00,0,0.08894983,0.029004931,0.10894248,0.0690978,0.10741186,0.081786424
2014-12-21 17:00:00,0,0.08380669,0.026330113,0.10921674,0.06918703,0.13554221,0.090363026
2014-12-21 17:30:00,0,0.08941059,0.026397943,0.10967519,0.069332376,0.12731737,0.08779684
2014-12-21 18:00:00,0,0.08952722,0.026969433,0.11005471,0.0694623,0.039430328,0.05881815
2014-12-21 18:30:00,0,0.092559434,0.026859641,0.11030429,0.06956094,0.21383432,0.11699942
2014-12-21 19:00:00,0,0.09101138,0.024835587,0.11052083,0.06965314,0.14785929,0.094405234
2014-12-21 19:30:00,0,0.08343344,0.024423003,0.110655785,0.06972601,0.24842884,0.12783587
2014-12-21 20:00:00,0,0.087507844,0.019356847,0.11072184,0.06978118,0.109017655,0.07969878
2014-12-21 20:30:00,0,0.086131334,0.018378377,0.11093586,0.06987547,0.084792376,0.07136887
2014-12-21 21:00:00,0,0.089710675,0.018955946,0.11107806,0.069953,0.097165786,0.07573327
2014-12-21 21:30:00,0,0.08722113,0.019612432,0.111301824,0.07005135,0.09333466,0.07474964
2014-12-21 22:00:00,0,0.08878476,0.02324593,0.111435324,0.07012609,0.18797866,0.1075533
2014-12-21 22:30:00,0,0.09945897,0.02081871,0.11143877,0.07016531,0.16443925,0.09889891
2014-12-21 23:00:00,0,0.102890894,0.019124985,0.111417904,0.070195064,0.24236788,0.12430359
2014-12-21 23:30:00,0,0.12464264,0.02221322,0.1113646,0.07021238,0.18966825,0.10774869
2014-12-22 00:00:00,0,0.12644717,0.022993088,0.111533836,0.07024143,0.30373025,0.14608572
2014-12-22 00:30:00,0,0.11021614,0.026171684,0.11149741,0.07026094,0.31443942,0.15070283
2014-12-22 01:00:00,0,0.114844985,0.027637005,0.11139855,0.0702617,0.5660214,0.23501897
2014-12-22 01:30:00,0,0.11162835,0.028196335,0.11130393,0.07025739,0.39575678,0.17841901
2014-12-22 02:00:00,0,0.11847829,0.027251363,0.111218706,0.07024956,0.36055043,0.16634017
2014-12-22 02:30:00,0,0.11407699,0.027579784,0.1110946,0.07022551,0.29943663,0.146037
2014-12-22 03:00:00,0,0.12230697,0.030797243,0.110960215,0.070190765,0.27792555,0.13989434
2014-12-22 03:30:00,0,0.13572925,0.030011296,0.11079927,0.070141725,0.67513824,0.27198294
2014-12-22 04:00:00,0,0.11594623,0.025693655,0.11070325,0.07010136,0.5493186,0.22857185
2014-12-22 04:30:00,0,0.11958109,0.026088834,0.11053478,0.07003563,0.57123417,0.2359526
2014-12-22 05:00:00,0,0.117601454,0.026698947,0.11036429,0.06996225,0.8619921,0.33301845
2014-12-22 05:30:00,0,0.11609484,0.027442336,0.110339366,0.06991712,0.5349484,0.22424336
2014-12-22 06:00:00,0,0.11673459,0.022657514,0.11032526,0.06987094,0.28452393,0.1391689
2014-12-22 06:30:00,0,0.12235397,0.021803021,0.110604234,0.06989183,0.19398071,0.10879598
2014-12-22 07:00:00,0,0.11769642,0.021435857,0.11071656,0.06987214,0.20523018,0.11246086
2014-12-22 07:30:00,0,0.102806315,0.025605917,0.110869385,0.069861434,0.10684969,0.08110833
2014-12-22 08:00:00,0,0.10085812,0.022477508,0.11088244,0.06981667,0.19467475,0.1093449
2014-12-22 08:30:00,0,0.08701696,0.02270031,0.110920794,0.06977906,0.09809642,0.07723918
2014-12-22 09:00:00,0,0.0872831,0.021850824,0.1107879,0.06970098,0.14759512,0.09341129
2014-12-22 09:30:00,0,0.08698597,0.02134955,0.110629894,0.06961806,0.14606938,0.092682935
2014-12-22 10:00:00,0,0.08829203,0.023970604,0.11030368,0.06949441,0.18547462,0.10658296
2014-12-22 10:30:00,0,0.08991617,0.01731217,0.11009762,0.069404826,0.118177414,0.0818624
2014-12-22 11:00:00,0,0.08664323,0.013416648,0.10989839,0.0693215,0.0764409,0.06658531
2014-12-22 11:30:00,0,0.084448144,0.015983105,0.10984372,0.069279686,0.15925756,0.09502813
2014-12-22 12:00:00,0,0.085620135,0.017664671,0.10970884,0.06922265,0.09699771,0.07479041
2014-12-22 12:30:00,0,0.084530115,0.021440744,0.10957416,0.06917013,0.14107984,0.09069825
2014-12-22 13:00:00,0,0.0849212,0.021240234,0.10938281,0.06910706,0.12734896,0.08599067
2014-12-22 13:30:00,0,0.08416206,0.02611649,0.10940339,0.06910211,0.092296705,0.07593886
2014-12-22 14:00:00,0,0.08278053,0.020895958,0.10938152,0.069092475,0.12853587,0.086271115
2014-12-22 14:30:00,0,0.08578613,0.026024103,0.10941762,0.06910211,0.11840971,0.08461714
2014-12-22 15:00:00,0,0.08198693,0.027079344,0.109425455,0.06910917,0.15539232,0.09729904
2014-12-22 15:30:00,0,0.08987572,0.02814138,0.10916674,0.06905216,0.17488576,0.10406462
2014-12-22 16:00:00,0,0.102300204,0.02647543,0.10892707,0.06900311,0.16307986,0.09949412
2014-12-22 16:30:00,0,0.10569433,0.027589798,0.108814724,0.06899033,0.1830262,0.1064769
2014-12-22 17:00:00,0,0.09218007,0.02987659,0.10919024,0.06910742,0.15716419,0.09874368
2014-12-22 17:30:00,0,0.08506707,0.031145215,0.10968887,0.06926433,0.04413704,0.06165704
2014-12-22 18:00:00,0,0.096665815,0.031113267,0.11022387,0.06943624,0.18373826,0.108358465
2014-12-22 18:30:00,0,0.09498415,0.032409072,0.11055311,0.069557965,0.14241779,0.09512666
2014-12-22 19:00:00,0,0.10202469,0.03356695,0.110867895,0.06967728,0.07865946,0.07436477
2014-12-22 19:30:00,0,0.09641859,0.031859875,0.11102815,0.069757484,0.30289215,0.14859338
2014-12-22 20:00:00,0,0.08786794,0.032503724,0.11116514,0.06983058,0.17543773,0.10636886
2014-12-22 20:30:00,0,0.09009542,0.030181289,0.11142776,0.06993737,0.16794516,0.10318474
2014-12-22 21:00:00,0,0.09008246,0.030304551,0.11166648,0.07003929,0.18946454,0.11047852
2014-12-22 21:30:00,0,0.09416558,0.029948473,0.11195782,0.070155144,0.14342283,0.0951097
2014-12-22 22:00:00,0,0.09014495,0.032071948,0.11209399,0.07023019,0.19004837,0.11140477
2014-12-22 22:30:00,0,0.08471607,0.036690235,0.11215504,0.0702816,0.21508946,0.12131158
2014-12-22 23:00:00,0,0.103910446,0.035495758,0.11205536,0.07028877,0.113148466,0.086899854
2014-12-22 23:30:00,0,0.11048262,0.028612494,0.1119895,0.07029996,0.10450842,0.08170348
2014-12-23 00:00:00,0,0.12413477,0.035312176,0.111560605,0.07020931,0.26752627,0.13813302
2014-12-23 00:30:00,0,0.12455565,0.038103938,0.111371525,0.07017774,0.05378118,0.06775221
2014-12-23 01:00:00,0,0.11793969,0.039042234,0.11124627,0.07016248,0.49385524,0.21471459
2014-12-23 01:30:00,0,0.12271535,0.03784871,0.11108477,0.07013656,0.22322546,0.12405298
2014-12-23 02:00:00,0,0.10639052,0.037742496,0.11084963,0.07008737,0.40023398,0.18294203
2014-12-23 02:30:00,0,0.11844221,0.03773892,0.11059508,0.07002757,0.31326464,0.15386622
2014-12-23 03:00:00,0,0.11417639,0.03773868,0.11040714,0.06997744,0.36751902,0.17188828
2014-12-23 03:30:00,0,0.11311569,0.037759542,0.110232286,0.06992378,0.38039878,0.17613022
2014-12-23 04:00:00,0,0.11422304,0.03791809,0.11008638,0.069870576,0.20688328,0.118295915
2014-12-23 04:30:00,0,0.11869824,0.037843704,0.10986812,0.069793865,0.24105358,0.12958847
2014-12-23 05:00:00,0,0.113645524,0.03778279,0.10967715,0.06971703,0.1612409,0.10290029
2014-12-23 05:30:00,0,0.11014029,0.036890388,0.109617144,0.06966597,0.45788503,0.20146418
2014-12-23 06:00:00,0,0.12171908,0.037532568,0.10958216,0.06961615,0.4333125,0.19347574
2014-12-23 06:30:00,0,0.122833624,0.038126588,0.10975766,0.06961506,0.41849032,0.18879151
2014-12-23 07:00:00,0,0.12062188,0.038603306,0.109782286,0.069576584,0.104170375,0.084185325
2014-12-23 07:30:00,0,0.09982248,0.038615704,0.10992496,0.06956678,0.08251703,0.07701923
2014-12-23 08:00:00,0,0.098693006,0.040019155,0.10990304,0.069517225,0.13155092,0.093824364
2014-12-23 08:30:00,0,0.08377219,0.04066658,0.109948404,0.06948601,0.12377914,0.091464706
2014-12-23 09:00:00,0,0.08680582,0.04057622,0.10974841,0.06939472,0.17083888,0.1070545
2014-12-23 09:30:00,0,0.08503999,0.038348436,0.10957103,0.06931013,0.15875843,0.10222597
2014-12-23 10:00:00,0,0.086935185,0.036955595,0.109277286,0.06919781,0.19089206,0.112374984
2014-12-23 10:30:00,0,0.08584547,0.035294533,0.10901589,0.06909635,0.04302268,0.062444363
2014-12-23 11:00:00,0,0.0859967,0.03911388,0.10873306,0.068992995,0.1649236,0.104256846
2014-12-23 11:30:00,1,0.084299415,0.03751993,0.10869258,0.06895627,0.0874117,0.07787474
2014-12-23 12:00:00,1,0.08270946,0.03707075,0.10862006,0.068917304,0.17085518,0.10551533
2014-12-23 12:30:00,1,0.08453552,0.036876917,0.108499035,0.06887019,0.12527247,0.09021614
2014-12-23 13:00:00,1,0.082528055,0.03661883,0.108359404,0.068821274,0.08904151,0.07800657
2014-12-23 13:30:00,1,0.08981485,0.036218286,0.10841342,0.06882716,0.06985156,0.07149442
2014-12-23 14:00:00,1,0.08683585,0.036694765,0.108297996,0.06879436,0.016483108,0.053825293
2014-12-23 14:30:00,1,0.088828206,0.03627014,0.1083465,0.06880795,0.078225024,0.07428055
2014-12-23 15:00:00,1,0.08272647,0.036057115,0.10827045,0.068795055,0.22188367,0.12207041
2014-12-23 15:30:00,1,0.087403715,0.037450075,0.10806773,0.06875256,0.16852368,0.1046805
2014-12-23 16:00:00,1,0.10151365,0.03600073,0.10777926,0.06869172,0.14915955,0.09764651
2014-12-23 16:30:00,1,0.10492103,0.035155058,0.107566,0.06865418,0.17677626,0.106499106
2014-12-23 17:00:00,1,0.098923706,0.03498423,0.1078933,0.068760715,0.10200943,0.081628986
2014-12-23 17:30:00,1,0.08240856,0.039536,0.108347274,0.06890755,0.18084614,0.10957646
2014-12-23 18:00:00,1,0.093979046,0.0401603,0.10892103,0.06909178,0.063658625,0.070913315
2014-12-23 18:30:00,1,0.09407012,0.04120922,0.10935429,0.06924361,0.11112191,0.08722848
2014-12-23 19:00:00,1,0.0986478,0.042272687,0.10962354,0.06935476,0.124071114,0.09198911
2014-12-23 19:30:00,1,0.08993552,0.046582103,0.109791264,0.06943981,0.17494552,0.11043963
2014-12-23 20:00:00,1,0.083812736,0.058244467,0.109966025,0.06952677,0.16949807,0.11256952
2014-12-23 20:30:00,1,0.08323158,0.0852592,0.110076115,0.069598764,0.18851197,0.1279491
2014-12-23 21:00:00,1,0.08558026,0.1187731,0.11027939,0.069695264,0.10750721,0.11218656
2014-12-23 21:30:00,1,0.08178651,0.14799297,0.110640764,0.06983416,0.08424151,0.11429175
2014-12-23 22:00:00,1,0.08841128,0.19784331,0.110697135,0.06989433,0.11621443,0.14158496
2014-12-23 22:30:00,1,0.08883059,0.23927116,0.11077772,0.06995708,0.1709205,0.17365646
2014-12-23 23:00:00,1,0.10384062,0.26824927,0.11083231,0.07000931,0.08982398,0.15630186
2014-12-23 23:30:00,1,0.11056462,0.2798376,0.110788435,0.07003507,0.18583442,0.1921535
2014-12-24 00:00:00,1,0.113701314,0.2791264,0.10981492,0.06984615,0.22127742,0.20340626
2014-12-24 00:30:00,1,0.12188397,0.27613378,0.10930398,0.06973107,0.23548962,0.2069758
2014-12-24 01:00:00,1,0.122522734,0.27121437,0.10892298,0.0696506,0.26365596,0.21459778
2014-12-24 01:30:00,1,0.11943554,0.2683705,0.108627446,0.06958997,0.39415625,0.25705138
2014-12-24 02:00:00,1,0.11825804,0.26781404,0.10838323,0.069537975,0.50756395,0.29458708
2014-12-24 02:30:00,1,0.10617599,0.26801717,0.10811343,0.06947397,0.50779134,0.29464066
2014-12-24 03:00:00,1,0.11986981,0.26758385,0.10780636,0.06939349,0.6852993,0.35356316
2014-12-24 03:30:00,1,0.12252795,0.26754737,0.10757351,0.06932399,0.4050599,0.26006028
2014-12-24 04:00:00,1,0.118197456,0.2681049,0.10737639,0.069257185,0.90602374,0.42716837
2014-12-24 04:30:00,1,0.11460681,0.2679516,0.107051924,0.069151804,0.72608805,0.36703053
2014-12-24 05:00:00,1,0.11416204,0.26737106,0.10676079,0.06904867,0.40858918,0.26090702
2014-12-24 05:30:00,1,0.11246882,0.26680315,0.106588624,0.06897073,0.22896717,0.20078631
2014-12-24 06:00:00,1,0.116283454,0.2688589,0.10647131,0.06890192,0.45641607,0.27724877
2014-12-24 06:30:00,1,0.111941,0.28242004,0.10645223,0.068856135,0.47984746,0.28957322
2014-12-24 07:00:00,1,0.11803251,0.32642388,0.10622948,0.06875585,0.28106067,0.23790467
2014-12-24 07:30:00,1,0.12093376,0.39236367,0.10613603,0.068688676,0.1009402,0.19981329
2014-12-24 08:00:00,1,0.12566245,0.47634792,0.10596718,0.068601936,0.34390512,0.30874005
2014-12-24 08:30:00,1,0.10278216,0.5414815,0.10594327,0.06855504,0.08417515,0.24386664
2014-12-24 09:00:00,1,0.102436095,0.5830405,0.10587084,0.068496905,0.08624258,0.25838462
2014-12-24 09:30:00,1,0.086499564,0.590292,0.10604331,0.068506375,0.20219381,0.2995097
2014-12-24 10:00:00,1,0.08350629,0.5927274,0.10613691,0.068498254,0.27173373,0.3235327
2014-12-24 10:30:00,1,0.08540799,0.5936717,0.105857186,0.06839285,0.029489478,0.24300611
2014-12-24 11:00:00,1,0.08942331,0.60156465,0.1059067,0.06837717,0.20230918,0.30326018
2014-12-24 11:30:00,1,0.088353135,0.6029062,0.105699405,0.06829814,0.044468567,0.25102475
2014-12-24 12:00:00,1,0.08303522,0.6007533,0.10546,0.06821437,0.10274289,0.26965207
2014-12-24 12:30:00,1,0.09362294,0.60838175,0.10555492,0.068225846,0.27008277,0.32800648
2014-12-24 13:00:00,1,0.09884045,0.62753546,0.10564183,0.06824028,0.2504898,0.32788906
2014-12-24 13:30:00,1,0.09489442,0.629941,0.10537918,0.06816464,0.113287486,0.28286922
2014-12-24 14:00:00,1,0.0905327,0.6344068,0.10525776,0.06812953,0.1455165,0.29506037
2014-12-24 14:30:00,1,0.084406465,0.63592994,0.10496607,0.068053715,0.09124546,0.2773805
2014-12-24 15:00:00,1,0.08290464,0.6397655,0.10487567,0.068037406,0.11674092,0.28712738
2014-12-24 15:30:00,1,0.085267015,0.6441802,0.104867965,0.06804867,0.060981378,0.27000985
2014-12-24 16:00:00,1,0.09096919,0.6445414,0.10471148,0.068023555,0.12408861,0.29111382
2014-12-24 16:30:00,1,0.092208244,0.64011455,0.104680456,0.06803481,0.09084239,0.2785458
2014-12-24 17:00:00,1,0.0839249,0.64332855,0.10500339,0.068148166,0.13341227,0.2939147
2014-12-24 17:30:00,1,0.086950146,0.6485753,0.10517316,0.06822582,0.20887235,0.32087362
2014-12-24 18:00:00,1,0.08478402,0.67006683,0.10539678,0.06832377,0.28811005,0.35452452
2014-12-24 18:30:00,1,0.087207906,0.71317816,0.105565146,0.0684115,0.40610358,0.40828228
2014-12-24 19:00:00,1,0.09270678,0.78116465,0.10562889,0.06847438,0.14320052,0.34333134
2014-12-24 19:30:00,1,0.10355105,0.87843835,0.10560882,0.06851736,0.08008915,0.3547121
2014-12-24 20:00:00,1,0.10573003,0.99285054,0.10558016,0.068561256,0.19620526,0.43154535
2014-12-24 20:30:00,1,0.10523951,1.0761483,0.10572904,0.068654306,0.1524814,0.44478628
2014-12-24 21:00:00,1,0.10923726,1.1648932,0.10584765,0.06874017,0.19124499,0.48732856
2014-12-24 21:30:00,1,0.10439974,1.2623906,0.10611419,0.06886747,0.25047782,0.5396609
2014-12-24 22:00:00,1,0.112152725,1.350549,0.10630877,0.06897257,0.08232414,0.5130606
2014-12-24 22:30:00,1,0.10487041,1.4091456,0.10660122,0.06909999,0.31709063,0.6109458
2014-12-24 23:00:00,1,0.1046524,1.4580772,0.10674408,0.06918388,0.09175692,0.55219275
2014-12-24 23:30:00,1,0.11394829,1.4769733,0.10683676,0.06925304,0.18008767,0.5879659
2014-12-25 00:00:00,1,0.12036997,1.4793072,0.105995014,0.06910441,0.20672694,0.597343
2014-12-25 00:30:00,1,0.12628372,1.474412,0.10572222,0.06905049,0.13115872,0.57043093
2014-12-25 01:00:00,1,0.12610461,1.4697354,0.105432786,0.06898901,0.31771195,0.63096005
2014-12-25 01:30:00,1,0.11206041,1.4663734,0.10515743,0.06892756,0.6106755,0.72740215
2014-12-25 02:00:00,1,0.123778604,1.4637101,0.10490978,0.068868995,0.24983121,0.6061503
2014-12-25 02:30:00,1,0.11491516,1.4622629,0.10462729,0.068795644,0.49995252,0.6889475
2014-12-25 03:00:00,1,0.1161848,1.461417,0.104309134,0.068706565,0.47759163,0.6811059
2014-12-25 03:30:00,1,0.11814828,1.4605191,0.1040309,0.06862209,0.1168905,0.5604802
2014-12-25 04:00:00,1,0.1174607,1.4593754,0.10377533,0.06853778,0.6074837,0.72354484
2014-12-25 04:30:00,1,0.1274973,1.459506,0.10338273,0.06841095,0.39214262,0.65167713
2014-12-25 05:00:00,1,0.18301822,1.4607513,0.10303455,0.06829033,0.5123869,0.6920576
2014-12-25 05:30:00,1,0.19366558,1.4662149,0.1027168,0.068173364,0.47277284,0.6805682
2014-12-25 06:00:00,1,0.12886454,1.4797697,0.10244844,0.0680654,0.43499193,0.67240334
2014-12-25 06:30:00,1,0.11301101,1.5120375,0.10220095,0.06796102,0.3548454,0.6563613
2014-12-25 07:00:00,1,0.115217835,1.5627022,0.10188204,0.06783472,0.6799356,0.78150654
2014-12-25 07:30:00,1,0.120488845,1.6414461,0.10159725,0.067717396,0.5412782,0.7614405
2014-12-25 08:00:00,1,0.12030746,1.745923,0.101252824,0.06758387,0.30002075,0.71573216
2014-12-25 08:30:00,1,0.11660656,1.8637059,0.100973316,0.06746956,0.6408541,0.86851114
2014-12-25 09:00:00,1,0.11098046,1.9799266,0.10072797,0.06736516,0.5599592,0.8802046
2014-12-25 09:30:00,1,0.11639634,2.0803328,0.100552045,0.06728305,0.3534296,0.84477144
2014-12-25 10:00:00,1,0.112840064,2.05777,0.10039329,0.06721,0.2617578,0.8066404
2014-12-25 10:30:00,1,0.12642135,2.1065152,0.10028776,0.06715185,0.3117511,0.839518
2014-12-25 11:00:00,1,0.124671526,2.0357575,0.10013455,0.06708638,0.15398838,0.7632935
2014-12-25 11:30:00,1,0.12749179,2.058985,0.10003706,0.06703965,0.28607824,0.81503344
2014-12-25 12:00:00,1,0.12480136,2.0808997,0.09992188,0.06699061,0.18692543,0.789249
2014-12-25 12:30:00,1,0.11841952,2.098882,0.09983721,0.06695609,0.25084955,0.8165229
2014-12-25 13:00:00,1,0.120045245,2.1118891,0.099662386,0.06690365,0.33238822,0.84797984
2014-12-25 13:30:00,1,0.11488332,2.1299834,0.09961107,0.06688858,0.18246208,0.8040188
2014-12-25 14:00:00,1,0.11466847,2.1493104,0.099525765,0.06686956,0.22980314,0.82621306
2014-12-25 14:30:00,1,0.10519958,2.1602435,0.099611424,0.06690089,0.15096633,0.80360717
2014-12-25 15:00:00,1,0.10225653,2.1646297,0.09960004,0.06690961,0.2389747,0.83440155
2014-12-25 15:30:00,1,0.106366485,2.161243,0.09958417,0.066923,0.16081783,0.807215
2014-12-25 16:00:00,1,0.11306166,2.1537151,0.099569224,0.06694041,0.18971527,0.81433326
2014-12-25 16:30:00,1,0.123553015,2.153095,0.099521205,0.06695245,0.27084497,0.8411537
2014-12-25 17:00:00,1,0.12013668,2.1058013,0.099623024,0.06701381,0.12537177,0.776932
2014-12-25 17:30:00,1,0.11884931,2.058021,0.09976243,0.0670898,0.223145,0.7936428
2014-12-25 18:00:00,1,0.11836982,2.0750759,0.0999158,0.067174375,0.19013119,0.78837425
2014-12-25 18:30:00,1,0.11156657,2.100534,0.10018303,0.067294635,0.22538711,0.80870134
2014-12-25 19:00:00,1,0.1120957,2.1117551,0.1003879,0.067400046,0.32264915,0.8449307
2014-12-25 19:30:00,1,0.11971092,2.0720887,0.10052372,0.06748798,0.22465111,0.7990878
2014-12-25 20:00:00,1,0.12543537,2.037364,0.10066683,0.06757886,0.22788787,0.78863955
2014-12-25 20:30:00,1,0.12153287,2.0492876,0.10100602,0.06772574,0.21048777,0.78692716
2014-12-25 21:00:00,1,0.123032175,2.0065515,0.10126071,0.06784814,0.22844513,0.7787524
2014-12-25 21:30:00,1,0.11123623,2.0019977,0.10171973,0.0680268,0.30099145,0.80156964
2014-12-25 22:00:00,1,0.11712116,2.0002036,0.10197684,0.0681463,0.1688417,0.75700736
2014-12-25 22:30:00,1,0.11767588,2.002923,0.102249466,0.06826823,0.30380854,0.8029936
2014-12-25 23:00:00,1,0.12422741,1.9578965,0.10216,0.06828745,0.2483893,0.7694819
2014-12-25 23:30:00,1,0.12563735,1.9775705,0.10222553,0.06834933,0.3365287,0.8054416
2014-12-26 00:00:00,1,0.11124164,1.9820411,0.102212615,0.0684056,0.47385216,0.85270196
2014-12-26 00:30:00,1,0.113950066,1.9343262,0.10215792,0.06841853,0.3560785,0.7975208
2014-12-26 01:00:00,1,0.107228376,1.9452331,0.10213585,0.06843256,0.706266,0.9178783
2014-12-26 01:30:00,1,0.122970164,1.9446688,0.102006756,0.06841066,0.63776916,0.8948149
2014-12-26 02:00:00,1,0.11352695,1.9541173,0.10193286,0.0683971,0.71539897,0.9238164
2014-12-26 02:30:00,1,0.12186464,1.9590602,0.10182095,0.06836589,0.34741935,0.8027668
2014-12-26 03:00:00,1,0.16212824,1.9535508,0.101690456,0.06832177,0.61065555,0.8886323
2014-12-26 03:30:00,1,0.2140742,1.9556432,0.101548664,0.068267256,0.7428567,0.93334955
2014-12-26 04:00:00,1,0.15101472,1.955884,0.10145456,0.06821921,0.585674,0.88100415
2014-12-26 04:30:00,1,0.22750978,1.9554985,0.10124585,0.06813324,0.42146668,0.8260703
2014-12-26 05:00:00,1,0.23694447,1.9783027,0.101036236,0.0680417,0.6319678,0.90376896
2014-12-26 05:30:00,1,0.14409226,1.9288483,0.10088133,0.06796003,0.7515737,0.92710114
2014-12-26 06:00:00,1,0.11305254,1.9045095,0.10075038,0.06788077,0.75122976,0.9188299
2014-12-26 06:30:00,1,0.11224889,1.8902168,0.100652725,0.06780778,0.65999764,0.8836224
2014-12-26 07:00:00,1,0.104118444,1.8479803,0.10049234,0.0677152,0.4182521,0.78890824
2014-12-26 07:30:00,1,0.119368896,1.7899845,0.10039637,0.067639515,0.45533833,0.78190637
2014-12-26 08:00:00,1,0.11791755,1.7222102,0.10026984,0.067554764,0.38780972,0.73676324
2014-12-26 08:30:00,1,0.12082684,1.6274998,0.10017864,0.06748059,0.3463419,0.69134015
2014-12-26 09:00:00,1,0.12515673,1.6302519,0.10009709,0.06741058,0.3886234,0.7063241
2014-12-26 09:30:00,1,0.124990694,1.5949075,0.09999627,0.06733815,0.36382705,0.6862436
2014-12-26 10:00:00,1,0.12279274,1.5528717,0.09992454,0.06727719,0.2728473,0.64188117
2014-12-26 10:30:00,1,0.11408898,1.5226905,0.09983937,0.06721687,0.20437083,0.6089669
2014-12-26 11:00:00,1,0.10822586,1.4996278,0.09976816,0.067164436,0.1619363,0.58711076
2014-12-26 11:30:00,1,0.10492958,1.4811401,0.09980989,0.06714841,0.17176922,0.5842398
2014-12-26 12:00:00,1,0.09979421,1.4628932,0.09977558,0.06711532,0.108563215,0.55707735
2014-12-26 12:30:00,1,0.10224928,1.4479237,0.0997613,0.06709317,0.23122211,0.592969
2014-12-26 13:00:00,1,0.09816853,1.4314826,0.09976678,0.06708048,0.050867654,0.5273723
2014-12-26 13:30:00,1,0.10375277,1.4728124,0.099669434,0.06704412,0.14407012,0.572184
2014-12-26 14:00:00,1,0.10026124,1.4592087,0.099707276,0.067050315,0.1272185,0.5620448
2014-12-26 14:30:00,1,0.09186906,1.4507918,0.099918395,0.067111805,0.14426975,0.5649933
2014-12-26 15:00:00,1,0.08874133,1.4426489,0.10012361,0.06717568,0.0830688,0.5419471
2014-12-26 15:30:00,1,0.0907205,1.3802845,0.10017248,0.06719883,0.2260773,0.5688448
2014-12-26 16:00:00,1,0.09134527,1.358608,0.10024022,0.0672317,0.1267101,0.52851945
2014-12-26 16:30:00,1,0.09901834,1.3323655,0.100257,0.067253575,0.07872767,0.5037834
2014-12-26 17:00:00,1,0.088479824,1.2466855,0.10057917,0.06736735,0.08928459,0.47884974
2014-12-26 17:30:00,1,0.08655386,1.2101214,0.10096465,0.06750244,0.1811492,0.49741176
2014-12-26 18:00:00,1,0.08570178,1.2330921,0.10134633,0.06763892,0.115227886,0.48322213
2014-12-26 18:30:00,1,0.08564324,1.2492893,0.10169823,0.067770295,0.14989369,0.50029373
2014-12-26 19:00:00,1,0.08415089,1.2469945,0.1023015,0.06797531,0.18951567,0.51293725
2014-12-26 19:30:00,1,0.08667953,1.238204,0.10251647,0.06807089,0.12651032,0.48907694
2014-12-26 20:00:00,1,0.09750668,1.1809075,0.10263599,0.06813956,0.3118426,0.5317953
2014-12-26 20:30:00,1,0.09167817,1.1624522,0.102989055,0.06827634,0.13650866,0.46731666
2014-12-26 21:00:00,1,0.10335055,1.1054149,0.10328312,0.06839618,0.13818184,0.44895995
2014-12-26 21:30:00,1,0.10441393,1.1274676,0.103629455,0.068531744,0.22971208,0.48693642
2014-12-26 22:00:00,1,0.088861585,1.1257193,0.10413091,0.06870811,0.23806708,0.48930573
2014-12-26 22:30:00,1,0.08836689,1.1121535,0.10461529,0.06887767,0.18272825,0.46649906
2014-12-26 23:00:00,1,0.10121021,1.0546644,0.104809985,0.06895939,0.1777645,0.4457463
2014-12-26 23:30:00,1,0.09879064,1.0165832,0.104940474,0.06901732,0.27228,0.4646012
2014-12-27 00:00:00,1,0.102432325,0.92395663,0.10612465,0.06934704,0.15735587,0.3958124
2014-12-27 00:30:00,1,0.10237729,0.8680899,0.10649307,0.069466226,0.22112781,0.39857027
2014-12-27 01:00:00,1,0.11005277,0.8431933,0.10676627,0.06954834,0.059749264,0.33656964
2014-12-27 01:30:00,1,0.12343626,0.8188883,0.10684888,0.0695701,0.2725224,0.39941987
2014-12-27 02:00:00,1,0.12631018,0.78240955,0.106922805,0.06958235,0.43072158,0.44001797
2014-12-27 02:30:00,1,0.123940915,0.773324,0.106815614,0.06954031,0.34190276,0.40734747
2014-12-27 03:00:00,1,0.12173735,0.761791,0.10674565,0.06950206,0.14752875,0.33868846
2014-12-27 03:30:00,1,0.112455815,0.73231804,0.10655457,0.06942641,0.2256611,0.35484457
2014-12-27 04:00:00,1,0.123200774,0.68673885,0.10635131,0.06934314,0.37810472,0.3903983
2014-12-27 04:30:00,1,0.11069277,0.6819389,0.10592282,0.06919656,0.33930895,0.37572357
2014-12-27 05:00:00,1,0.1135643,0.6530688,0.105446465,0.069034055,0.6852964,0.48127055
2014-12-27 05:30:00,1,0.122475296,0.6547959,0.10508466,0.06889881,0.5043842,0.42142162
2014-12-27 06:00:00,1,0.1197791,0.687443,0.1047738,0.06877435,0.3293632,0.37386
2014-12-27 06:30:00,1,0.113326706,0.75535476,0.10450735,0.06865948,0.3345633,0.39814177
2014-12-27 07:00:00,1,0.12005206,0.7691152,0.104203805,0.068532795,0.3427753,0.40536475
2014-12-27 07:30:00,1,0.11562029,0.7503735,0.10401418,0.06843499,0.23645127,0.36361298
2014-12-27 08:00:00,1,0.105604485,0.72354114,0.103771076,0.068322755,0.42394677,0.41708633
2014-12-27 08:30:00,1,0.12614429,0.6982746,0.10368329,0.06825179,0.65828764,0.48674855
2014-12-27 09:00:00,1,0.12293862,0.73219264,0.10362006,0.0681887,0.14912277,0.32831183
2014-12-27 09:30:00,1,0.12637907,0.7027458,0.103645526,0.06815092,0.23691832,0.34776986
2014-12-27 10:00:00,1,0.122315936,0.6863272,0.103530355,0.06807844,0.19144337,0.3271003
2014-12-27 10:30:00,1,0.10416677,0.66226304,0.10357463,0.068051726,0.17429037,0.313376
2014-12-27 11:00:00,1,0.10425097,0.6588987,0.10358321,0.068019025,0.1742592,0.31224704
2014-12-27 11:30:00,1,0.104842976,0.64029944,0.103665344,0.06801107,0.28129262,0.34175244
2014-12-27 12:00:00,1,0.09561119,0.6220306,0.10370255,0.06799527,0.11013471,0.27862263
2014-12-27 12:30:00,1,0.09415886,0.607062,0.103672884,0.06796572,0.22467482,0.31180322
2014-12-27 13:00:00,1,0.08389674,0.5951376,0.103877805,0.06800542,0.2267242,0.30857986
2014-12-27 13:30:00,1,0.08618518,0.583189,0.103857,0.067987494,0.10505969,0.26403522
2014-12-27 14:00:00,1,0.08793025,0.57380486,0.10381941,0.0679688,0.1225213,0.2667152
2014-12-27 14:30:00,1,0.08424912,0.5669948,0.10396907,0.068007305,0.05173296,0.24089895
2014-12-27 15:00:00,1,0.08405699,0.56245494,0.10418942,0.068071455,0.10001434,0.2555529
2014-12-27 15:30:00,1,0.08648306,0.5603502,0.104283035,0.06810484,0.23076725,0.29846683
2014-12-27 16:00:00,1,0.09062657,0.55992436,0.1042522,0.06810792,0.1385222,0.26756626
2014-12-27 16:30:00,1,0.09806698,0.56049263,0.104220964,0.06811384,0.12907058,0.26459473
2014-12-27 17:00:00,1,0.0891024,0.5620401,0.104467966,0.06820158,0.112632185,0.2597134
2014-12-27 17:30:00,1,0.08389237,0.5598812,0.10495588,0.06836065,0.09117627,0.25200447
2014-12-27 18:00:00,1,0.083963625,0.57272875,0.10539381,0.06850966,0.057726048,0.24528287
2014-12-27 18:30:00,1,0.08439226,0.54098845,0.10584514,0.068663694,0.07358165,0.24013841
2014-12-27 19:00:00,0,0.08471441,0.53116,0.10633153,0.06883119,0.20236558,0.27995238
2014-12-27 19:30:00,0,0.08598632,0.5365732,0.10657526,0.06893274,0.108200304,0.25044957
2014-12-27 20:00:00,0,0.08815821,0.51845324,0.10675886,0.06901709,0.09809728,0.24110311
2014-12-27 20:30:00,0,0.09126508,0.52342224,0.10705623,0.06913433,0.1812497,0.27057606
2014-12-27 21:00:00,0,0.08928914,0.50440896,0.10744324,0.0692759,0.08431435,0.2320555
2014-12-27 21:30:00,0,0.08335136,0.48043227,0.10794673,0.069448434,0.12797377,0.23878427
2014-12-27 22:00:00,0,0.082784444,0.45746386,0.10849522,0.0696324,0.3373964,0.3011185
2014-12-27 22:30:00,0,0.08404494,0.4458263,0.10883231,0.06975776,0.1699348,0.24153113
2014-12-27 23:00:00,0,0.08455281,0.42186582,0.10915209,0.06987282,0.24306318,0.25802705
2014-12-27 23:30:00,0,0.08473784,0.39280975,0.10948081,0.069980636,0.14766091,0.21665049
2014-12-28 00:00:00,0,0.08811214,0.37857223,0.11057605,0.0702357,0.14727719,0.21214181
2014-12-28 00:30:00,0,0.08871227,0.36574566,0.11097384,0.07036033,0.08810372,0.1882744
2014-12-28 01:00:00,0,0.10086143,0.33794594,0.11116572,0.07042195,0.17275679,0.20728947
2014-12-28 01:30:00,0,0.1052366,0.32094646,0.11117581,0.070428304,0.2819377,0.23801999
2014-12-28 02:00:00,0,0.10997158,0.30467427,0.11126784,0.07044803,0.09028501,0.16874237
2014-12-28 02:30:00,0,0.11309468,0.2899772,0.111163564,0.070412524,0.11649826,0.17254634
2014-12-28 03:00:00,0,0.12303632,0.28220236,0.11101204,0.0703589,0.26877713,0.22066385
2014-12-28 03:30:00,0,0.12096887,0.27757978,0.110839754,0.070294015,0.31889746,0.23577233
2014-12-28 04:00:00,0,0.12192604,0.27388597,0.11061007,0.07021043,0.37457338,0.25302315
2014-12-28 04:30:00,0,0.11495175,0.27145743,0.11007796,0.0700478,0.32583398,0.23578979
2014-12-28 05:00:00,0,0.11731384,0.2690189,0.10958646,0.0698901,0.2703774,0.2163276
2014-12-28 05:30:00,0,0.11995541,0.26711476,0.10921565,0.06975892,0.4834718,0.28660074
2014-12-28 06:00:00,0,0.11284723,0.2648828,0.10888647,0.06963544,0.51055974,0.29477635
2014-12-28 06:30:00,0,0.12006431,0.2625922,0.1086157,0.069523804,0.4781208,0.28310958
2014-12-28 07:00:00,0,0.118713275,0.25946367,0.1083123,0.069401965,0.4322321,0.26666936
2014-12-28 07:30:00,0,0.10925565,0.25666702,0.10814389,0.06931162,0.40727195,0.25736097
2014-12-28 08:00:00,0,0.11499705,0.25087917,0.10796016,0.06921678,0.47140527,0.2767482
2014-12-28 08:30:00,0,0.10899685,0.24536848,0.10786866,0.06914492,0.26385212,0.20569642
2014-12-28 09:00:00,0,0.12125273,0.24205828,0.10772022,0.069060445,0.36610115,0.23862655
2014-12-28 09:30:00,0,0.12384656,0.23843086,0.1077629,0.0690259,0.1036443,0.14994602
2014-12-28 10:00:00,0,0.115056634,0.23522007,0.10771075,0.06897063,0.13476239,0.15923107
2014-12-28 10:30:00,0,0.104108974,0.23381257,0.107828066,0.068961605,0.3062319,0.21595752
2014-12-28 11:00:00,0,0.10321836,0.23349917,0.10768795,0.06889177,0.20847055,0.18321924
2014-12-28 11:30:00,0,0.10242749,0.23475945,0.107662044,0.06885434,0.079812214,0.14074457
2014-12-28 12:00:00,0,0.09990537,0.23618603,0.10762562,0.06881938,0.16005222,0.16795462
2014-12-28 12:30:00,0,0.089041024,0.23696125,0.10763261,0.068799645,0.30729604,0.21729665
2014-12-28 13:00:00,0,0.08996548,0.23930836,0.10760148,0.068776116,0.24606356,0.19765778
2014-12-28 13:30:00,0,0.09754874,0.2436639,0.10744185,0.068723716,0.12404004,0.15838192
2014-12-28 14:00:00,0,0.095803864,0.24482965,0.10740932,0.06870773,0.25093034,0.20105644
2014-12-28 14:30:00,0,0.087820455,0.24671876,0.10748177,0.06872457,0.12702067,0.16040707
2014-12-28 15:00:00,0,0.08986915,0.24728537,0.1075486,0.06874596,0.2511445,0.20199282
2014-12-28 15:30:00,0,0.08607498,0.2473737,0.107754104,0.06880823,0.2767907,0.21063952
2014-12-28 16:00:00,0,0.087606214,0.24730337,0.107882045,0.06885482,0.11723815,0.15747452
2014-12-28 16:30:00,0,0.0914036,0.2446847,0.10789577,0.0688744,0.22726299,0.19328116
2014-12-28 17:00:00,0,0.089130916,0.240677,0.10814974,0.0689598,0.15918751,0.16933809
2014-12-28 17:30:00,0,0.08858509,0.24192882,0.10846114,0.06906592,0.19041668,0.18026888
2014-12-28 18:00:00,0,0.08676187,0.24346602,0.108729586,0.06916484,0.20862275,0.18693946
2014-12-28 18:30:00,0,0.08678478,0.25497365,0.10903023,0.06927501,0.246478,0.20349397
2014-12-28 19:00:00,0,0.0873696,0.2592603,0.10931419,0.06938428,0.097003125,0.15519254
2014-12-28 19:30:00,0,0.09062918,0.26085055,0.10954489,0.06948151,0.12622316,0.16553952
2014-12-28 20:00:00,0,0.097051755,0.2606753,0.10974139,0.06957072,0.11821791,0.1628782
2014-12-28 20:30:00,0,0.10472905,0.25769746,0.10996019,0.0696666,0.19921072,0.18895613
2014-12-28 21:00:00,0,0.098888494,0.2532475,0.110161476,0.06975876,0.17519808,0.17953569
2014-12-28 21:30:00,0,0.10330487,0.24827623,0.11053364,0.06989497,0.06937413,0.14272802
2014-12-28 22:00:00,0,0.103427105,0.24203074,0.11077572,0.069998376,0.10090474,0.15123706
2014-12-28 22:30:00,0,0.10427724,0.23767471,0.110898286,0.07006848,0.15927914,0.16928405
2014-12-28 23:00:00,0,0.11084793,0.2145021,0.1109131,0.0701079,0.19909956,0.17483824
2014-12-28 23:30:00,0,0.119023055,0.19135976,0.11097092,0.07015236,0.24143386,0.18125485
2014-12-29 00:00:00,0,0.12399058,0.1652,0.11118773,0.07019306,0.35374165,0.21004312
2014-12-29 00:30:00,0,0.11027141,0.13931358,0.11117798,0.070218414,0.3481438,0.1995451
2014-12-29 01:00:00,0,0.11759567,0.107437134,0.11110327,0.0702238,0.52188486,0.24680841
2014-12-29 01:30:00,0,0.10436701,0.0844655,0.11104169,0.07022455,0.47189295,0.2224667
2014-12-29 02:00:00,0,0.11255666,0.069141865,0.11094436,0.0702113,0.23319273,0.13775964
2014-12-29 02:30:00,0,0.114130884,0.05718851,0.11079912,0.070179395,0.76948035,0.31248933
2014-12-29 03:00:00,0,0.115060806,0.049127698,0.11066616,0.070142716,0.6569011,0.27223167
2014-12-29 03:30:00,0,0.13142076,0.046759367,0.11050472,0.070092194,0.16685322,0.1080391
2014-12-29 04:00:00,0,0.12207192,0.04286492,0.110378094,0.07004328,0.23159266,0.12827855
2014-12-29 04:30:00,0,0.14000136,0.037498355,0.110190324,0.06997235,0.5516972,0.23312862
2014-12-29 05:00:00,0,0.12922901,0.03770852,0.11001117,0.06989634,0.45056567,0.19942844
2014-12-29 05:30:00,0,0.11415141,0.039628863,0.1098941,0.06982939,0.22908504,0.12620266
2014-12-29 06:00:00,0,0.110944495,0.0437634,0.10984917,0.06977495,0.22910851,0.12757368
2014-12-29 06:30:00,0,0.115289465,0.050495386,0.10991073,0.0697428,0.3065626,0.15565623
2014-12-29 07:00:00,0,0.111259654,0.06027639,0.10979779,0.06966663,0.5578613,0.24264516
2014-12-29 07:30:00,0,0.12539095,0.071329236,0.10979829,0.06961617,0.21500364,0.13204372
2014-12-29 08:00:00,0,0.12540814,0.0893594,0.10970528,0.06954334,0.19356419,0.13087629
2014-12-29 08:30:00,0,0.1038617,0.1018635,0.109809294,0.06951975,0.09792098,0.103197925
2014-12-29 09:00:00,0,0.1094502,0.11686587,0.10967052,0.06943888,0.08477143,0.10376927
2014-12-29 09:30:00,0,0.10437359,0.13057935,0.10953342,0.06936021,0.1577201,0.13261096
2014-12-29 10:00:00,0,0.099457905,0.13908935,0.10937527,0.069278784,0.20128047,0.14991502
2014-12-29 10:30:00,0,0.09974198,0.14851534,0.10919603,0.06919668,0.06908262,0.10893133
2014-12-29 11:00:00,0,0.10263741,0.15501606,0.10905101,0.069126345,0.07616805,0.11341172
2014-12-29 11:30:00,0,0.093299225,0.16147757,0.10900291,0.06908503,0.14650264,0.13899438
2014-12-29 12:00:00,0,0.08903401,0.16628456,0.10890641,0.069036506,0.20009449,0.15842849
2014-12-29 12:30:00,0,0.08688053,0.17173398,0.10889507,0.06901412,0.12509519,0.1352414
2014-12-29 13:00:00,0,0.089042135,0.17775178,0.10877766,0.06897007,0.15339953,0.14664298
2014-12-29 13:30:00,0,0.0856763,0.1819855,0.10876405,0.06895582,0.08303352,0.12459435
2014-12-29 14:00:00,0,0.08523106,0.19221354,0.10883528,0.068968326,0.10878498,0.13661127
2014-12-29 14:30:00,0,0.08450661,0.20148575,0.1089245,0.068991005,0.278279,0.19622976
2014-12-29 15:00:00,0,0.08378373,0.21125162,0.108961776,0.06900477,0.106530435,0.14224793
2014-12-29 15:30:00,0,0.08360252,0.22702575,0.109075524,0.06904297,0.06221843,0.13277324
2014-12-29 16:00:00,0,0.08699569,0.23964024,0.10902834,0.06904476,0.09130514,0.1466579
2014-12-29 16:30:00,0,0.09300297,0.2477504,0.108955555,0.069042675,0.2095912,0.18876572
2014-12-29 17:00:00,0,0.08452465,0.25765336,0.109339826,0.06916242,0.1173277,0.1614403
2014-12-29 17:30:00,0,0.08319697,0.25937796,0.10969348,0.06928156,0.0750892,0.14805354
2014-12-29 18:00:00,0,0.09864976,0.25101006,0.110164285,0.0694349,0.21863827,0.19327088
2014-12-29 18:30:00,0,0.09887207,0.24238193,0.11044674,0.06954277,0.19999985,0.18427618
2014-12-29 19:00:00,0,0.09447823,0.23492408,0.11073467,0.06965356,0.07943735,0.1416987
2014-12-29 19:30:00,0,0.08851628,0.2370919,0.11084321,0.069719255,0.23163645,0.19319052
2014-12-29 20:00:00,0,0.082973495,0.24228692,0.110951185,0.06978451,0.08449929,0.14591247
2014-12-29 20:30:00,0,0.08507088,0.25305462,0.11105456,0.06984975,0.16010454,0.17473792
2014-12-29 21:00:00,0,0.08474768,0.25216806,0.11132201,0.06995701,0.2525657,0.20535193
2014-12-29 21:30:00,1,0.084954806,0.25358212,0.11153531,0.07005267,0.16171609,0.17561118
2014-12-29 22:00:00,1,0.08714756,0.25893652,0.1116574,0.07012395,0.18333372,0.18464255
2014-12-29 22:30:00,1,0.09097359,0.26521754,0.11181764,0.070201926,0.12000444,0.16567989
2014-12-29 23:00:00,1,0.098403364,0.27319932,0.111874446,0.070250854,0.104573354,0.16321571
2014-12-29 23:30:00,1,0.107596986,0.2809131,0.11187015,0.070280366,0.06337804,0.15205376
2014-12-30 00:00:00,1,0.11247508,0.28279316,0.11151619,0.07020899,0.08839784,0.1609024
2014-12-30 00:30:00,1,0.12470841,0.28001404,0.11129861,0.070171155,0.2666773,0.21933
2014-12-30 01:00:00,1,0.114148244,0.2764722,0.1111384,0.07014717,0.16672285,0.18477781
2014-12-30 01:30:00,1,0.12071232,0.27347243,0.11093057,0.07010913,0.27640322,0.22026873
2014-12-30 02:00:00,1,0.11403082,0.2726642,0.1107227,0.070065774,0.30256692,0.22865127
2014-12-30 02:30:00,1,0.116705835,0.27589905,0.110517815,0.070017666,0.45753682,0.2813179
2014-12-30 03:00:00,1,0.12081798,0.27602732,0.11031766,0.06996451,0.32257572,0.2363069
2014-12-30 03:30:00,1,0.11967604,0.2762897,0.11012962,0.0699074,0.6038647,0.3300947
2014-12-30 04:00:00,1,0.11991714,0.27706122,0.10996233,0.069848716,0.23825356,0.20842572
2014-12-30 04:30:00,1,0.119780056,0.27672863,0.10969341,0.06975974,0.7047061,0.36370936
2014-12-30 05:00:00,1,0.13251415,0.276394,0.109424315,0.06966455,0.46134597,0.2823881
2014-12-30 05:30:00,1,0.11941992,0.27552128,0.10927798,0.06959301,0.37805724,0.25428548
2014-12-30 06:00:00,1,0.109677255,0.2735622,0.1091704,0.069526434,0.4502971,0.27767655
2014-12-30 06:30:00,1,0.112134926,0.26926517,0.109197706,0.069489524,0.15880111,0.179088
2014-12-30 07:00:00,1,0.109860756,0.27384388,0.109038584,0.0694055,0.16327602,0.18205284
2014-12-30 07:30:00,1,0.12053917,0.28655827,0.109013975,0.069352545,0.11350844,0.16969357
2014-12-30 08:00:00,1,0.12292465,0.3029679,0.10892957,0.06928481,0.09801251,0.16996999
2014-12-30 08:30:00,1,0.103821926,0.3096956,0.10903971,0.069267094,0.06330245,0.16067927
2014-12-30 09:00:00,1,0.09970029,0.3111483,0.10890873,0.06919209,0.1466631,0.18890671
2014-12-30 09:30:00,1,0.104632325,0.3032484,0.10878653,0.069120385,0.14290734,0.18498075
2014-12-30 10:00:00,1,0.102112494,0.30627525,0.10858244,0.06903081,0.098758124,0.17120527
2014-12-30 10:30:00,1,0.08913446,0.3042549,0.10849928,0.06897453,0.051090844,0.154615
2014-12-30 11:00:00,1,0.08888484,0.302871,0.10832587,0.068899594,0.09918503,0.17012729
2014-12-30 11:30:00,1,0.08383303,0.30235124,0.10833716,0.068875805,0.102040395,0.1709096
2014-12-30 12:00:00,1,0.08318416,0.3015716,0.108282454,0.06884029,0.02109919,0.14365108
2014-12-30 12:30:00,1,0.08373715,0.30050457,0.10826502,0.06881897,0.10151247,0.17009401
2014-12-30 13:00:00,1,0.091998026,0.3042873,0.10829226,0.06881333,0.11729755,0.17662571
2014-12-30 13:30:00,1,0.09085807,0.3042066,0.10822283,0.068787105,0.13438383,0.18227108
2014-12-30 14:00:00,1,0.08901519,0.30287254,0.108167864,0.068768665,0.009550429,0.14019693
2014-12-30 14:30:00,1,0.08697331,0.2995336,0.1081418,0.06876257,0.109771356,0.17248225
2014-12-30 15:00:00,1,0.08942062,0.2982421,0.10819198,0.068780914,0.05654801,0.15432735
2014-12-30 15:30:00,1,0.08457365,0.29629636,0.10816244,0.06878417,0.052936964,0.15246525
2014-12-30 16:00:00,1,0.08719763,0.2946645,0.10800818,0.06875903,0.16437635,0.18901634
2014-12-30 16:30:00,1,0.09662089,0.2921474,0.10789239,0.068746544,0.18352796,0.19452257
2014-12-30 17:00:00,1,0.08441052,0.2887187,0.108208105,0.06885134,0.11935227,0.17209303
2014-12-30 17:30:00,1,0.09019863,0.28757453,0.108671404,0.06900126,0.15175104,0.18266566
2014-12-30 18:00:00,1,0.10451185,0.2872659,0.10915981,0.06916391,0.11161619,0.1693473
2014-12-30 18:30:00,1,0.10971266,0.28645325,0.10964572,0.069329545,0.25345308,0.21651734
2014-12-30 19:00:00,1,0.10512123,0.28785503,0.11000611,0.06946522,0.26259145,0.22015087
2014-12-30 19:30:00,1,0.10073742,0.28877604,0.11017685,0.0695509,0.35058126,0.24984471
2014-12-30 20:00:00,1,0.09533982,0.29392684,0.11029573,0.06962257,0.1630962,0.18910624
2014-12-30 20:30:00,1,0.089856856,0.29496598,0.11046334,0.06970666,0.12372876,0.17638604
2014-12-30 21:00:00,1,0.09638566,0.29824674,0.11075397,0.06982454,0.30713522,0.23871197
2014-12-30 21:30:00,1,0.09826149,0.30449283,0.110976025,0.069925986,0.10766435,0.17437774
2014-12-30 22:00:00,1,0.09252785,0.3065163,0.11115876,0.07001489,0.08300403,0.16689302
2014-12-30 22:30:00,1,0.08308646,0.31651616,0.11123518,0.07007437,0.1410081,0.18958648
2014-12-30 23:00:00,1,0.08481009,0.32042003,0.1113639,0.0701432,0.11274239,0.18150876
2014-12-30 23:30:00,1,0.09051315,0.3188237,0.11134269,0.07017243,0.069362886,0.16650976
2014-12-31 00:00:00,1,0.10286348,0.31624913,0.11048764,0.0700145,0.26355994,0.2300989
2014-12-31 00:30:00,1,0.10328998,0.31694627,0.11000054,0.06990188,0.07128899,0.16607861
2014-12-31 01:00:00,1,0.12116456,0.31817162,0.109621294,0.06981825,0.13470335,0.18749875
2014-12-31 01:30:00,1,0.12274357,0.31901658,0.10920165,0.06972329,0.2726674,0.23362856
2014-12-31 02:00:00,1,0.10900066,0.32243025,0.10888901,0.06965177,0.26658824,0.23263584
2014-12-31 02:30:00,1,0.119948655,0.3245721,0.10853555,0.06956597,0.33834857,0.25715208
2014-12-31 03:00:00,1,0.10934674,0.32621884,0.10822903,0.06948626,0.1466874,0.19371176
2014-12-31 03:30:00,1,0.11680153,0.32689154,0.10792551,0.06940127,0.4530441,0.29595372
2014-12-31 04:00:00,1,0.110382274,0.3290881,0.10769354,0.06932646,0.22956169,0.22211444
2014-12-31 04:30:00,1,0.11161279,0.32906687,0.107248954,0.06919192,0.67395717,0.370091
2014-12-31 05:00:00,1,0.12102731,0.3287387,0.10685953,0.06906532,0.8197123,0.41843686
2014-12-31 05:30:00,1,0.112297475,0.32766306,0.1065986,0.068966344,0.22030587,0.21818918
2014-12-31 06:00:00,1,0.11216773,0.3270719,0.10639127,0.068876356,0.26298368,0.23214896
2014-12-31 06:30:00,1,0.12128066,0.33051622,0.106345855,0.068824895,0.36827433,0.26837882
2014-12-31 07:00:00,1,0.11832384,0.34426498,0.106138475,0.06872902,0.24759221,0.23266523
2014-12-31 07:30:00,1,0.12257347,0.3657428,0.10609681,0.06867449,0.35053316,0.27412426
2014-12-31 08:00:00,1,0.12551907,0.39677727,0.1059702,0.06859731,0.2586795,0.253809
2014-12-31 08:30:00,1,0.10296821,0.43106973,0.106018215,0.06856774,0.26833332,0.26847374
2014-12-31 09:00:00,1,0.1023496,0.4715227,0.10577897,0.068464585,0.18083347,0.2527117
2014-12-31 09:30:00,1,0.110086,0.50620437,0.10559202,0.06837699,0.14579134,0.25252923
2014-12-31 10:00:00,1,0.10323325,0.5201086,0.10541443,0.06829418,0.10258452,0.24270253
2014-12-31 10:30:00,1,0.100330696,0.5343332,0.10523202,0.068214186,0.23911348,0.2928929
2014-12-31 11:00:00,1,0.09445977,0.53801644,0.105172075,0.06816983,0.11151013,0.2515662
2014-12-31 11:30:00,1,0.08426684,0.5364802,0.10524249,0.06816569,0.072613165,0.23811196
2014-12-31 12:00:00,1,0.08632548,0.53277385,0.10507926,0.06810329,0.26870468,0.30218592
2014-12-31 12:30:00,1,0.08465617,0.5317553,0.10499387,0.06806547,0.2217176,0.2861556
2014-12-31 13:00:00,1,0.083327,0.52817595,0.105063386,0.0680747,0.06005988,0.23109974
2014-12-31 13:30:00,1,0.08334003,0.52677953,0.10502484,0.06805915,0.1522497,0.26135135
2014-12-31 14:00:00,1,0.08639348,0.5276902,0.10501155,0.068054214,0.28656235,0.30642137
2014-12-31 14:30:00,1,0.08786418,0.5306698,0.10505823,0.06806971,0.07929304,0.23834038
2014-12-31 15:00:00,1,0.08963763,0.5348648,0.10515844,0.068104886,0.09815245,0.24605857
2014-12-31 15:30:00,1,0.08368155,0.53966033,0.10513397,0.0681108,0.2305629,0.29178572
2014-12-31 16:00:00,1,0.0842482,0.54707086,0.10508171,0.068112664,0.34342003,0.33185753
2014-12-31 16:30:00,1,0.0882675,0.5546311,0.10503331,0.068118535,0.16058797,0.27341744
2014-12-31 17:00:00,1,0.08397695,0.56205606,0.10533886,0.06822639,0.23240945,0.29993477
2014-12-31 17:30:00,1,0.08743668,0.56094265,0.10568016,0.06835047,0.30908254,0.32523513
2014-12-31 18:00:00,1,0.09595801,0.5623666,0.1060762,0.06849463,0.10621636,0.25821972
2014-12-31 18:30:00,1,0.103733204,0.5682913,0.10649756,0.06865055,0.12437281,0.26638722
2014-12-31 19:00:00,1,0.110259235,0.5732001,0.10698786,0.06882923,0.17754263,0.2859102
2014-12-31 19:30:00,1,0.1144976,0.56987476,0.10764069,0.06905371,0.2916616,0.323059
2014-12-31 20:00:00,1,0.119655035,0.5577996,0.108209275,0.0692567,0.4593136,0.3751075
2014-12-31 20:30:00,1,0.14648527,0.5563419,0.1087908,0.06946223,0.3648542,0.34332895
2014-12-31 21:00:00,1,0.23122,0.57430375,0.109326795,0.069655195,0.35770786,0.3471128
2014-12-31 21:30:00,1,0.1841097,0.58108294,0.10966476,0.069791645,0.2891999,0.3266492
2014-12-31 22:00:00,1,0.118020475,0.575904,0.109766796,0.06985968,0.45479518,0.38015532
2014-12-31 22:30:00,1,0.106433414,0.56366384,0.109747894,0.069889106,0.37820542,0.35053906
2014-12-31 23:00:00,1,0.10197809,0.55975306,0.10977748,0.06992929,0.1380826,0.26920438
2014-12-31 23:30:00,1,0.100122906,0.6050303,0.10894386,0.069743894,0.112490065,0.27548808
2015-01-01 00:00:00,1,0.111076474,0.6321558,0.109186955,0.069884725,0.17503986,0.30546084
2015-01-01 00:30:00,1,0.34195924,0.88619745,0.11023587,0.07019332,0.50078166,0.4990717
2015-01-01 01:00:00,1,0.36745298,1.1823573,0.11065818,0.07033024,0.38314328,0.5587196
2015-01-01 01:30:00,1,0.26273695,1.4245694,0.11066508,0.07033881,0.49292192,0.6760521
2015-01-01 02:00:00,1,0.13701479,1.6255591,0.110510156,0.07029019,0.560413,0.76549405
2015-01-01 02:30:00,1,0.11829274,1.8288217,0.110396944,0.07024391,0.5185811,0.81926656
2015-01-01 03:00:00,1,0.10633328,2.0015945,0.11009326,0.07014055,0.36978766,0.8271585
2015-01-01 03:30:00,1,0.10479203,2.144059,0.10970636,0.070008986,0.25208253,0.8352826
2015-01-01 04:00:00,1,0.084775135,2.2515013,0.10914652,0.06982866,0.16048463,0.8403775
2015-01-01 04:30:00,1,0.110175595,2.2910085,0.10809309,0.06951368,0.09703209,0.83204454
2015-01-01 05:00:00,1,0.12100807,2.3066351,0.107047655,0.069197185,0.16257085,0.85875124
2015-01-01 05:30:00,1,0.11064,2.3152878,0.10623057,0.06894429,0.2608858,0.8941347
2015-01-01 06:00:00,1,0.12079437,2.319226,0.10552441,0.06872247,0.46351787,0.9627561
2015-01-01 06:30:00,1,0.115669586,2.3162446,0.10495229,0.0685373,0.34758446,0.92292714
2015-01-01 07:00:00,1,0.11800851,2.3104222,0.104416326,0.06836047,0.4731253,0.9626546
2015-01-01 07:30:00,1,0.115809895,2.2982886,0.103919156,0.06819388,0.3752084,0.9258054
2015-01-01 08:00:00,1,0.10905559,2.2930653,0.10340867,0.06802282,0.5743194,0.9902644
2015-01-01 08:30:00,1,0.11192839,2.2965097,0.1029409,0.06786439,0.26975742,0.889736
2015-01-01 09:00:00,1,0.11870132,2.3170164,0.10260032,0.06773966,0.29853985,0.9060522
2015-01-01 09:30:00,1,0.11179073,2.3527107,0.10234154,0.06763756,0.7362876,1.06378
2015-01-01 10:00:00,1,0.12492295,2.3947494,0.102154106,0.06755607,0.3085545,0.9351526
2015-01-01 10:30:00,1,0.12173714,2.4202912,0.102160364,0.06752852,0.17452563,0.8989925
2015-01-01 11:00:00,1,0.11121768,2.4450827,0.10212452,0.0674921,0.2375248,0.92824394
2015-01-01 11:30:00,1,0.09904373,2.458953,0.10223102,0.06749916,0.12113429,0.8941061
2015-01-01 12:00:00,1,0.09938873,2.4642289,0.102236554,0.06748156,0.11851612,0.89499384
2015-01-01 12:30:00,1,0.092202395,2.4655364,0.10223251,0.06746471,0.12042481,0.8960645
2015-01-01 13:00:00,1,0.09326021,2.4627693,0.10215061,0.0674314,0.119896,0.89493865
2015-01-01 13:30:00,1,0.08700193,2.459247,0.10221365,0.0674424,0.0883394,0.8832667
2015-01-01 14:00:00,1,0.09044935,2.4580498,0.102161214,0.067425646,0.13848102,0.89956397
2015-01-01 14:30:00,1,0.08622203,2.459286,0.10222239,0.067444846,0.17249385,0.9113341
2015-01-01 15:00:00,1,0.08331121,2.4583707,0.10233119,0.067482464,0.1269776,0.89589316
2015-01-01 15:30:00,1,0.08687694,2.457785,0.10235482,0.06750043,0.06473864,0.87495947
2015-01-01 16:00:00,1,0.089206725,2.456582,0.10240106,0.067528725,0.20966202,0.92288166
2015-01-01 16:30:00,1,0.09993574,2.4591045,0.102317296,0.06752414,0.10944382,0.8902886
2015-01-01 17:00:00,1,0.08788052,2.45692,0.10255916,0.06761597,0.07433843,0.87793916
2015-01-01 17:30:00,1,0.090370364,2.441783,0.10284101,0.06772394,0.27083403,0.9384859
2015-01-01 18:00:00,1,0.08879734,2.408117,0.10307724,0.06782356,0.13490006,0.88203144
2015-01-01 18:30:00,1,0.086449586,2.3651638,0.1033546,0.06793825,0.20459414,0.8910375
2015-01-01 19:00:00,1,0.08750456,2.3188188,0.10347876,0.06801326,0.20831619,0.87687117
2015-01-01 19:30:00,1,0.103874974,2.273891,0.10351442,0.06806816,0.1256963,0.8343673
2015-01-01 20:00:00,1,0.09863837,2.2495873,0.103636205,0.068150185,0.17895618,0.84405994
2015-01-01 20:30:00,1,0.09907645,2.238227,0.10382563,0.068254,0.21690696,0.8529865
2015-01-01 21:00:00,1,0.10260298,2.258042,0.10401245,0.0683599,0.09623536,0.81942993
2015-01-01 21:30:00,1,0.09941783,2.3068185,0.10427003,0.06848608,0.18387195,0.86498684
2015-01-01 22:00:00,1,0.10723787,2.376735,0.104380496,0.068570234,0.25620157,0.91243905
2015-01-01 22:30:00,1,0.110843144,2.4594924,0.10454582,0.06866609,0.14334641,0.9024615
2015-01-01 23:00:00,1,0.11653326,2.5562613,0.104440235,0.068688884,0.33722022,0.9993072
2015-01-01 23:30:00,1,0.12306487,2.5600681,0.10445487,0.06872997,0.3420217,1.0021815
2015-01-02 00:00:00,1,0.122641645,2.5385017,0.10430716,0.06875196,0.3261879,0.98966557
2015-01-02 00:30:00,1,0.121864915,2.4588537,0.10431467,0.06879404,0.42804757,0.997072
2015-01-02 01:00:00,1,0.118551,2.2458181,0.10401643,0.06874923,0.5395737,0.96313614
2015-01-02 01:30:00,1,0.10679916,2.093256,0.103654146,0.068680875,0.40440783,0.86710596
2015-01-02 02:00:00,1,0.11598129,1.9108994,0.10342462,0.06864049,0.4665572,0.8269604
2015-01-02 02:30:00,1,0.11940648,1.8886099,0.10312892,0.068576224,0.5788838,0.8568742
2015-01-02 03:00:00,1,0.11095916,1.823451,0.102880605,0.06851638,0.3930382,0.77312326
2015-01-02 03:30:00,1,0.12125176,1.7598629,0.10259121,0.0684377,0.5650068,0.8091536
2015-01-02 04:00:00,1,0.11599437,1.6544838,0.10237601,0.06837171,0.76762265,0.84149414
2015-01-02 04:30:00,1,0.14371751,1.6121769,0.10206952,0.06826992,0.79049295,0.8349131
2015-01-02 05:00:00,1,0.15226935,1.6013763,0.10180847,0.06817139,0.48558363,0.72958946
2015-01-02 05:30:00,1,0.11547477,1.5942914,0.101617195,0.06808514,0.6132522,0.7697203
2015-01-02 06:00:00,1,0.11211192,1.5803449,0.10153109,0.06802131,0.28959394,0.65715665
2015-01-02 06:30:00,1,0.114169516,1.5084295,0.10150312,0.06796887,0.54949,0.71980757
2015-01-02 07:00:00,1,0.12297803,1.4659612,0.10136514,0.067883514,0.4038125,0.65704626
2015-01-02 07:30:00,1,0.11567752,1.4653485,0.10131035,0.06781943,0.3325981,0.63308567
2015-01-02 08:00:00,1,0.12318136,1.3837242,0.101188,0.06773609,0.30114976,0.59535396
2015-01-02 08:30:00,1,0.120598525,1.3156011,0.101245,0.067702174,0.2060278,0.540958
2015-01-02 09:00:00,1,0.1138358,1.3258052,0.10117246,0.06763405,0.47391096,0.6336295
2015-01-02 09:30:00,1,0.10294803,1.2200627,0.101115294,0.06757271,0.13005915,0.48374572
2015-01-02 10:00:00,1,0.11104635,1.2198145,0.1010294,0.06750633,0.15633978,0.49239457
2015-01-02 10:30:00,1,0.10057608,1.2374346,0.1010502,0.06747491,0.16719091,0.5018919
2015-01-02 11:00:00,1,0.10107829,1.22334,0.10093295,0.06740896,0.18204013,0.50210434
2015-01-02 11:30:00,1,0.09199032,1.2604249,0.100959785,0.06738943,0.27529186,0.54555887
2015-01-02 12:00:00,1,0.08762101,1.2580423,0.1010132,0.06738242,0.1363723,0.49847594
2015-01-02 12:30:00,1,0.083948895,1.2575395,0.10099897,0.067361325,0.16510543,0.50788134
2015-01-02 13:00:00,1,0.08978549,1.2576735,0.10084349,0.06730405,0.15998003,0.5061657
2015-01-02 13:30:00,1,0.085114524,1.257587,0.10089753,0.0673122,0.3331505,0.56387836
2015-01-02 14:00:00,1,0.08467137,1.2579167,0.10099995,0.0673383,0.14362754,0.50084805
2015-01-02 14:30:00,1,0.084125936,1.2592251,0.101068355,0.067359455,0.24577634,0.5353566
2015-01-02 15:00:00,1,0.084824726,1.2597272,0.10114739,0.06738882,0.1530086,0.50462776
2015-01-02 15:30:00,1,0.08472451,1.2605917,0.101302266,0.067443855,0.054562386,0.4721521
2015-01-02 16:00:00,1,0.08518958,1.2556522,0.10120268,0.067431584,0.23318231,0.5300124
2015-01-02 16:30:00,1,0.08735905,1.2504396,0.10113769,0.067431755,0.3132362,0.55493784
2015-01-02 17:00:00,1,0.085266516,1.2452834,0.10157189,0.06757879,0.07703921,0.47463152
2015-01-02 17:30:00,1,0.08989408,1.2352574,0.10218146,0.067780346,0.12865736,0.48869872
2015-01-02 18:00:00,1,0.09776761,1.2188993,0.10263571,0.06793996,0.13332364,0.4849529
2015-01-02 18:30:00,1,0.10374303,1.1941152,0.10313786,0.068115674,0.16767661,0.48830986
2015-01-02 19:00:00,1,0.10704878,1.1924655,0.10372576,0.06831681,0.19956128,0.49858418
2015-01-02 19:30:00,1,0.095707774,1.1364448,0.10386103,0.06838867,0.19639212,0.47889933
2015-01-02 20:00:00,1,0.08330647,1.0407362,0.10396882,0.06845279,0.15949166,0.43473223
2015-01-02 20:30:00,1,0.084048815,1.025141,0.10422125,0.068559416,0.17138499,0.4335824
2015-01-02 21:00:00,1,0.08421632,0.9643078,0.10449848,0.06867392,0.23653924,0.4351152
2015-01-02 21:30:00,1,0.08441207,0.9097774,0.1048731,0.0688164,0.08731586,0.36732212
2015-01-02 22:00:00,1,0.090355195,0.8803934,0.105569914,0.06904661,0.21021505,0.3987261
2015-01-02 22:30:00,1,0.092042804,0.8436556,0.106061205,0.06921701,0.20893252,0.38621643
2015-01-02 23:00:00,1,0.08582776,0.77660966,0.1063154,0.06931397,0.29041207,0.39111236
2015-01-02 23:30:00,1,0.091853715,0.72340953,0.10677332,0.069460906,0.061432127,0.297205
2015-01-03 00:00:00,1,0.08360087,0.6756122,0.107926354,0.06977352,0.21048495,0.33134118
2015-01-03 00:30:00,1,0.08520429,0.67946374,0.10828746,0.06988684,0.1199102,0.3025538
2015-01-03 01:00:00,1,0.08743183,0.6518638,0.10851799,0.069952734,0.1694091,0.3099303
2015-01-03 01:30:00,1,0.100748,0.63393676,0.108580336,0.06996465,0.19967686,0.31406465
2015-01-03 02:00:00,1,0.10381475,0.6126343,0.10855259,0.069946535,0.13023727,0.28380805
2015-01-03 02:30:00,1,0.11054085,0.5906,0.10843852,0.06989996,0.2431762,0.31407157
2015-01-03 03:00:00,1,0.12179621,0.58302903,0.10826983,0.06983439,0.39661777,0.36263886
2015-01-03 03:30:00,1,0.12272906,0.5880028,0.10798207,0.06973271,0.3579828,0.35132256
2015-01-03 04:00:00,1,0.12593928,0.58153427,0.10768769,0.06962509,0.2281499,0.30579063
2015-01-03 04:30:00,1,0.10689237,0.57347727,0.10696925,0.06940352,0.46586472,0.38210377
2015-01-03 05:00:00,0,0.11755653,0.56377923,0.10643384,0.069226824,0.33743018,0.33588108
2015-01-03 05:30:00,0,0.1108817,0.5599873,0.106014654,0.069078304,0.3242073,0.33006975
2015-01-03 06:00:00,0,0.1112278,0.55766344,0.10565493,0.06894308,0.44994897,0.37108913
2015-01-03 06:30:00,0,0.11215017,0.5605899,0.10541904,0.06883819,0.3755606,0.34718987
2015-01-03 07:00:00,0,0.112121336,0.56190014,0.105081595,0.06870451,0.7032378,0.4567398
2015-01-03 07:30:00,0,0.113357656,0.55120504,0.104871936,0.06860314,0.2910302,0.3157024
2015-01-03 08:00:00,0,0.113933966,0.51568544,0.10462269,0.06849033,0.33236697,0.31755838
2015-01-03 08:30:00,0,0.123863526,0.466928,0.10463454,0.06844728,0.38656515,0.3193759
2015-01-03 09:00:00,0,0.12109231,0.43136132,0.10457545,0.06838667,0.27276355,0.26956677
2015-01-03 09:30:00,0,0.111067064,0.393839,0.10463129,0.06835849,0.1793605,0.22594361
2015-01-03 10:00:00,0,0.10152955,0.37228692,0.10453638,0.06829235,0.16809504,0.21497278
2015-01-03 10:30:00,0,0.10327775,0.3552121,0.10465905,0.0682884,0.12544343,0.19510485
2015-01-03 11:00:00,0,0.104469106,0.33523536,0.10462056,0.06824439,0.1442156,0.19469051
2015-01-03 11:30:00,0,0.086660884,0.31851375,0.1048007,0.06826373,0.17518002,0.19949816
2015-01-03 12:00:00,0,0.084751226,0.3069893,0.10493885,0.06827716,0.15754068,0.18982296
2015-01-03 12:30:00,0,0.098872125,0.3055563,0.105209544,0.06833178,0.16736197,0.19270927
2015-01-03 13:00:00,0,0.10137751,0.30422068,0.105459616,0.06838445,0.42946467,0.27971497
2015-01-03 13:30:00,0,0.099097475,0.30761957,0.105553836,0.06839855,0.24807847,0.2204173
2015-01-03 14:00:00,0,0.101932906,0.3108878,0.10561608,0.0684078,0.17070591,0.1957366
2015-01-03 14:30:00,0,0.104488894,0.3109957,0.10575881,0.068443626,0.20619461,0.20764971
2015-01-03 15:00:00,0,0.1012607,0.31362498,0.10586426,0.06847389,0.15950161,0.19299693
2015-01-03 15:30:00,0,0.09646827,0.30608332,0.105811626,0.06846572,0.044154666,0.15201654
2015-01-03 16:00:00,0,0.092076264,0.3054241,0.10579867,0.06847182,0.15283388,0.18801887
2015-01-03 16:30:00,0,0.084713496,0.30860007,0.105589606,0.06842689,0.135876,0.18335521
2015-01-03 17:00:00,0,0.08576702,0.31095815,0.10596241,0.06854721,0.16675521,0.19455858
2015-01-03 17:30:00,0,0.10520191,0.3130827,0.10661033,0.06875085,0.19191739,0.20387013
2015-01-03 18:00:00,0,0.110561326,0.30934215,0.1071282,0.068921596,0.22460261,0.213691
2015-01-03 18:30:00,0,0.10601856,0.30635738,0.10767644,0.06910265,0.23654263,0.21685882
2015-01-03 19:00:00,0,0.10563232,0.29922628,0.10821043,0.06928331,0.31229776,0.2399115
2015-01-03 19:30:00,0,0.107489176,0.28543794,0.10844868,0.069382414,0.35871327,0.25086662
2015-01-03 20:00:00,0,0.08858507,0.27197635,0.108317405,0.0693789,0.10612534,0.1621397
2015-01-03 20:30:00,0,0.08392124,0.2584312,0.10843699,0.069443755,0.27053642,0.2124682
2015-01-03 21:00:00,0,0.09145835,0.23438382,0.10891012,0.069606796,0.16567571,0.16965656
2015-01-03 21:30:00,0,0.08936099,0.21192908,0.10918849,0.06971796,0.038952533,0.12002337
2015-01-03 22:00:00,0,0.09560996,0.19711494,0.10968275,0.06988705,0.14775197,0.15151656
2015-01-03 22:30:00,0,0.09772541,0.19247389,0.11000005,0.07000782,0.18461205,0.162362
2015-01-03 23:00:00,0,0.092825115,0.1777786,0.110270105,0.070110045,0.08406763,0.12403878
2015-01-03 23:30:00,0,0.10446534,0.16303957,0.11070711,0.07025053,0.12438792,0.13271153
2015-01-04 00:00:00,0,0.09142298,0.15054369,0.111551225,0.07043878,0.062809445,0.10830145
2015-01-04 00:30:00,0,0.08368129,0.15127456,0.111669585,0.07049158,0.2577252,0.17355645
2015-01-04 01:00:00,0,0.08619378,0.14825606,0.11182931,0.070543945,0.13796593,0.13268377
2015-01-04 01:30:00,0,0.103151634,0.143924,0.11178172,0.070536844,0.14046313,0.13205628
2015-01-04 02:00:00,0,0.10415658,0.14404285,0.11172849,0.070520654,0.33558688,0.1971194
2015-01-04 02:30:00,0,0.1193063,0.15377295,0.11151293,0.07045894,0.11140209,0.12556265
2015-01-04 03:00:00,0,0.122039914,0.16211498,0.11134248,0.070402436,0.18098257,0.15148002
2015-01-04 03:30:00,0,0.121466815,0.1660446,0.11113336,0.07033131,0.30218428,0.19312076
2015-01-04 04:00:00,0,0.11020734,0.16847527,0.11084108,0.07023571,0.48934,0.2562188
2015-01-04 04:30:00,0,0.11071928,0.1696254,0.110312216,0.07007602,0.21734378,0.16576047
2015-01-04 05:00:00,0,0.11961485,0.16957462,0.10987118,0.06993287,0.740665,0.34003696
2015-01-04 05:30:00,0,0.117539056,0.1691196,0.10950551,0.06980482,0.4288827,0.23583592
2015-01-04 06:00:00,0,0.113336585,0.16825628,0.10920227,0.0696886,0.500501,0.25931984
2015-01-04 06:30:00,0,0.119946636,0.16770923,0.10894972,0.06958233,0.3081812,0.19494672
2015-01-04 07:00:00,0,0.11861902,0.16650546,0.1086645,0.06946554,0.57864267,0.28460422
2015-01-04 07:30:00,0,0.1109241,0.16494906,0.10848252,0.06937233,0.2513696,0.17493372
2015-01-04 08:00:00,0,0.11608393,0.15901697,0.10827282,0.06927131,0.34712172,0.20480382
2015-01-04 08:30:00,0,0.109164886,0.1575352,0.10819845,0.06920416,0.28212297,0.18261887
2015-01-04 09:00:00,0,0.12409301,0.15575671,0.10808387,0.06912861,0.5454229,0.2697545
2015-01-04 09:30:00,0,0.12385172,0.15671849,0.10803527,0.06907193,0.25958636,0.17478006
2015-01-04 10:00:00,0,0.11229023,0.15742004,0.108033724,0.06902944,0.073921695,0.113125145
2015-01-04 10:30:00,0,0.10190971,0.15915787,0.10815535,0.06902254,0.17860466,0.14863929
2015-01-04 11:00:00,0,0.09990017,0.16357064,0.108046286,0.06896104,0.11563123,0.12908272
2015-01-04 11:30:00,0,0.101474784,0.1691345,0.10800857,0.06892114,0.18830666,0.1551499
2015-01-04 12:00:00,0,0.09028192,0.1718998,0.10798836,0.068890296,0.07482223,0.1182368
2015-01-04 12:30:00,0,0.08926062,0.17193973,0.10798284,0.06886855,0.05642943,0.11211733
2015-01-04 13:00:00,0,0.08588933,0.16763723,0.10795028,0.06884524,0.15756162,0.14438303
2015-01-04 13:30:00,0,0.090443365,0.16392028,0.10784508,0.06880763,0.07394465,0.11523667
2015-01-04 14:00:00,0,0.090018004,0.15704238,0.10781608,0.068793826,0.18864983,0.15116943
2015-01-04 14:30:00,0,0.08587616,0.1505673,0.10787132,0.068807304,0.15831442,0.13891768
2015-01-04 15:00:00,0,0.092308946,0.14516509,0.10777864,0.06878791,0.13132098,0.12808824
2015-01-04 15:30:00,0,0.09011346,0.14121842,0.10795081,0.06884096,0.27568498,0.17495139
2015-01-04 16:00:00,0,0.09110623,0.13966262,0.10802079,0.06887339,0.09874377,0.11547572
2015-01-04 16:30:00,0,0.08750635,0.1392051,0.108123064,0.06891617,0.26943764,0.17225528
2015-01-04 17:00:00,0,0.09046238,0.13970184,0.10827141,0.068975195,0.16475776,0.13757701
2015-01-04 17:30:00,0,0.08810031,0.14463556,0.108553834,0.06907428,0.22340178,0.15886372
2015-01-04 18:00:00,0,0.09066184,0.15328848,0.108766355,0.06915954,0.078182556,0.11341246
2015-01-04 18:30:00,0,0.089544,0.16128457,0.10907318,0.06927254,0.18350387,0.1512872
2015-01-04 19:00:00,0,0.10330969,0.17345524,0.10908174,0.06931215,0.17456472,0.15236723
2015-01-04 19:30:00,0,0.0844903,0.179443,0.109810196,0.06954034,0.1668696,0.15204094
2015-01-04 20:00:00,0,0.09017814,0.18376493,0.10998485,0.06962765,0.11084141,0.13486373
2015-01-04 20:30:00,0,0.10046572,0.18655968,0.11003919,0.06968123,0.16816074,0.15491986
2015-01-04 21:00:00,0,0.11014331,0.20096219,0.10992894,0.069693856,0.2205477,0.17714627
2015-01-04 21:30:00,0,0.11100261,0.20442867,0.11025781,0.06981787,0.13035804,0.14834817
2015-01-04 22:00:00,0,0.10894606,0.20875418,0.11036246,0.06988752,0.17108181,0.16339949
2015-01-04 22:30:00,0,0.12187613,0.20689285,0.110403076,0.06993887,0.14436387,0.1538866
2015-01-04 23:00:00,0,0.122995526,0.1991477,0.11042,0.069981106,0.37295392,0.22750719
2015-01-04 23:30:00,0,0.12223273,0.19751728,0.11045704,0.070024334,0.38063017,0.22953482
2015-01-05 00:00:00,0,0.10944622,0.1871953,0.11078784,0.07009976,0.49431634,0.26409984
2015-01-05 00:30:00,0,0.12351203,0.16695929,0.11089274,0.0701552,0.2791845,0.18567884
2015-01-05 01:00:00,0,0.10914132,0.15594077,0.11078386,0.070154555,0.35753414,0.20808625
2015-01-05 01:30:00,0,0.12049492,0.14330316,0.11071374,0.07015531,0.2941355,0.18271749
2015-01-05 02:00:00,0,0.113815844,0.12941682,0.11064272,0.07014948,0.6105072,0.28352225
2015-01-05 02:30:00,0,0.12394845,0.11441076,0.11052984,0.070125535,0.37371176,0.1995508
2015-01-05 03:00:00,0,0.21639617,0.10774279,0.11037913,0.07008503,0.41572797,0.21128328
2015-01-05 03:30:00,0,0.19900851,0.10140967,0.110277645,0.07004844,0.85026467,0.353984
2015-01-05 04:00:00,0,0.15991385,0.10067344,0.11017137,0.07000382,0.36704472,0.19262986
2015-01-05 04:30:00,0,0.16849549,0.09451079,0.11001891,0.06994039,0.5564206,0.2536501
2015-01-05 05:00:00,0,0.1153919,0.096922636,0.109920695,0.069882736,0.33411813,0.18032049
2015-01-05 05:30:00,0,0.11472675,0.096184015,0.109928854,0.069844455,0.15595046,0.120687775
2015-01-05 06:00:00,0,0.11407571,0.09494269,0.110053696,0.06982965,0.1296095,0.11153529
2015-01-05 06:30:00,0,0.1182715,0.0942055,0.11041618,0.0698699,0.21454377,0.13972181
2015-01-05 07:00:00,0,0.099350624,0.092095494,0.110725954,0.06989767,0.14784905,0.11689017
2015-01-05 07:30:00,0,0.089420795,0.08817577,0.11096785,0.06990922,0.09784566,0.09899642
2015-01-05 08:00:00,0,0.08464897,0.08346081,0.111026786,0.06987543,0.18208095,0.12552285
2015-01-05 08:30:00,0,0.083960526,0.08120203,0.11095475,0.06981005,0.24602224,0.14605968
2015-01-05 09:00:00,0,0.08530439,0.081498146,0.11068581,0.06969553,0.063490406,0.085224785
2015-01-05 09:30:00,0,0.100875795,0.083792925,0.11019514,0.06952521,0.12791944,0.107302494
2015-01-05 10:00:00,0,0.103836074,0.0899477,0.109693415,0.06935433,0.1921196,0.1305869
2015-01-05 10:30:00,0,0.10036215,0.0980252,0.10942116,0.06924625,0.1666656,0.12470398
2015-01-05 11:00:00,0,0.10273631,0.105884194,0.10912522,0.06913809,0.060180824,0.09173008
2015-01-05 11:30:00,0,0.0990796,0.1106354,0.10896557,0.06906873,0.12255388,0.11405162
2015-01-05 12:00:00,0,0.10319756,0.11429644,0.10882987,0.069010735,0.21379371,0.14564
2015-01-05 12:30:00,0,0.10160258,0.12100339,0.10863737,0.06894323,0.062360402,0.09733372
2015-01-05 13:00:00,0,0.10060676,0.12892759,0.10847803,0.06888845,0.33428985,0.19056515
2015-01-05 13:30:00,0,0.10012294,0.13223493,0.108436085,0.06886771,0.035445,0.09203867
2015-01-05 14:00:00,0,0.0901322,0.13614023,0.10847778,0.06887343,0.06906539,0.10456113
2015-01-05 14:30:00,0,0.08494182,0.14207685,0.10865759,0.068920225,0.21575658,0.15549701
2015-01-05 15:00:00,0,0.08532275,0.14518464,0.108825885,0.068968564,0.25175932,0.16858995
2015-01-05 15:30:00,0,0.08772475,0.15190291,0.10881337,0.06897547,0.15907122,0.13992918
2015-01-05 16:00:00,0,0.09243734,0.1583041,0.1087519,0.06897301,0.1009623,0.12267277
2015-01-05 16:30:00,0,0.10006275,0.16570008,0.10874783,0.068989344,0.29650447,0.19031747
2015-01-05 17:00:00,0,0.08465617,0.16523075,0.109173946,0.0691204,0.11536789,0.1299242
2015-01-05 17:30:00,0,0.08972669,0.15721858,0.109696254,0.06928374,0.11840419,0.12843968
2015-01-05 18:00:00,0,0.101925865,0.14024615,0.11026125,0.06946279,0.18492237,0.14514326
2015-01-05 18:30:00,0,0.10513474,0.12516284,0.1106226,0.06959287,0.16352648,0.13310397
2015-01-05 19:00:00,0,0.10599044,0.096077204,0.1109198,0.06970456,0.29211843,0.16637181
2015-01-05 19:30:00,0,0.09909911,0.09525728,0.11105092,0.06977646,0.29292184,0.16641001
2015-01-05 20:00:00,0,0.09023827,0.09709942,0.111145094,0.06983815,0.19071074,0.13298509
2015-01-05 20:30:00,0,0.083068475,0.09966135,0.111199394,0.06989,0.09790649,0.10292241
2015-01-05 21:00:00,0,0.0866344,0.08224511,0.11135849,0.06996724,0.18059833,0.124733984
2015-01-05 21:30:00,0,0.09061461,0.08603394,0.11143967,0.07002721,0.19616526,0.13121296
2015-01-05 22:00:00,0,0.10310772,0.09233856,0.11148267,0.07007651,0.26126075,0.15502733
2015-01-05 22:30:00,0,0.10321427,0.09155202,0.1115471,0.070129395,0.12746115,0.110186756
2015-01-05 23:00:00,0,0.1075744,0.08034861,0.11157126,0.070170365,0.21665412,0.13619132
2015-01-05 23:30:00,0,0.12289647,0.08490503,0.111531496,0.07019259,0.067087315,0.08784128
2015-01-06 00:00:00,0,0.12407006,0.0848428,0.11115438,0.07011766,0.28160042,0.1591992
2015-01-06 00:30:00,0,0.12332445,0.08457947,0.110930555,0.0700814,0.20589636,0.13380213
2015-01-06 01:00:00,0,0.10748568,0.08239031,0.11069343,0.07004034,0.2367965,0.14329341
2015-01-06 01:30:00,0,0.116167635,0.08234358,0.110491805,0.070005156,0.27371043,0.15551527
2015-01-06 02:00:00,0,0.11400359,0.08279979,0.110337205,0.069976516,0.27881107,0.15731601
2015-01-06 02:30:00,0,0.12246442,0.08250451,0.110174604,0.06994001,0.75677174,0.31648362
2015-01-06 03:00:00,0,0.19829902,0.08256972,0.10999922,0.06989351,0.314389,0.16898596
2015-01-06 03:30:00,0,0.21306406,0.082569,0.10985255,0.069846734,0.8020384,0.33148664
2015-01-06 04:00:00,0,0.17946018,0.08253729,0.10971783,0.06979598,0.30561084,0.16595532
2015-01-06 04:30:00,0,0.1898564,0.082035065,0.10953604,0.06972733,0.41815287,0.20324133
2015-01-06 05:00:00,0,0.12888363,0.08135259,0.10937452,0.06965699,0.31543344,0.16872019
2015-01-06 05:30:00,0,0.111195765,0.07923019,0.10938306,0.06962112,0.36373934,0.18411754
2015-01-06 06:00:00,0,0.122909345,0.07899833,0.109433025,0.06959086,0.29609418,0.16150852
2015-01-06 06:30:00,0,0.11094947,0.079045415,0.10982479,0.06964169,0.047116283,0.078662165
2015-01-06 07:00:00,0,0.10088172,0.0828799,0.110039964,0.0696512,0.16194962,0.11828983
2015-01-06 07:30:00,0,0.0835756,0.08264089,0.11040471,0.0696995,0.17036209,0.12113589
2015-01-06 08:00:00,0,0.09381176,0.0863899,0.1105178,0.06968784,0.13214242,0.10968337
2015-01-06 08:30:00,0,0.09813607,0.08412421,0.110413894,0.069621064,0.13462143,0.10971984
2015-01-06 09:00:00,0,0.08399348,0.08517599,0.10999122,0.069471814,0.15224543,0.11580422
2015-01-06 09:30:00,0,0.08703262,0.08102083,0.1094988,0.06930353,0.20900677,0.13317548
2015-01-06 10:00:00,0,0.0998024,0.078924894,0.10894615,0.06912168,0.073358335,0.087076455
2015-01-06 10:30:00,0,0.10225098,0.07715738,0.10859623,0.068995446,0.09278591,0.09284651
2015-01-06 11:00:00,0,0.0985274,0.08015931,0.1082171,0.06886733,0.2654279,0.1512681
2015-01-06 11:30:00,0,0.104332484,0.08107889,0.10808651,0.06880687,0.1857131,0.1249595
2015-01-06 12:00:00,0,0.096235685,0.08067858,0.10793513,0.06874719,0.18792947,0.12551439
2015-01-06 12:30:00,0,0.09974315,0.081665754,0.107719935,0.06867538,0.04705873,0.078814805
2015-01-06 13:00:00,0,0.10242117,0.08506155,0.107504584,0.06860709,0.06803936,0.086868495
2015-01-06 13:30:00,0,0.09657927,0.0867331,0.10749578,0.06859578,0.044712007,0.07964697
2015-01-06 14:00:00,0,0.09129732,0.09112728,0.107467756,0.06858498,0.16176017,0.1201184
2015-01-06 14:30:00,0,0.08297361,0.09187746,0.10766565,0.068637356,0.057475217,0.08567277
2015-01-06 15:00:00,0,0.08425393,0.09188759,0.10775084,0.068667054,0.061547033,0.08706182
2015-01-06 15:30:00,0,0.08958846,0.09163582,0.107725844,0.06867214,0.24237531,0.14724566
2015-01-06 16:00:00,0,0.09837708,0.090149164,0.10758529,0.06865101,0.26989827,0.15587758
2015-01-06 16:30:00,0,0.09891455,0.086146474,0.107644275,0.06868413,0.11562265,0.1031378
2015-01-06 17:00:00,0,0.087450065,0.08587968,0.107961364,0.06878988,0.20692053,0.1335872
2015-01-06 17:30:00,0,0.08789807,0.09010589,0.10845964,0.068949126,0.20640182,0.13498913
2015-01-06 18:00:00,0,0.1040216,0.08890915,0.10909032,0.06914976,0.21944536,0.13914828
2015-01-06 18:30:00,0,0.10511,0.09134185,0.109547354,0.0693095,0.156583,0.119157396
2015-01-06 19:00:00,0,0.10558359,0.093976974,0.10980161,0.06941756,0.21679522,0.14019127
2015-01-06 19:30:00,0,0.10276317,0.10117388,0.10994626,0.06949659,0.20207602,0.13773204
2015-01-06 20:00:00,0,0.09629284,0.1055038,0.11016355,0.06959501,0.21874641,0.14480458
2015-01-06 20:30:00,0,0.09093514,0.10781157,0.11032842,0.0696802,0.09638324,0.104841076
2015-01-06 21:00:00,0,0.0900555,0.11359072,0.11057439,0.06978721,0.12648629,0.11688379
2015-01-06 21:30:00,0,0.09343676,0.11307812,0.11079768,0.06988806,0.11963859,0.11450479
2015-01-06 22:00:00,0,0.085735604,0.115296006,0.11080555,0.069931574,0.14985177,0.12531777
2015-01-06 22:30:00,0,0.09650322,0.13493109,0.110754855,0.069957085,0.07832981,0.10800525
2015-01-06 23:00:00,0,0.103445284,0.14932823,0.11066309,0.06997007,0.067279585,0.1090903
2015-01-06 23:30:00,0,0.11287832,0.15453053,0.11055847,0.069979325,0.10151191,0.12220031
2015-01-07 00:00:00,0,0.12077186,0.15972042,0.1093615,0.06973427,0.08444066,0.117840864
2015-01-07 00:30:00,0,0.10962522,0.15939021,0.108883485,0.06962887,0.1943733,0.15421568
2015-01-07 01:00:00,0,0.11514334,0.1590501,0.10852301,0.06955551,0.4790651,0.24887939
2015-01-07 01:30:00,0,0.11502293,0.1596837,0.10818709,0.06948685,0.38745826,0.21844302
2015-01-07 02:00:00,0,0.12055498,0.16030324,0.1079187,0.06942991,0.47500235,0.24774142
2015-01-07 02:30:00,0,0.1204852,0.16062474,0.10765786,0.06936817,0.44276702,0.23701654
2015-01-07 03:00:00,0,0.13952278,0.16068637,0.10742174,0.069305375,0.3972829,0.221797
2015-01-07 03:30:00,0,0.18381062,0.1610508,0.10718767,0.0692361,0.31837884,0.19553912
2015-01-07 04:00:00,0,0.15464942,0.16115296,0.10699453,0.06917026,0.4219402,0.23002923
2015-01-07 04:30:00,0,0.16859822,0.16114426,0.10675553,0.069086164,0.37311712,0.2136723
2015-01-07 05:00:00,0,0.13786156,0.16119134,0.10652559,0.06899782,0.55351967,0.27374554
2015-01-07 05:30:00,0,0.11433027,0.16115618,0.10648707,0.06895254,0.38237536,0.21667285
2015-01-07 06:00:00,0,0.12054592,0.16168845,0.106556304,0.06892942,0.24579065,0.17134513
2015-01-07 06:30:00,0,0.10901241,0.16093314,0.10700939,0.06900425,0.15949707,0.14247985
2015-01-07 07:00:00,0,0.09788742,0.15992177,0.10732811,0.06904456,0.17629398,0.14784795
2015-01-07 07:30:00,0,0.0840166,0.16039884,0.10770625,0.06910297,0.21454747,0.16088419
2015-01-07 08:00:00,0,0.09542667,0.16149032,0.10783512,0.06909763,0.10307705,0.12413416
2015-01-07 08:30:00,0,0.10418951,0.16478395,0.10779493,0.06904913,0.1923805,0.15498646
2015-01-07 09:00:00,0,0.09086517,0.16590989,0.10737185,0.06889842,0.19699088,0.15675755
2015-01-07 09:30:00,0,0.08515493,0.16547859,0.106877424,0.06872645,0.16481745,0.14572449
2015-01-07 10:00:00,0,0.08878371,0.16227925,0.10621677,0.068511926,0.17522615,0.14790739
2015-01-07 10:30:00,0,0.08904566,0.15681791,0.10590261,0.06839437,0.12347562,0.12873204
2015-01-07 11:00:00,0,0.09588759,0.1498791,0.10544356,0.06824318,0.24349676,0.16627313
2015-01-07 11:30:00,0,0.08413379,0.1418668,0.10541815,0.06821321,0.124812715,0.12403256
2015-01-07 12:00:00,0,0.08492911,0.1369785,0.10519059,0.06813492,0.06441912,0.102196075
2015-01-07 12:30:00,0,0.0870995,0.13027334,0.10503466,0.06807919,0.026311157,0.087206386
2015-01-07 13:00:00,0,0.08566136,0.11949897,0.104830936,0.068013735,0.141887,0.1220723
2015-01-07 13:30:00,0,0.08560996,0.10742414,0.10486714,0.0680176,0.1124511,0.10824746
2015-01-07 14:00:00,0,0.08369382,0.0962528,0.10481362,0.06800124,0.1804536,0.12717335
2015-01-07 14:30:00,0,0.08604978,0.09480643,0.104996994,0.0680545,0.24141295,0.14707212
2015-01-07 15:00:00,0,0.08974611,0.099564075,0.10511579,0.06809544,0.039235156,0.08130501
2015-01-07 15:30:00,0,0.085116364,0.10353804,0.10494467,0.068061575,0.18342559,0.1306361
2015-01-07 16:00:00,0,0.087094076,0.109433174,0.10488934,0.0680619,0.11290036,0.109074295
2015-01-07 16:30:00,0,0.08833117,0.10932684,0.1048148,0.06806183,0.13415228,0.116097964
2015-01-07 17:00:00,0,0.083178096,0.109119415,0.105241306,0.06820323,0.1398426,0.11806777
2015-01-07 17:30:00,0,0.10432271,0.10370433,0.10605582,0.068457805,0.10129721,0.10368579
2015-01-07 18:00:00,0,0.10833287,0.10317981,0.10674161,0.06868488,0.17662697,0.12884946
2015-01-07 18:30:00,0,0.117314234,0.10191965,0.10724894,0.06886598,0.40064764,0.20327206
2015-01-07 19:00:00,0,0.12293107,0.09605646,0.10771693,0.06903771,0.22001436,0.14126259
2015-01-07 19:30:00,0,0.11546504,0.08617985,0.10796393,0.06914889,0.27316248,0.15576875
2015-01-07 20:00:00,0,0.10728257,0.07889271,0.10811866,0.06923494,0.2893889,0.15880008
2015-01-07 20:30:00,0,0.106211685,0.066218376,0.108222954,0.06930687,0.15954892,0.11133009
2015-01-07 21:00:00,0,0.10792813,0.054841638,0.10858309,0.06944902,0.47569263,0.21303912
2015-01-07 21:30:00,0,0.10802305,0.047510743,0.10878487,0.06954966,0.2329859,0.1297605
2015-01-07 22:00:00,0,0.10452937,0.03927183,0.109004624,0.069651216,0.16271037,0.103662275
2015-01-07 22:30:00,0,0.08380231,0.034509897,0.10884543,0.06964791,0.03448105,0.05927879
2015-01-07 23:00:00,0,0.08960302,0.034000397,0.108557805,0.06960639,0.09921611,0.08059144
2015-01-07 23:30:00,0,0.111554384,0.033917904,0.10825963,0.069564946,0.35901016,0.16706257
2015-01-08 00:00:00,0,0.12098561,0.03513229,0.10700826,0.06930541,0.2392815,0.12714069
2015-01-08 00:30:00,0,0.12115322,0.03554368,0.10634777,0.069148235,0.13394317,0.09194487
2015-01-08 01:00:00,0,0.12048176,0.03721118,0.105852574,0.06903539,0.413381,0.1854816
2015-01-08 01:30:00,0,0.105952054,0.03827858,0.10545593,0.06894626,0.49396187,0.21256547
2015-01-08 02:00:00,0,0.11946873,0.038505077,0.10513841,0.068873525,0.47325817,0.20563388
2015-01-08 02:30:00,0,0.11253736,0.03854859,0.104863346,0.06880578,0.44540253,0.1962715
2015-01-08 03:00:00,0,0.1377309,0.038713574,0.10458289,0.068729855,0.2934585,0.14558499
2015-01-08 03:30:00,0,0.13873324,0.03883791,0.1043692,0.06866391,0.5015259,0.21491098
2015-01-08 04:00:00,0,0.14516903,0.038958073,0.104149714,0.06858954,0.442057,0.19505493
2015-01-08 04:30:00,0,0.17697954,0.03907168,0.10387657,0.068494245,0.20237127,0.1151065
2015-01-08 05:00:00,0,0.13728876,0.03935957,0.10363835,0.068401486,0.5336508,0.22554958
2015-01-08 05:30:00,0,0.10875924,0.039440393,0.10364845,0.06836859,0.7659181,0.30300233
2015-01-08 06:00:00,0,0.10975717,0.04067135,0.103746794,0.06835352,0.168637,0.10435172
2015-01-08 06:30:00,0,0.10338497,0.040970445,0.10428083,0.068453535,0.20048162,0.1152443
2015-01-08 07:00:00,0,0.090490684,0.039505005,0.104696,0.06852221,0.12552157,0.08990753
2015-01-08 07:30:00,0,0.09664071,0.039933085,0.10522339,0.0686249,0.36098212,0.16871285
2015-01-08 08:00:00,0,0.10360921,0.041252136,0.10541172,0.0686373,0.34161666,0.16276018
2015-01-08 08:30:00,0,0.109658174,0.04350567,0.10532442,0.06857473,0.18019217,0.10967409
2015-01-08 09:00:00,0,0.09529819,0.044235826,0.10488755,0.06841373,0.28301182,0.14404507
2015-01-08 09:30:00,0,0.09133066,0.04535985,0.10446839,0.06825838,0.20925784,0.119695365
2015-01-08 10:00:00,0,0.08436767,0.04520583,0.10385345,0.06805054,0.09252658,0.08052862
2015-01-08 10:30:00,0,0.08452783,0.04590392,0.10353393,0.06792999,0.31815925,0.1558657
2015-01-08 11:00:00,0,0.08740023,0.044700384,0.10299664,0.0677537,0.23114328,0.12628011
2015-01-08 11:30:00,0,0.08350853,0.044235587,0.10296834,0.06772482,0.18722667,0.11147686
2015-01-08 12:00:00,0,0.08403871,0.043840647,0.10282282,0.067668624,0.11385291,0.08683879
2015-01-08 12:30:00,0,0.08488638,0.045007348,0.102493,0.06756543,0.13145402,0.092984796
2015-01-08 13:00:00,0,0.08728211,0.04503846,0.1023034,0.067503676,0.23620607,0.12784931
2015-01-08 13:30:00,0,0.086027674,0.045460224,0.1022792,0.06749316,0.10173774,0.08315905
2015-01-08 14:00:00,0,0.08498076,0.0454942,0.102263555,0.067488216,0.19841893,0.11539223
2015-01-08 14:30:00,0,0.09314799,0.044430733,0.10260397,0.06758787,0.126395,0.09114323
2015-01-08 15:00:00,0,0.09562984,0.047663808,0.10277373,0.067645125,0.22530545,0.12524766
2015-01-08 15:30:00,0,0.08437629,0.054553628,0.1026442,0.0676205,0.20284852,0.12001545
2015-01-08 16:00:00,0,0.08723173,0.05527997,0.10242454,0.06757491,0.2621576,0.13995403
2015-01-08 16:30:00,0,0.09483097,0.054848075,0.10223759,0.06754209,0.12928599,0.09545722
2015-01-08 17:00:00,0,0.08293676,0.055171728,0.10269861,0.067696676,0.34496298,0.1676111
2015-01-08 17:30:00,0,0.10384255,0.054456115,0.10344966,0.06794173,0.0991968,0.08570086
2015-01-08 18:00:00,0,0.10993617,0.05453968,0.10416192,0.06818258,0.10712433,0.088608645
2015-01-08 18:30:00,0,0.12004458,0.055012465,0.104725845,0.06838476,0.25593355,0.13855729
2015-01-08 19:00:00,0,0.11986524,0.056417584,0.10518275,0.068559244,0.3737184,0.17843957
2015-01-08 19:30:00,0,0.12265575,0.056612134,0.105493136,0.06869234,0.24980243,0.13730256
2015-01-08 20:00:00,0,0.11660782,0.056812882,0.10576602,0.068814285,0.18055013,0.114376344
2015-01-08 20:30:00,0,0.10750038,0.055033445,0.10597508,0.06891629,0.13541566,0.09880806
2015-01-08 21:00:00,0,0.10787794,0.056462646,0.10628742,0.06904863,0.48548156,0.21607721
2015-01-08 21:30:00,0,0.10760657,0.058623314,0.106652796,0.06919448,0.1114366,0.09223757
2015-01-08 22:00:00,0,0.108205125,0.061424136,0.10696771,0.06932542,0.24149056,0.13662748
2015-01-08 22:30:00,0,0.10430994,0.06039393,0.10709857,0.069399014,0.15975706,0.1090832
2015-01-08 23:00:00,0,0.09159451,0.058867455,0.10697804,0.06939629,0.16544329,0.110429585
2015-01-08 23:30:00,0,0.0913022,0.069004536,0.10661674,0.06932545,0.18764225,0.12108784
2015-01-09 00:00:00,0,0.10238478,0.07954371,0.10631389,0.06929216,0.1641442,0.11666727
2015-01-09 00:30:00,0,0.1196593,0.087729216,0.1059169,0.069202505,0.17826301,0.12396971
2015-01-09 01:00:00,0,0.122046724,0.09308803,0.10556278,0.06912012,0.25425804,0.15096961
2015-01-09 01:30:00,0,0.12361329,0.09712827,0.10520195,0.06903251,0.20203094,0.13478707
2015-01-09 02:00:00,0,0.11489748,0.09829056,0.10497697,0.06897673,0.22931454,0.14419402
2015-01-09 02:30:00,0,0.11567276,0.10029113,0.10469907,0.06890136,0.5859106,0.2636336
2015-01-09 03:00:00,0,0.12256184,0.10131097,0.10446523,0.06883107,0.36705926,0.19094515
2015-01-09 03:30:00,0,0.11184486,0.10274124,0.10422026,0.068751484,0.56827307,0.25841153
2015-01-09 04:00:00,0,0.11223572,0.10346317,0.104007475,0.0686741,0.48292884,0.23013318
2015-01-09 04:30:00,0,0.12448663,0.10450697,0.10370079,0.068565324,0.35740355,0.1885371
2015-01-09 05:00:00,0,0.119587906,0.10487461,0.103465766,0.068469375,0.68953574,0.29929206
2015-01-09 05:30:00,0,0.11161299,0.10657084,0.10342069,0.06841933,0.6572712,0.28908756
2015-01-09 06:00:00,0,0.123406515,0.10850394,0.10344954,0.06838361,0.6427669,0.28490677
2015-01-09 06:30:00,0,0.10888636,0.109645605,0.103962824,0.06847759,0.089235835,0.10094809
2015-01-09 07:00:00,0,0.099410914,0.11890566,0.10419533,0.06849525,0.22273369,0.14861156
2015-01-09 07:30:00,0,0.09622278,0.12808108,0.10420344,0.068454094,0.22896466,0.15374972
2015-01-09 08:00:00,0,0.0935101,0.13837373,0.10400432,0.06835728,0.15670153,0.13302653
2015-01-09 08:30:00,0,0.08956804,0.14264393,0.10383174,0.06826928,0.08399561,0.110157095
2015-01-09 09:00:00,0,0.08862276,0.14706528,0.103625596,0.06817257,0.14171357,0.13080148
2015-01-09 09:30:00,0,0.08971455,0.14284003,0.10338993,0.06807035,0.06773935,0.104656436
2015-01-09 10:00:00,0,0.09273197,0.1455319,0.10300016,0.06792639,0.28571665,0.1780829
2015-01-09 10:30:00,0,0.090652436,0.14937735,0.10273319,0.067821205,0.055923466,0.102678
2015-01-09 11:00:00,0,0.09873685,0.1533699,0.10236497,0.06768965,0.23104444,0.16225977
2015-01-09 11:30:00,0,0.090623386,0.15788114,0.10229257,0.06764644,0.18802263,0.14939879
2015-01-09 12:00:00,0,0.08912029,0.16182804,0.102131695,0.06758399,0.06924186,0.1110672
2015-01-09 12:30:00,0,0.08991809,0.16293192,0.101979405,0.06752657,0.18355967,0.14949034
2015-01-09 13:00:00,0,0.0880775,0.16139615,0.10191269,0.06749651,0.13796932,0.13375938
2015-01-09 13:30:00,0,0.08606286,0.16094327,0.10187563,0.06747922,0.2841663,0.1823284
2015-01-09 14:00:00,0,0.08438014,0.15945935,0.10198915,0.067507066,0.15931816,0.14025556
2015-01-09 14:30:00,0,0.08933379,0.15604115,0.10226184,0.06758598,0.08852086,0.11560795
2015-01-09 15:00:00,0,0.0823507,0.14380348,0.10229215,0.06760183,0.09719875,0.11443146
2015-01-09 15:30:00,0,0.08347686,0.13693798,0.1022712,0.06760636,0.1277534,0.12232086
2015-01-09 16:00:00,0,0.08956088,0.13231587,0.10210161,0.06757262,0.1925713,0.14232959
2015-01-09 16:30:00,0,0.0957624,0.13225889,0.102059245,0.067577235,0.14460179,0.12630664
2015-01-09 17:00:00,0,0.08459745,0.13022065,0.10264151,0.0677639,0.11910971,0.11732396
2015-01-09 17:30:00,0,0.10224453,0.12768817,0.103459015,0.06802486,0.14175484,0.12430068
2015-01-09 18:00:00,0,0.11678769,0.12713504,0.1043132,0.06830247,0.2430932,0.15818048
2015-01-09 18:30:00,0,0.14497273,0.12792242,0.10508761,0.06856067,0.21773195,0.15024732
2015-01-09 19:00:00,0,0.19774349,0.12625933,0.10575367,0.06878939,0.19020154,0.14073817
2015-01-09 19:30:00,0,0.21754529,0.13201356,0.1063035,0.06898436,0.4354077,0.22457492
2015-01-09 20:00:00,0,0.12036616,0.12888074,0.106449865,0.06906284,0.046948846,0.09409315
2015-01-09 20:30:00,0,0.106152795,0.120292544,0.10653583,0.06912153,0.19910532,0.14197789
2015-01-09 21:00:00,0,0.10672466,0.11505759,0.10689259,0.06925715,0.08334317,0.10176445
2015-01-09 21:30:00,0,0.10891867,0.111144066,0.10727999,0.06940264,0.27727738,0.1652338
2015-01-09 22:00:00,0,0.11533338,0.1087811,0.107818395,0.06958972,0.058154587,0.09158469
2015-01-09 22:30:00,0,0.118784234,0.10612917,0.10830662,0.069759764,0.23241514,0.14895031
2015-01-09 23:00:00,0,0.11894833,0.09831929,0.10869418,0.06989602,0.30607197,0.17102848
2015-01-09 23:30:00,0,0.12243454,0.083931565,0.109045506,0.07001289,0.33824253,0.1770732
2015-01-10 00:00:00,0,0.1147082,0.07661581,0.110135585,0.0702989,0.37435582,0.18703574
2015-01-10 00:30:00,0,0.10892527,0.06507087,0.110414065,0.0703847,0.30982262,0.16176918
2015-01-10 01:00:00,0,0.09601893,0.055673003,0.11043522,0.07038919,0.20294209,0.123016775
2015-01-10 01:30:00,0,0.08449772,0.048181057,0.11036985,0.07036197,0.16740425,0.10865172
2015-01-10 02:00:00,0,0.08709988,0.04461515,0.11027569,0.07032246,0.24837987,0.13442357
2015-01-10 02:30:00,0,0.10008837,0.04347968,0.10998626,0.070227705,0.19939727,0.117621064
2015-01-10 03:00:00,0,0.10387563,0.04197347,0.10963348,0.07011259,0.1723416,0.10798285
2015-01-10 03:30:00,0,0.12015642,0.04136145,0.10928136,0.06999452,0.30490682,0.15184988
2015-01-10 04:00:00,0,0.12275753,0.043434978,0.10889467,0.06986524,0.22291301,0.12508088
2015-01-10 04:30:00,0,0.11254042,0.045081973,0.10810359,0.06962917,0.36262947,0.17193834
2015-01-10 05:00:00,0,0.11918628,0.044979453,0.10751205,0.06943974,0.18217887,0.11155679
2015-01-10 05:30:00,0,0.117317304,0.04550922,0.10701891,0.06927377,0.26261204,0.13838007
2015-01-10 06:00:00,0,0.12141266,0.046786666,0.10665378,0.069137506,0.42339456,0.19227834
2015-01-10 06:30:00,0,0.11000228,0.04298687,0.10638455,0.06902613,0.43752807,0.19563317
2015-01-10 07:00:00,0,0.11839019,0.041300535,0.10611031,0.0689124,0.34446725,0.16395937
2015-01-10 07:30:00,0,0.110235386,0.039089203,0.106006056,0.06884192,0.19195843,0.11235123
2015-01-10 08:00:00,0,0.119829506,0.04176593,0.10573744,0.06872743,0.20988157,0.11912832
2015-01-10 08:30:00,0,0.112066604,0.047210813,0.10592174,0.06873228,0.1729505,0.10869435
2015-01-10 09:00:00,0,0.102661334,0.047756195,0.10598876,0.06870822,0.201472,0.11840566
2015-01-10 09:30:00,0,0.085516304,0.047332525,0.106286444,0.06874816,0.124612525,0.09274384
2015-01-10 10:00:00,0,0.08519865,0.043722987,0.106173106,0.068679765,0.33051452,0.16013686
2015-01-10 10:30:00,0,0.09003779,0.04321456,0.106373966,0.06869818,0.11763785,0.08907545
2015-01-10 11:00:00,0,0.09579573,0.042411566,0.10644612,0.06868515,0.27068895,0.13984887
2015-01-10 11:30:00,0,0.10494603,0.042069197,0.106778465,0.068747774,0.17205311,0.106966935
2015-01-10 12:00:00,0,0.10562676,0.041722894,0.10682119,0.0687363,0.23849554,0.1290132
2015-01-10 12:30:00,0,0.10490588,0.04215586,0.10697398,0.06875725,0.21579514,0.12164166
2015-01-10 13:00:00,0,0.10672952,0.04294896,0.1068884,0.06871743,0.23835146,0.12939627
2015-01-10 13:30:00,0,0.10452183,0.043366075,0.10680655,0.06868113,0.2732462,0.14113961
2015-01-10 14:00:00,0,0.102878615,0.043480515,0.10665012,0.06862869,0.16040315,0.10351125
2015-01-10 14:30:00,0,0.10716149,0.04479885,0.106810644,0.06866872,0.24973682,0.1337821
2015-01-10 15:00:00,0,0.10653611,0.048147082,0.10702218,0.0687292,0.09287175,0.08268034
2015-01-10 15:30:00,0,0.10900626,0.0556736,0.10729974,0.068813026,0.19415915,0.11904416
2015-01-10 16:00:00,0,0.105397426,0.06487203,0.10732879,0.06883187,0.15474945,0.10898342
2015-01-10 16:30:00,0,0.0974905,0.06794548,0.10712221,0.06878669,0.27705327,0.15070699
2015-01-10 17:00:00,0,0.10452062,0.070014,0.10738482,0.06887346,0.23531905,0.13757263
2015-01-10 17:30:00,0,0.113959976,0.07570779,0.10809199,0.06909037,0.4421932,0.20866434
2015-01-10 18:00:00,0,0.1455245,0.082612514,0.10877646,0.069308594,0.22327428,0.13822109
2015-01-10 18:30:00,0,0.15087734,0.085222006,0.10923021,0.06946681,0.4073687,0.20060699
2015-01-10 19:00:00,0,0.24037468,0.08898759,0.10978227,0.06965327,0.22631589,0.14169525
2015-01-10 19:30:00,0,0.14927477,0.08938265,0.110038884,0.06976052,0.28537345,0.16159832
2015-01-10 20:00:00,0,0.23552008,0.10140848,0.11054373,0.069934696,0.39317748,0.20170991
2015-01-10 20:30:00,0,0.11623318,0.102261305,0.1104909,0.06995512,0.4104042,0.2077188
2015-01-10 21:00:00,0,0.1076802,0.10037053,0.110625975,0.070023425,0.08450087,0.09849913
2015-01-10 21:30:00,0,0.11734815,0.09967077,0.11096622,0.07014991,0.19799954,0.13621217
2015-01-10 22:00:00,0,0.13196997,0.10015237,0.111313835,0.070281826,0.2831507,0.1648723
2015-01-10 22:30:00,0,0.21013102,0.10026014,0.11170905,0.07042726,0.5077448,0.23990466
2015-01-10 23:00:00,0,0.25424027,0.10156226,0.112027705,0.07054929,0.8676833,0.36042443
2015-01-10 23:30:00,0,0.26069832,0.10225153,0.112261765,0.07064035,0.538461,0.25099143
2015-01-11 00:00:00,0,0.14451523,0.10210621,0.1128869,0.07076558,0.68466383,0.29988566
2015-01-11 00:30:00,0,0.1155377,0.10170305,0.11303548,0.070823036,0.29710075,0.1706131
2015-01-11 01:00:00,0,0.10738475,0.10096228,0.11309328,0.07084565,0.26290098,0.15898551
2015-01-11 01:30:00,0,0.09878735,0.10074961,0.113029085,0.07082793,0.1912542,0.13501097
2015-01-11 02:00:00,0,0.09144784,0.100634694,0.11297246,0.07080575,0.31572652,0.17644458
2015-01-11 02:30:00,0,0.08215135,0.0999676,0.112822875,0.070755035,0.12711126,0.113300584
2015-01-11 03:00:00,0,0.09809287,0.098736644,0.11260509,0.070681185,0.22773063,0.14635746
2015-01-11 03:30:00,0,0.109372094,0.097890496,0.11231722,0.07058488,0.18662815,0.13227862
2015-01-11 04:00:00,0,0.12164237,0.100685954,0.11194959,0.07046655,0.18278906,0.1318082
2015-01-11 04:30:00,0,0.12345369,0.10098863,0.11141412,0.07030408,0.28600135,0.1661347
2015-01-11 05:00:00,0,0.11286151,0.10116565,0.11092905,0.07015024,0.37787822,0.19665764
2015-01-11 05:30:00,0,0.11919934,0.101148486,0.11050654,0.070007935,0.33294186,0.18153231
2015-01-11 06:00:00,0,0.11452857,0.1006968,0.110118166,0.0698719,0.47920904,0.230008
2015-01-11 06:30:00,0,0.112330385,0.0981909,0.10986697,0.069766894,0.43236092,0.21347292
2015-01-11 07:00:00,0,0.111790255,0.09793961,0.10954837,0.06964355,0.33872512,0.18207103
2015-01-11 07:30:00,0,0.11498391,0.0973829,0.109395124,0.06955899,0.17555241,0.12744348
2015-01-11 08:00:00,0,0.124491856,0.09698701,0.10919691,0.069462195,0.27365184,0.15994525
2015-01-11 08:30:00,0,0.122119665,0.095198035,0.10922953,0.06942291,0.18062276,0.12835011
2015-01-11 09:00:00,0,0.121549904,0.09709716,0.10912266,0.06935107,0.24089438,0.14903806
2015-01-11 09:30:00,0,0.103356056,0.097352505,0.109276146,0.069347285,0.07403256,0.093553744
2015-01-11 10:00:00,0,0.09839133,0.09757769,0.109208174,0.06929113,0.30044445,0.16907676
2015-01-11 10:30:00,0,0.08469792,0.098150015,0.10948191,0.069325164,0.0135023175,0.07371141
2015-01-11 11:00:00,0,0.08354995,0.097189784,0.109417506,0.06927818,0.19358331,0.13339686
2015-01-11 11:30:00,0,0.096009105,0.09337163,0.10958165,0.069293514,0.21548294,0.13947874
2015-01-11 12:00:00,0,0.092163764,0.089318156,0.10948646,0.06924673,0.27388743,0.15756401
2015-01-11 12:30:00,0,0.10324505,0.085308194,0.10964681,0.06927015,0.22745986,0.14080496
2015-01-11 13:00:00,0,0.10369164,0.08238566,0.10957832,0.06923939,0.113106176,0.101690054
2015-01-11 13:30:00,0,0.09479841,0.07822096,0.1094283,0.06918985,0.21460326,0.13408418
2015-01-11 14:00:00,0,0.09084688,0.07678497,0.109280616,0.0691434,0.16055955,0.11554172
2015-01-11 14:30:00,0,0.090223745,0.072377324,0.109221354,0.06912489,0.13252188,0.10470685
2015-01-11 15:00:00,0,0.084605545,0.06259465,0.109114125,0.06909926,0.14955589,0.10708823
2015-01-11 15:30:00,0,0.0899546,0.04944408,0.1092676,0.069147326,0.19018446,0.11629871
2015-01-11 16:00:00,0,0.0879927,0.04501891,0.10932735,0.0691771,0.11285663,0.08906763
2015-01-11 16:30:00,0,0.09388558,0.04651344,0.10955325,0.0692527,0.07461616,0.07689428
2015-01-11 17:00:00,0,0.09248119,0.046624184,0.109796695,0.06933712,0.15970287,0.10537458
2015-01-11 17:30:00,0,0.09327133,0.044928074,0.110024445,0.06942196,0.06109027,0.072014265
2015-01-11 18:00:00,0,0.09385617,0.044884562,0.11024176,0.06950811,0.1299043,0.09501021
2015-01-11 18:30:00,0,0.08983093,0.041942835,0.11043922,0.06959181,0.06732323,0.073235095
2015-01-11 19:00:00,0,0.082451895,0.03873086,0.11056313,0.069659516,0.061605696,0.07029989
2015-01-11 19:30:00,0,0.084735215,0.035566807,0.11067826,0.0697257,0.14444874,0.09689794
2015-01-11 20:00:00,0,0.092400804,0.034166098,0.110648505,0.06975776,0.1466237,0.0971461
2015-01-11 20:30:00,0,0.10016718,0.035351396,0.11068343,0.06980609,0.17557748,0.1072041
2015-01-11 21:00:00,0,0.09834318,0.0356313,0.110810585,0.06987882,0.102744035,0.08306197
2015-01-11 21:30:00,0,0.09957627,0.038083673,0.111007415,0.069970705,0.16481094,0.10463401
2015-01-11 22:00:00,0,0.10287888,0.038757563,0.11109741,0.07003554,0.24202028,0.13062508
2015-01-11 22:30:00,0,0.1094651,0.037670016,0.111123875,0.07008268,0.14642036,0.09840474
2015-01-11 23:00:00,0,0.10314369,0.034194946,0.11129239,0.0701626,0.24137558,0.1289543
2015-01-11 23:30:00,0,0.12124999,0.03369987,0.111146264,0.07016111,0.16794442,0.10426352
2015-01-12 00:00:00,0,0.109903954,0.03165996,0.11130548,0.07018999,0.39243487,0.17846675
2015-01-12 00:30:00,0,0.11515327,0.030295253,0.11125395,0.07020777,0.2269019,0.12281704
2015-01-12 01:00:00,0,0.11309491,0.032019973,0.11115335,0.07021015,0.3240284,0.1557339
2015-01-12 01:30:00,0,0.12145485,0.032165408,0.111089,0.07021419,0.45009813,0.19778419
2015-01-12 02:00:00,0,0.11250299,0.030407548,0.11099838,0.07020527,0.35828784,0.16656458
2015-01-12 02:30:00,0,0.1221461,0.030691743,0.11089435,0.07018561,0.3557784,0.16578816
2015-01-12 03:00:00,0,0.14578566,0.033388734,0.11076712,0.07015248,0.6435632,0.26257303
2015-01-12 03:30:00,0,0.19749421,0.02979505,0.11061354,0.07010545,0.594318,0.24490885
2015-01-12 04:00:00,0,0.14526442,0.02345395,0.110504195,0.070061356,0.57849413,0.2374841
2015-01-12 04:30:00,0,0.15264367,0.023222685,0.11034374,0.06999713,0.79972935,0.3110986
2015-01-12 05:00:00,0,0.12318187,0.024602652,0.110215366,0.06993311,0.48010808,0.20497537
2015-01-12 05:30:00,0,0.10606362,0.025403619,0.110289894,0.069911204,0.28096342,0.13888565
2015-01-12 06:00:00,0,0.113016024,0.030930758,0.11038459,0.06989015,0.25263372,0.13131635
2015-01-12 06:30:00,0,0.10968417,0.032351017,0.11083166,0.06995188,0.08967092,0.07761786
2015-01-12 07:00:00,0,0.100190915,0.032744527,0.111070625,0.06996309,0.1806271,0.10814742
2015-01-12 07:30:00,0,0.082839325,0.03243375,0.11134497,0.06998334,0.18703645,0.11027172
2015-01-12 08:00:00,0,0.09111267,0.03372872,0.11143703,0.06996113,0.25023824,0.13180132
2015-01-12 08:30:00,0,0.09059497,0.037075758,0.111358315,0.069896586,0.22393209,0.12412205
2015-01-12 09:00:00,0,0.08313904,0.036535144,0.11114079,0.06979551,0.08885932,0.07884508
2015-01-12 09:30:00,0,0.08464113,0.03663051,0.11089594,0.06968899,0.10739753,0.084974654
2015-01-12 10:00:00,0,0.08775956,0.036094546,0.1105306,0.06955386,0.074430786,0.07368531
2015-01-12 10:30:00,0,0.09014905,0.03641188,0.110209964,0.06943374,0.23127688,0.12596625
2015-01-12 11:00:00,0,0.094458565,0.03614652,0.109839894,0.06930549,0.10438233,0.08345625
2015-01-12 11:30:00,0,0.08472153,0.039327383,0.109793715,0.06926469,0.1994462,0.1161891
2015-01-12 12:00:00,0,0.083676256,0.038888574,0.10970683,0.069219716,0.13072696,0.093107454
2015-01-12 12:30:00,0,0.08671521,0.0388304,0.10942861,0.069131315,0.1847546,0.11100453
2015-01-12 13:00:00,0,0.089543395,0.03779316,0.10921985,0.06906357,0.16443639,0.10381647
2015-01-12 13:30:00,0,0.08511486,0.0368073,0.10921938,0.06905356,0.089451164,0.07849261
2015-01-12 14:00:00,0,0.0866161,0.037711143,0.1091876,0.06904125,0.032396067,0.059764937
2015-01-12 14:30:00,0,0.083580986,0.038748622,0.109356016,0.069085196,0.1334333,0.093845986
2015-01-12 15:00:00,0,0.09238917,0.041434526,0.109517656,0.06913252,0.12194808,0.09096676
2015-01-12 15:30:00,0,0.08840696,0.044905066,0.10920838,0.06906316,0.058093075,0.07073551
2015-01-12 16:00:00,0,0.09070786,0.045998693,0.10908077,0.0690417,0.1174697,0.09084972
2015-01-12 16:30:00,0,0.10316946,0.044551253,0.109053575,0.06905183,0.17645602,0.11002028
2015-01-12 17:00:00,0,0.08567951,0.042159677,0.10939338,0.06916161,0.1552065,0.10225319
2015-01-12 17:30:00,0,0.08961786,0.041784644,0.10992157,0.06932676,0.103699826,0.08513535
2015-01-12 18:00:00,0,0.10169203,0.0422498,0.11042754,0.06949168,0.40082842,0.18450193
2015-01-12 18:30:00,0,0.11023686,0.04153633,0.11080332,0.069626324,0.19802706,0.1167889
2015-01-12 19:00:00,0,0.1028703,0.041014552,0.11100495,0.06971625,0.022794459,0.05827132
2015-01-12 19:30:00,0,0.09632805,0.04111755,0.11112386,0.069784574,0.28894138,0.14706093
2015-01-12 20:00:00,0,0.09835928,0.039369464,0.111312345,0.06987041,0.11261928,0.08776703
2015-01-12 20:30:00,0,0.084534325,0.03574395,0.11139572,0.0699299,0.07338382,0.07350783
2015-01-12 21:00:00,0,0.08896399,0.0347414,0.11161565,0.07002407,0.08610478,0.07748728
2015-01-12 21:30:00,0,0.08522536,0.03486538,0.111760356,0.07010075,0.15655199,0.101059236
2015-01-12 22:00:00,0,0.083912045,0.0372715,0.11190407,0.07017558,0.12217434,0.09044997
2015-01-12 22:30:00,0,0.099007264,0.03641796,0.11186546,0.07020171,0.17257716,0.106953524
2015-01-12 23:00:00,0,0.108608454,0.035795808,0.11180492,0.07022067,0.24511722,0.13090599
2015-01-12 23:30:00,0,0.12014513,0.039490104,0.11172237,0.07023053,0.31534752,0.15552
2015-01-13 00:00:00,0,0.11280606,0.04478693,0.11156955,0.070207745,0.117894694,0.09141705
2015-01-13 00:30:00,0,0.11701377,0.044423938,0.1112526,0.07014907,0.17013736,0.10860463
2015-01-13 01:00:00,0,0.11424096,0.04312098,0.11102103,0.070109464,0.170331,0.10815767
2015-01-13 01:30:00,0,0.11539444,0.043329358,0.110795245,0.07006705,0.5363483,0.23015763
2015-01-13 02:00:00,0,0.11846117,0.043315887,0.110607885,0.07002982,0.46954826,0.207824
2015-01-13 02:30:00,0,0.12157335,0.04325688,0.11040348,0.06998319,0.60258156,0.25208065
2015-01-13 03:00:00,0,0.17415844,0.043310046,0.110215,0.06993394,0.71708393,0.290203
2015-01-13 03:30:00,0,0.18246399,0.043280482,0.11006461,0.06988661,0.23884802,0.13073103
2015-01-13 04:00:00,0,0.15147467,0.043276906,0.10992464,0.069835104,0.59021384,0.24780512
2015-01-13 04:30:00,0,0.19411245,0.043130755,0.10972001,0.0697617,0.45043358,0.20109479
2015-01-13 05:00:00,0,0.13667677,0.0423553,0.10954842,0.06968926,0.58376694,0.24522357
2015-01-13 05:30:00,0,0.10960537,0.04061663,0.10958438,0.06966048,0.5158778,0.22202627
2015-01-13 06:00:00,0,0.114148915,0.04129505,0.10963345,0.06963025,0.36500892,0.17197914
2015-01-13 06:30:00,0,0.11012611,0.04462576,0.11004292,0.06968589,0.054379873,0.06968286
2015-01-13 07:00:00,0,0.09752301,0.04585278,0.11034985,0.069718294,0.15115273,0.10245178
2015-01-13 07:30:00,0,0.09185363,0.045072556,0.11082087,0.06979521,0.21846153,0.12478498
2015-01-13 08:00:00,0,0.10273044,0.04277253,0.110897936,0.069776535,0.29079756,0.148156
2015-01-13 08:30:00,0,0.102743685,0.039369345,0.110786885,0.06970877,0.20745246,0.11920289
2015-01-13 09:00:00,0,0.095699385,0.03804958,0.11049572,0.06959296,0.12583405,0.09145978
2015-01-13 09:30:00,0,0.0927766,0.041413188,0.11014891,0.06946283,0.13824713,0.09660307
2015-01-13 10:00:00,0,0.08301223,0.040334225,0.109716505,0.06931249,0.17510298,0.10838457
2015-01-13 10:30:00,0,0.08476256,0.040501475,0.10940998,0.06919765,0.07348898,0.07446682
2015-01-13 11:00:00,0,0.08568251,0.042588353,0.10906635,0.069077305,0.15584731,0.10250068
2015-01-13 11:30:00,0,0.08950852,0.04254794,0.10901653,0.0690374,0.06688291,0.0728158
2015-01-13 12:00:00,0,0.08970994,0.042232394,0.10885785,0.06897657,0.035787903,0.062292714
2015-01-13 12:30:00,0,0.0837809,0.042827725,0.10860919,0.068895616,0.18299443,0.111477114
2015-01-13 13:00:00,0,0.08345228,0.0423609,0.108389325,0.06882491,0.15200801,0.1009194
2015-01-13 13:30:00,0,0.08362013,0.04079497,0.10840183,0.06881919,0.17619658,0.10846446
2015-01-13 14:00:00,0,0.088264175,0.04053271,0.108409,0.06881754,0.19810003,0.115680575
2015-01-13 14:30:00,0,0.095278844,0.041587114,0.108588755,0.068866126,0.17883985,0.10967191
2015-01-13 15:00:00,0,0.09545502,0.04278803,0.10864212,0.06888858,0.13308991,0.09484003
2015-01-13 15:30:00,0,0.08576963,0.047126174,0.10852289,0.068867974,0.14823371,0.10129426
2015-01-13 16:00:00,0,0.08502757,0.047274947,0.10832722,0.06883036,0.07062281,0.07540832
2015-01-13 16:30:00,0,0.10179946,0.043601394,0.10813445,0.06879712,0.1635721,0.10510265
2015-01-13 17:00:00,0,0.08442414,0.041314363,0.108446784,0.068899386,0.14360236,0.097787835
2015-01-13 17:30:00,0,0.09519821,0.04080689,0.1090314,0.06908078,0.10789852,0.085912265
2015-01-13 18:00:00,0,0.10684431,0.03870678,0.10967079,0.06928439,0.4950788,0.21448545
2015-01-13 18:30:00,0,0.1143785,0.0367589,0.11018579,0.06946023,0.40588525,0.18427664
2015-01-13 19:00:00,0,0.1155257,0.036128163,0.11051636,0.06958885,0.41829363,0.18831272
2015-01-13 19:30:00,0,0.11052521,0.03547728,0.11074415,0.069689624,0.18632479,0.11084875
2015-01-13 20:00:00,0,0.107738495,0.034115195,0.11096861,0.06979002,0.17102237,0.10536873
2015-01-13 20:30:00,0,0.106519714,0.031305432,0.111162566,0.0698819,0.19801627,0.113494754
2015-01-13 21:00:00,0,0.1054072,0.032421708,0.1113816,0.06998117,0.3948245,0.1795426
2015-01-13 21:30:00,0,0.10973176,0.031125307,0.11158002,0.070074394,0.33207482,0.15826005
2015-01-13 22:00:00,0,0.10145265,0.028049827,0.111648016,0.07013178,0.15298252,0.09756013
2015-01-13 22:30:00,0,0.08916045,0.029628873,0.11158196,0.070149705,0.12861869,0.08994317
2015-01-13 23:00:00,0,0.08786183,0.030993104,0.11142135,0.070140064,0.08146032,0.074624926
2015-01-13 23:30:00,0,0.103049114,0.03089106,0.111269966,0.0701312,0.09392039,0.07869381
2015-01-14 00:00:00,0,0.11697705,0.027864337,0.110209964,0.06992092,0.39493573,0.17767
2015-01-14 00:30:00,0,0.12689045,0.02643907,0.1095852,0.06977622,0.35669255,0.16423894
2015-01-14 01:00:00,0,0.12289113,0.02466774,0.10914704,0.069681086,0.21583864,0.11655114
2015-01-14 01:30:00,0,0.116885394,0.024149418,0.10878589,0.069604665,0.25568962,0.12954165
2015-01-14 02:00:00,0,0.10996184,0.023953915,0.1084934,0.06954183,0.2796167,0.13735467
2015-01-14 02:30:00,0,0.11981293,0.023913741,0.108233325,0.06948156,0.21403685,0.115394644
2015-01-14 03:00:00,0,0.113180034,0.023835659,0.1080207,0.06942623,0.47843596,0.20343077
2015-01-14 03:30:00,0,0.1217866,0.023800611,0.10778804,0.0693587,0.66060215,0.2640636
2015-01-14 04:00:00,0,0.121672235,0.023773193,0.107557535,0.06928393,0.8231333,0.31815466
2015-01-14 04:30:00,0,0.13791278,0.023742437,0.10727808,0.06919027,0.32107735,0.15069929
2015-01-14 05:00:00,0,0.12174943,0.02332735,0.10703229,0.06909853,0.71062374,0.2803278
2015-01-14 05:30:00,0,0.10686318,0.022730589,0.107050136,0.06906809,0.35459903,0.16145992
2015-01-14 06:00:00,0,0.11051855,0.022211194,0.10707695,0.06903478,0.33858413,0.15595742
2015-01-14 06:30:00,0,0.10269905,0.023079634,0.10758602,0.06912397,0.0819673,0.07087765
2015-01-14 07:00:00,0,0.091864415,0.023347616,0.107885286,0.06915771,0.1316223,0.0876184
2015-01-14 07:30:00,0,0.09556049,0.023620605,0.10832835,0.06923245,0.30316398,0.14503764
2015-01-14 08:00:00,0,0.10428841,0.022845626,0.10836089,0.06920353,0.21546412,0.11555687
2015-01-14 08:30:00,0,0.102421574,0.022317171,0.108245976,0.06913479,0.18145786,0.104007006
2015-01-14 09:00:00,0,0.0951744,0.022660732,0.10794073,0.06901531,0.2154805,0.115360655
2015-01-14 09:30:00,0,0.09099046,0.022359371,0.10751343,0.06886442,0.22741355,0.119095445
2015-01-14 10:00:00,0,0.08598314,0.02305162,0.10694118,0.068675585,0.08153281,0.07050854
2015-01-14 10:30:00,0,0.08570481,0.022974372,0.106614575,0.06855523,0.049687214,0.059758723
2015-01-14 11:00:00,0,0.086264074,0.023815274,0.106145,0.06840125,0.054505173,0.06148848
2015-01-14 11:30:00,0,0.08391114,0.023617506,0.106094174,0.068364985,0.38193786,0.17054985
2015-01-14 12:00:00,0,0.083711505,0.023249626,0.105910964,0.068299286,0.13192926,0.08702996
2015-01-14 12:30:00,0,0.08549448,0.02257955,0.10557742,0.06819629,0.114959195,0.08103872
2015-01-14 13:00:00,0,0.08641983,0.02291727,0.10529472,0.068109594,0.2377554,0.12198913
2015-01-14 13:30:00,0,0.084168665,0.02396667,0.105338655,0.06811607,0.20576903,0.11169145
2015-01-14 14:00:00,0,0.083658144,0.025459766,0.10531051,0.06810786,0.12851757,0.086429276
2015-01-14 14:30:00,0,0.08808261,0.028401375,0.105383694,0.068132214,0.30498695,0.14625734
2015-01-14 15:00:00,0,0.088578254,0.0274719,0.10543334,0.06815502,0.11112947,0.0813449
2015-01-14 15:30:00,0,0.08434191,0.02658987,0.10528475,0.06812767,0.06996844,0.067281015
2015-01-14 16:00:00,0,0.09244383,0.02703607,0.1050435,0.06807884,0.1434495,0.09184303
2015-01-14 16:30:00,0,0.10359201,0.02802658,0.10491095,0.068062484,0.19517463,0.109370716
2015-01-14 17:00:00,0,0.08630789,0.028289199,0.10525966,0.0681819,0.07682206,0.070123635
2015-01-14 17:30:00,0,0.09869026,0.026927471,0.10599426,0.06841372,0.12516613,0.08602929
2015-01-14 18:00:00,0,0.10506867,0.02639544,0.106731005,0.068653785,0.29578906,0.14297183
2015-01-14 18:30:00,0,0.10797331,0.02765894,0.107231945,0.06883268,0.087793924,0.074228264
2015-01-14 19:00:00,0,0.114638284,0.028558016,0.10764857,0.0689909,0.1629768,0.09972779
2015-01-14 19:30:00,0,0.112676114,0.027952194,0.107954435,0.06911977,0.14198962,0.092632085
2015-01-14 20:00:00,0,0.10803827,0.029141426,0.10799592,0.069177166,0.11494527,0.084027536
2015-01-14 20:30:00,0,0.1098555,0.031293392,0.10820721,0.06928072,0.16371202,0.10107088
2015-01-14 21:00:00,0,0.10548503,0.031641245,0.10855593,0.069423385,0.09567509,0.07862409
2015-01-14 21:30:00,0,0.109999746,0.030791402,0.10878941,0.06953546,0.1121158,0.08389887
2015-01-14 22:00:00,0,0.103285804,0.029373288,0.109097704,0.06966468,0.07552624,0.07133241
2015-01-14 22:30:00,0,0.09142774,0.029656649,0.109009445,0.0696837,0.09274023,0.07713544
2015-01-14 23:00:00,0,0.086091325,0.028705835,0.1087957,0.06966341,0.07769927,0.0717336
2015-01-14 23:30:00,0,0.09924179,0.027503848,0.10854646,0.06963395,0.07228789,0.069446065
2015-01-15 00:00:00,0,0.11366876,0.027049303,0.107279524,0.06937192,0.12744157,0.0872568
2015-01-15 00:30:00,0,0.12053433,0.026670098,0.10656664,0.06919938,0.1400649,0.091100544
2015-01-15 01:00:00,0,0.12044233,0.027178526,0.10604908,0.06907932,0.49413553,0.20912105
2015-01-15 01:30:00,0,0.117618494,0.027251244,0.1056461,0.06898782,0.31730348,0.15006694
2015-01-15 02:00:00,0,0.114762,0.027107954,0.10531406,0.068910845,0.18749294,0.10663831
2015-01-15 02:30:00,0,0.120990545,0.027136922,0.10500019,0.068832785,0.74748003,0.2932057
2015-01-15 03:00:00,0,0.1162745,0.027068734,0.10474448,0.06876337,0.82917964,0.32033095
2015-01-15 03:30:00,0,0.12141395,0.027073503,0.10450149,0.06869001,0.5768663,0.2361471
2015-01-15 04:00:00,0,0.118389145,0.027084589,0.10430072,0.06862069,0.5025525,0.2113126
2015-01-15 04:30:00,0,0.12930612,0.027054548,0.10403193,0.0685268,0.3868737,0.17265339
2015-01-15 05:00:00,0,0.12139793,0.027141094,0.103790775,0.06843307,0.6843875,0.27177313
2015-01-15 05:30:00,0,0.10534142,0.027775526,0.103785604,0.06839668,0.34596062,0.15917392
2015-01-15 06:00:00,0,0.11031506,0.028682232,0.10383903,0.068369664,0.38955268,0.17402466
2015-01-15 06:30:00,0,0.10238124,0.029782891,0.1043235,0.06845688,0.06073676,0.06494772
2015-01-15 07:00:00,0,0.09025532,0.032256603,0.10469937,0.06851507,0.21822052,0.11839217
2015-01-15 07:30:00,0,0.08947421,0.031737328,0.10517051,0.06860377,0.24067803,0.12586196
2015-01-15 08:00:00,0,0.10278821,0.031781435,0.10526923,0.068591975,0.22913416,0.12206161
2015-01-15 08:30:00,0,0.10354348,0.031644464,0.10518264,0.06852919,0.2848285,0.14055188
2015-01-15 09:00:00,0,0.09731081,0.03131628,0.10480239,0.0683853,0.21723182,0.11778351
2015-01-15 09:30:00,0,0.08882054,0.03103745,0.104402214,0.068236716,0.294962,0.14346722
2015-01-15 10:00:00,0,0.086454585,0.03156805,0.10376178,0.06802352,0.14800175,0.09444386
2015-01-15 10:30:00,0,0.08455336,0.03183651,0.10343608,0.067902505,0.111721404,0.08233133
2015-01-15 11:00:00,0,0.08754195,0.03199601,0.10294715,0.067740716,0.08301959,0.07265425
2015-01-15 11:30:00,0,0.08401679,0.031948566,0.10288859,0.06770435,0.286025,0.14028738
2015-01-15 12:00:00,0,0.083587915,0.032054186,0.10279975,0.06766553,0.0889403,0.074598074
2015-01-15 12:30:00,0,0.08631153,0.03164494,0.102472045,0.06756352,0.1608541,0.098323695
2015-01-15 13:00:00,0,0.08811332,0.031989813,0.10219967,0.067478865,0.08880652,0.074332
2015-01-15 13:30:00,0,0.08520716,0.03363526,0.10227425,0.067496225,0.15581734,0.09724227
2015-01-15 14:00:00,0,0.0843382,0.033851027,0.10229438,0.06750234,0.10472766,0.080291025
2015-01-15 14:30:00,0,0.08581528,0.032055855,0.102405116,0.06753795,0.09284915,0.07577004
2015-01-15 15:00:00,0,0.08781684,0.031870842,0.10246987,0.06756537,0.366287,0.1668759
2015-01-15 15:30:00,0,0.08612916,0.03467238,0.10232441,0.06753755,0.097776115,0.078257635
2015-01-15 16:00:00,0,0.09117439,0.034880042,0.10209675,0.067490235,0.14035095,0.09244258
2015-01-15 16:30:00,0,0.09782302,0.03467703,0.10191158,0.06745874,0.18809056,0.10822639
2015-01-15 17:00:00,0,0.08510484,0.034323573,0.102323584,0.0675997,0.22361223,0.12008647
2015-01-15 17:30:00,0,0.091388255,0.03358364,0.102997035,0.06782148,0.20694448,0.11450839
2015-01-15 18:00:00,0,0.104690105,0.034099936,0.10376699,0.0680775,0.1505343,0.096133746
2015-01-15 18:30:00,0,0.109812304,0.033909798,0.10436522,0.068288945,0.23839882,0.12555794
2015-01-15 19:00:00,0,0.114455566,0.03452158,0.10489217,0.068482436,0.24065262,0.1266888
2015-01-15 19:30:00,0,0.11200683,0.03417313,0.10523147,0.06862428,0.15082787,0.09674416
2015-01-15 20:00:00,0,0.113736674,0.033241153,0.10559445,0.068770684,0.3966076,0.17848106
2015-01-15 20:30:00,0,0.104554944,0.0328604,0.105866,0.068890825,0.23659419,0.12510686
2015-01-15 21:00:00,0,0.112128004,0.031771302,0.106335744,0.06906762,0.2627346,0.13361388
2015-01-15 21:30:00,0,0.110211566,0.032722592,0.10667376,0.06920556,0.47255927,0.20398521
2015-01-15 22:00:00,0,0.10916317,0.03763926,0.1070204,0.06934506,0.13251196,0.09239054
2015-01-15 22:30:00,0,0.10375015,0.039521575,0.10721091,0.06943525,0.23715764,0.12796338
2015-01-15 23:00:00,0,0.105437025,0.038264155,0.1072547,0.069478,0.06816112,0.07122666
2015-01-15 23:30:00,0,0.08380916,0.038791656,0.10699957,0.06943581,0.14142811,0.09573978
2015-01-16 00:00:00,0,0.10352496,0.039428115,0.10666232,0.0693914,0.15518147,0.10042397
2015-01-16 00:30:00,0,0.103139006,0.04076171,0.10626742,0.06929931,0.12895428,0.091994464
2015-01-16 01:00:00,0,0.12098364,0.041018724,0.105863556,0.06920071,0.21872656,0.121869616
2015-01-16 01:30:00,0,0.11011516,0.04047668,0.1054756,0.06910364,0.23979828,0.12858352
2015-01-16 02:00:00,0,0.123455144,0.039794445,0.10523171,0.069041446,0.30069005,0.14857207
2015-01-16 02:30:00,0,0.118065365,0.03965187,0.10495666,0.06896562,0.2760017,0.1402034
2015-01-16 03:00:00,0,0.1091378,0.03966558,0.10470157,0.06888917,0.25865778,0.13434164
2015-01-16 03:30:00,0,0.11836213,0.039710164,0.10439145,0.068791986,0.6861878,0.27676314
2015-01-16 04:00:00,0,0.116826616,0.03987682,0.10420891,0.06872268,0.45408005,0.19938858
2015-01-16 04:30:00,0,0.12175356,0.040193915,0.10391863,0.06861862,0.6170138,0.25370878
2015-01-16 05:00:00,0,0.11409234,0.040100694,0.103630394,0.06850872,0.456435,0.20005536
2015-01-16 05:30:00,0,0.10878979,0.03966832,0.10358967,0.06846033,0.38456735,0.17594178
2015-01-16 06:00:00,0,0.112008564,0.039437413,0.10361631,0.06842453,0.42378,0.18894458
2015-01-16 06:30:00,0,0.10981994,0.036311984,0.10405289,0.06849812,0.20367338,0.11467942
2015-01-16 07:00:00,0,0.09878012,0.038168907,0.10438822,0.06854424,0.15057883,0.09771198
2015-01-16 07:30:00,0,0.08924516,0.038675666,0.104884446,0.06863779,0.16040023,0.10132011
2015-01-16 08:00:00,0,0.095818475,0.038807273,0.10497233,0.068620525,0.2830298,0.1422698
2015-01-16 08:30:00,0,0.09565438,0.04548776,0.10488408,0.068554685,0.33091098,0.16042762
2015-01-16 09:00:00,0,0.09007921,0.053256392,0.10453445,0.06841586,0.14884783,0.10221288
2015-01-16 09:30:00,0,0.084504575,0.051564693,0.10415274,0.06827001,0.11104365,0.088920355
2015-01-16 10:00:00,0,0.08263047,0.048847914,0.10363375,0.068087325,0.05719143,0.06989103
2015-01-16 10:30:00,0,0.08684175,0.04860592,0.1032623,0.06795113,0.06432804,0.07206542
2015-01-16 11:00:00,0,0.09081157,0.049057364,0.10283022,0.06780162,0.060366742,0.070751436
2015-01-16 11:30:00,0,0.08484431,0.04945743,0.10282778,0.0677778,0.22244297,0.1249094
2015-01-16 12:00:00,0,0.08452002,0.049259067,0.10266414,0.06771575,0.120103605,0.0906756
2015-01-16 12:30:00,0,0.083850324,0.04921782,0.10244874,0.06764186,0.11556119,0.089075916
2015-01-16 13:00:00,0,0.08661286,0.048884034,0.102245204,0.06757347,0.056694318,0.06927452
2015-01-16 13:30:00,0,0.08504986,0.04910183,0.10234202,0.0675943,0.16039602,0.103946626
2015-01-16 14:00:00,0,0.08849168,0.04936123,0.102503516,0.06763729,0.1583274,0.10339738
2015-01-16 14:30:00,0,0.08890686,0.04895401,0.10266281,0.067683935,0.0574972,0.069704674
2015-01-16 15:00:00,0,0.09010247,0.04800117,0.10270019,0.06770059,0.30255118,0.15108418
2015-01-16 15:30:00,0,0.08462831,0.047490835,0.10253059,0.06766226,0.17141958,0.107147
2015-01-16 16:00:00,0,0.090193674,0.046464086,0.10237207,0.06763086,0.22955197,0.12612937
2015-01-16 16:30:00,0,0.10347023,0.045580506,0.10227281,0.06761926,0.13695407,0.0949358
2015-01-16 17:00:00,0,0.08443886,0.046619058,0.10269963,0.06776143,0.17177877,0.107032485
2015-01-16 17:30:00,0,0.10377613,0.04948628,0.10362953,0.06805234,0.23543508,0.12951696
2015-01-16 18:00:00,0,0.10738978,0.0505476,0.10442266,0.06831151,0.34030262,0.16509096
2015-01-16 18:30:00,0,0.13319145,0.051240325,0.10521777,0.06857429,0.21735005,0.12460271
2015-01-16 19:00:00,0,0.19471134,0.053557992,0.10594799,0.06882083,0.4624546,0.2073202
2015-01-16 19:30:00,0,0.21351047,0.058082104,0.106506884,0.069018,0.42973307,0.19810736
2015-01-16 20:00:00,0,0.14417332,0.05848992,0.106792994,0.06913638,0.52732015,0.23086768
2015-01-16 20:30:00,0,0.11887181,0.054931283,0.107053936,0.069244936,0.3179613,0.15998217
2015-01-16 21:00:00,0,0.12173727,0.053355098,0.107397415,0.06937771,0.12957135,0.096774615
2015-01-16 21:30:00,0,0.12010761,0.053174734,0.107801095,0.06952639,0.255386,0.13878727
2015-01-16 22:00:00,0,0.13198547,0.050792575,0.10828411,0.06969662,0.1984013,0.11915933
2015-01-16 22:30:00,0,0.14413175,0.04930377,0.10875122,0.069859594,0.45542413,0.20449305
2015-01-16 23:00:00,0,0.12557194,0.045286536,0.109071866,0.06997696,0.21691015,0.12375619
2015-01-16 23:30:00,0,0.1200025,0.039165974,0.109365456,0.07007827,0.46335673,0.20396273
2015-01-17 00:00:00,0,0.11402074,0.031178951,0.11044062,0.07035921,0.49604118,0.21255358
2015-01-17 00:30:00,0,0.11026237,0.027351618,0.11060978,0.07041638,0.27820304,0.13872148
2015-01-17 01:00:00,0,0.09700217,0.029152632,0.110640444,0.07042354,0.18155447,0.10711584
2015-01-17 01:30:00,0,0.0848768,0.030217767,0.110552445,0.07039121,0.19279367,0.11118796
2015-01-17 02:00:00,0,0.090547346,0.03147447,0.1103812,0.07033214,0.23877433,0.12687667
2015-01-17 02:30:00,0,0.10081023,0.03213966,0.110162996,0.070256576,0.2568079,0.13303685
2015-01-17 03:00:00,0,0.104045,0.030571103,0.10983551,0.07014929,0.19340993,0.11127218
2015-01-17 03:30:00,0,0.12040147,0.030670762,0.10946903,0.07002788,0.5485244,0.22955473
2015-01-17 04:00:00,0,0.12052409,0.034507632,0.10909941,0.06990319,0.16424905,0.102618694
2015-01-17 04:30:00,0,0.11478589,0.035942197,0.10836965,0.069683895,0.43431762,0.1928765
2015-01-17 05:00:00,0,0.113365546,0.037073016,0.10776378,0.06949186,0.47178575,0.20554085
2015-01-17 05:30:00,0,0.1172814,0.036807418,0.10727459,0.069326796,0.6258253,0.25663576
2015-01-17 06:00:00,0,0.116708025,0.035909534,0.10689411,0.06918681,0.34654745,0.16311704
2015-01-17 06:30:00,0,0.10805944,0.034484863,0.10659626,0.06906749,0.3064579,0.14917968
2015-01-17 07:00:00,0,0.10700663,0.031767845,0.10621661,0.068925284,0.67185104,0.26994517
2015-01-17 07:30:00,0,0.11674819,0.027589083,0.10605597,0.06884101,0.5302094,0.22128482
2015-01-17 08:00:00,0,0.120848455,0.030519128,0.10585269,0.06874568,0.32080388,0.1523919
2015-01-17 08:30:00,0,0.10769149,0.03576386,0.10612185,0.06877553,0.09687828,0.079587996
2015-01-17 09:00:00,0,0.10339709,0.037681937,0.10595297,0.06869056,0.23420365,0.12594618
2015-01-17 09:30:00,0,0.096640356,0.036391616,0.1061387,0.068700805,0.19690779,0.11314604
2015-01-17 10:00:00,0,0.091140226,0.033863425,0.10600471,0.06862742,0.11248326,0.08411714
2015-01-17 10:30:00,0,0.08528809,0.035910845,0.10609576,0.068616726,0.13195482,0.09132048
2015-01-17 11:00:00,0,0.08491751,0.03636861,0.106019065,0.06856315,0.16285276,0.10174682
2015-01-17 11:30:00,0,0.08984623,0.036248088,0.10618699,0.06858086,0.18846118,0.11029875
2015-01-17 12:00:00,0,0.09492525,0.034894943,0.10620207,0.068562105,0.32506078,0.15538593
2015-01-17 12:30:00,0,0.10035847,0.034375668,0.10625603,0.068557315,0.24305631,0.12789601
2015-01-17 13:00:00,0,0.10479306,0.034228206,0.106277406,0.0685468,0.117481485,0.0859957
2015-01-17 13:30:00,0,0.09998336,0.033518672,0.106250614,0.06852745,0.13060872,0.090126
2015-01-17 14:00:00,0,0.09110002,0.03278351,0.10605832,0.068467066,0.14413217,0.09432467
2015-01-17 14:30:00,0,0.094646215,0.032029748,0.10616688,0.06849394,0.18725711,0.10848457
2015-01-17 15:00:00,0,0.10076942,0.033874273,0.10637646,0.06855495,0.086987495,0.07574608
2015-01-17 15:30:00,0,0.10560275,0.034489274,0.10657686,0.06861762,0.041872356,0.060979497
2015-01-17 16:00:00,0,0.095493875,0.033542037,0.106641926,0.06864639,0.20482172,0.115001895
2015-01-17 16:30:00,0,0.08979956,0.03215158,0.106656276,0.068663105,0.07957987,0.072795905
2015-01-17 17:00:00,0,0.09585022,0.032157063,0.1069966,0.068772316,0.089230984,0.076128215
2015-01-17 17:30:00,0,0.10716035,0.03249693,0.107645035,0.068973824,0.35783708,0.16599302
2015-01-17 18:00:00,0,0.1050445,0.031559348,0.10810697,0.06912998,0.23934639,0.12633757
2015-01-17 18:30:00,0,0.12022963,0.0306499,0.10874765,0.06933803,0.4279909,0.18912949
2015-01-17 19:00:00,0,0.1628652,0.030579567,0.109366156,0.06954371,0.44776598,0.1959039
2015-01-17 19:30:00,0,0.118764795,0.030590534,0.10958679,0.06964163,0.19889838,0.113025226
2015-01-17 20:00:00,0,0.105208576,0.030542493,0.109519124,0.06965774,0.26319766,0.13441975
2015-01-17 20:30:00,0,0.10360853,0.029135227,0.109653346,0.06972731,0.25871065,0.13249974
2015-01-17 21:00:00,0,0.10180487,0.028829932,0.109914176,0.06983335,0.25368807,0.13081072
2015-01-17 21:30:00,0,0.106165506,0.028149366,0.110354304,0.06998953,0.47225335,0.20358567
2015-01-17 22:00:00,0,0.104100235,0.030106902,0.11081605,0.07015276,0.23702928,0.12598407
2015-01-17 22:30:00,0,0.1227787,0.030647516,0.11119482,0.070293844,0.3398332,0.1605585
2015-01-17 23:00:00,0,0.12023967,0.031030536,0.11146844,0.0704027,0.6475711,0.2633567
2015-01-17 23:30:00,0,0.11955248,0.030746222,0.111687064,0.07048812,0.31554604,0.15265977
2015-01-18 00:00:00,0,0.11852412,0.029585004,0.1125429,0.07067921,0.26788217,0.13667002
2015-01-18 00:30:00,0,0.10868959,0.02959621,0.11276511,0.07076039,0.28643063,0.14293064
2015-01-18 01:00:00,0,0.11015462,0.030402422,0.11283651,0.07078948,0.3047916,0.1493435
2015-01-18 01:30:00,0,0.095148966,0.030386329,0.1128214,0.070786305,0.2228963,0.12203467
2015-01-18 02:00:00,0,0.09088652,0.028369308,0.11281945,0.07077939,0.15527643,0.09882173
2015-01-18 02:30:00,0,0.086729825,0.030074716,0.11271192,0.0707405,0.28491142,0.14256603
2015-01-18 03:00:00,0,0.098530434,0.030181885,0.11247422,0.070661865,0.10876409,0.08380673
2015-01-18 03:30:00,0,0.103347555,0.030281901,0.11222831,0.07057553,0.17726241,0.10659087
2015-01-18 04:00:00,0,0.116147846,0.030658484,0.111890465,0.070464045,0.27263716,0.13839537
2015-01-18 04:30:00,0,0.122597344,0.025541782,0.111311726,0.07029071,0.27647755,0.13777702
2015-01-18 05:00:00,0,0.11276948,0.025794864,0.1108144,0.07013194,0.14501706,0.09387544
2015-01-18 05:30:00,0,0.11737887,0.025925994,0.11034069,0.06997639,0.74634427,0.29420364
2015-01-18 06:00:00,0,0.11976392,0.025760889,0.10995524,0.069840595,0.8536819,0.32979935
2015-01-18 06:30:00,0,0.118586615,0.025651455,0.10960805,0.06971246,0.35646433,0.16390795
2015-01-18 07:00:00,0,0.116975576,0.025689363,0.109309115,0.06959339,0.4881616,0.20772003
2015-01-18 07:30:00,0,0.11393386,0.025491714,0.10911875,0.06949949,0.29208305,0.14223118
2015-01-18 08:00:00,0,0.11732782,0.025201082,0.10899863,0.069421306,0.2703893,0.134863
2015-01-18 08:30:00,0,0.121393755,0.02555716,0.10895895,0.06936508,0.3319237,0.15547994
2015-01-18 09:00:00,0,0.12192276,0.026732206,0.108911216,0.06930742,0.33177784,0.1558071
2015-01-18 09:30:00,0,0.100437306,0.031887293,0.1091247,0.069318645,0.13936977,0.09346058
2015-01-18 10:00:00,0,0.09484622,0.032348275,0.10918553,0.06929541,0.072237305,0.07125703
2015-01-18 10:30:00,0,0.090888605,0.033049345,0.1095276,0.06934814,0.21639167,0.119656205
2015-01-18 11:00:00,0,0.094375975,0.033181667,0.1096425,0.06934812,0.2662444,0.13635619
2015-01-18 11:30:00,0,0.10628762,0.03462577,0.10985891,0.069378495,0.19078837,0.11175767
2015-01-18 12:00:00,0,0.10438051,0.036170483,0.10988663,0.069364324,0.18171455,0.10925722
2015-01-18 12:30:00,0,0.10491478,0.037813544,0.10982605,0.0693297,0.1610642,0.10290126
2015-01-18 13:00:00,0,0.1029433,0.04029417,0.109821975,0.06931334,0.3769773,0.1756978
2015-01-18 13:30:00,0,0.1039664,0.0408082,0.1097494,0.06928382,0.25031328,0.13362363
2015-01-18 14:00:00,0,0.106875636,0.043622136,0.109685704,0.069259614,0.21410263,0.12247016
2015-01-18 14:30:00,0,0.103300415,0.05497873,0.10994555,0.06932602,0.22151794,0.12881407
2015-01-18 15:00:00,0,0.109803736,0.060554743,0.10983533,0.06930127,0.2556543,0.14201479
2015-01-18 15:30:00,0,0.09178796,0.059869647,0.10958966,0.06924259,0.0977889,0.08908274
2015-01-18 16:00:00,0,0.08374685,0.05767286,0.109442875,0.069213,0.020592729,0.06256949
2015-01-18 16:30:00,0,0.08312002,0.058252335,0.10949553,0.06924011,0.053206097,0.07365132
2015-01-18 17:00:00,0,0.084980205,0.056651354,0.10953254,0.06926863,0.07427158,0.080151826
2015-01-18 17:30:00,0,0.08352903,0.053889632,0.109810084,0.06936551,0.097067095,0.086922266
2015-01-18 18:00:00,0,0.08376349,0.053834915,0.11004103,0.06945489,0.08224768,0.082041204
2015-01-18 18:30:00,0,0.099095784,0.05224645,0.11050142,0.0696083,0.13201724,0.09825504
2015-01-18 19:00:00,0,0.0869295,0.051264763,0.1103705,0.06961165,0.054984864,0.07220671
2015-01-18 19:30:00,0,0.09739763,0.057532668,0.110306285,0.06963106,0.11308611,0.09364169
2015-01-18 20:00:00,0,0.10218111,0.067489386,0.110413335,0.069696054,0.114533,0.097478576
2015-01-18 20:30:00,0,0.09692766,0.07462549,0.11066426,0.069800854,0.22899795,0.1380959
2015-01-18 21:00:00,0,0.097953066,0.08296192,0.11081406,0.069881454,0.21622369,0.13666655
2015-01-18 21:30:00,0,0.098313145,0.090211034,0.1110527,0.069984175,0.18021785,0.12716053
2015-01-18 22:00:00,0,0.0886229,0.09089553,0.11134621,0.07010074,0.23377852,0.14534009
2015-01-18 22:30:00,0,0.10132717,0.09278619,0.111443944,0.07016638,0.20894392,0.13772468
2015-01-18 23:00:00,0,0.10851939,0.093383074,0.11145619,0.07020588,0.33583742,0.18022557
2015-01-18 23:30:00,0,0.10219672,0.09524453,0.11150546,0.07024831,0.25350636,0.15341878
2015-01-19 00:00:00,0,0.11252081,0.096009254,0.11178089,0.07030191,0.22966835,0.1458195
2015-01-19 00:30:00,0,0.12116159,0.09902346,0.111775376,0.070327416,0.40476906,0.2051893
2015-01-19 01:00:00,0,0.1254165,0.10390794,0.11170945,0.07033306,0.30338284,0.17300008
2015-01-19 01:30:00,0,0.11872012,0.109743,0.11160727,0.070323996,0.2594412,0.16026382
2015-01-19 02:00:00,0,0.11621726,0.114938736,0.11151195,0.07031101,0.36970392,0.19871819
2015-01-19 02:30:00,0,0.10954716,0.12023175,0.11136693,0.07028071,0.6028956,0.27816477
2015-01-19 03:00:00,0,0.110703446,0.12487769,0.11125923,0.070251405,0.21821903,0.15145199
2015-01-19 03:30:00,0,0.120560355,0.13455927,0.111125,0.07020934,0.5731725,0.27295226
2015-01-19 04:00:00,0,0.12155461,0.13794863,0.11097961,0.07015739,0.43979582,0.22957468
2015-01-19 04:30:00,0,0.11834969,0.139539,0.1107263,0.07007162,0.63569903,0.29532143
2015-01-19 05:00:00,0,0.12145534,0.14104533,0.11049489,0.06998421,0.3579865,0.20317559
2015-01-19 05:30:00,0,0.11197406,0.14147305,0.11032283,0.06990544,0.50210214,0.25129935
2015-01-19 06:00:00,0,0.116925985,0.15603328,0.11018043,0.06982947,0.32094714,0.19572027
2015-01-19 06:30:00,0,0.116660915,0.16917372,0.11016493,0.06978008,0.20929721,0.16287862
2015-01-19 07:00:00,0,0.11909102,0.19480538,0.10999332,0.06969145,0.23095962,0.17858613
2015-01-19 07:30:00,0,0.11009018,0.22243297,0.10994899,0.069631234,0.106530264,0.14630407
2015-01-19 08:00:00,0,0.12287925,0.26878774,0.10990316,0.06957096,0.25316206,0.21061766
2015-01-19 08:30:00,0,0.10950215,0.30115306,0.11001696,0.06955078,0.24458209,0.21858402
2015-01-19 09:00:00,0,0.103525385,0.33538997,0.10990893,0.069478385,0.17708431,0.20746107
2015-01-19 09:30:00,0,0.10413547,0.3492278,0.10986822,0.06942466,0.0979622,0.18568607
2015-01-19 10:00:00,0,0.10365292,0.35931492,0.10962043,0.06932198,0.052764837,0.17390007
2015-01-19 10:30:00,0,0.10128267,0.36864638,0.10956561,0.06927076,0.11447874,0.19756357
2015-01-19 11:00:00,0,0.10107271,0.3717277,0.10933599,0.06918053,0.3014757,0.26084647
2015-01-19 11:30:00,0,0.08962019,0.36035156,0.109369084,0.069160596,0.20208013,0.22393359
2015-01-19 12:00:00,0,0.08701586,0.34765363,0.109279074,0.06911582,0.1382882,0.19840698
2015-01-19 12:30:00,0,0.08585068,0.34368622,0.109277315,0.06909716,0.13172838,0.1948973
2015-01-19 13:00:00,0,0.08437544,0.32985175,0.10916782,0.06905619,0.10985815,0.18295924
2015-01-19 13:30:00,0,0.083777875,0.32844746,0.109160915,0.069045186,0.23884417,0.22548418
2015-01-19 14:00:00,0,0.08455967,0.3323195,0.1090817,0.069019906,0.22837988,0.22326036
2015-01-19 14:30:00,0,0.084274784,0.3120743,0.10914931,0.06903829,0.13751754,0.18624705
2015-01-19 15:00:00,0,0.08473582,0.30507195,0.109144464,0.069043405,0.26428026,0.22616555
2015-01-19 15:30:00,0,0.08362641,0.31634533,0.10924704,0.069079556,0.14088356,0.18882531
2015-01-19 16:00:00,0,0.0848923,0.3300748,0.1092404,0.06909171,0.22544563,0.22158694
2015-01-19 16:30:00,0,0.08317395,0.34145093,0.109287195,0.069121495,0.12095455,0.19056423
2015-01-19 17:00:00,0,0.083488144,0.35330212,0.10947376,0.06919106,0.31072325,0.25783303
2015-01-19 17:30:00,0,0.0833684,0.3601607,0.10980796,0.069304146,0.23786323,0.23594397
2015-01-19 18:00:00,0,0.09064997,0.3606938,0.1101544,0.069424346,0.08611484,0.18565434
2015-01-19 18:30:00,0,0.09290094,0.35360062,0.11042689,0.06953095,0.13656405,0.20019718
2015-01-19 19:00:00,0,0.08458428,0.35675728,0.11058217,0.06960784,0.07777769,0.18170571
2015-01-19 19:30:00,0,0.08587282,0.3541609,0.110685326,0.06967111,0.15471904,0.20652175
2015-01-19 20:00:00,0,0.09001982,0.36491978,0.11078578,0.06973453,0.17320655,0.21630405
2015-01-19 20:30:00,0,0.09241,0.3888502,0.110901065,0.06980384,0.074863665,0.19153832
2015-01-19 21:00:00,0,0.10344306,0.41609812,0.1110029,0.06987026,0.10452918,0.21054341
2015-01-19 21:30:00,0,0.10245234,0.44393575,0.11116576,0.069952205,0.17211793,0.24240649
2015-01-19 22:00:00,0,0.09871835,0.47095454,0.11130196,0.07002851,0.12600516,0.23608722
2015-01-19 22:30:00,0,0.10249481,0.49516082,0.111429445,0.07010067,0.21846396,0.27501807
2015-01-19 23:00:00,0,0.119887665,0.53097045,0.11137129,0.07012445,0.13511385,0.25915185
2015-01-19 23:30:00,0,0.12295262,0.5703373,0.11128503,0.07013719,0.30520576,0.3289427
2015-01-20 00:00:00,0,0.111226045,0.5937005,0.110921815,0.07006781,0.20982032,0.30481422
2015-01-20 00:30:00,0,0.11448566,0.5997546,0.110621214,0.07001354,0.22216296,0.31084624
2015-01-20 01:00:00,0,0.11723939,0.5995785,0.11039557,0.069977656,0.4071591,0.37237772
2015-01-20 01:30:00,0,0.119227216,0.58225596,0.11021325,0.06994886,0.4192044,0.37055787
2015-01-20 02:00:00,0,0.11356391,0.57892466,0.110081635,0.06992698,0.6490662,0.44602418
2015-01-20 02:30:00,0,0.138628,0.5761832,0.10990697,0.06988824,0.42368728,0.36992583
2015-01-20 03:00:00,0,0.21186426,0.5735903,0.1097352,0.06984314,0.75772184,0.4803491
2015-01-20 03:30:00,0,0.22629791,0.5721557,0.10958086,0.069794774,0.45600012,0.37924555
2015-01-20 04:00:00,0,0.18954745,0.5710914,0.10944181,0.06974314,0.38775837,0.35609722
2015-01-20 04:30:00,0,0.19448672,0.5717691,0.10926036,0.069674514,0.6208569,0.4339621
2015-01-20 05:00:00,0,0.12058416,0.57104325,0.109128766,0.069611065,0.734303,0.47149166
2015-01-20 05:30:00,0,0.10693553,0.5669997,0.109175086,0.06958409,0.53053844,0.40223774
2015-01-20 06:00:00,0,0.11233498,0.5696249,0.10923022,0.069555014,0.46833068,0.38239527
2015-01-20 06:30:00,0,0.10762498,0.53940845,0.109703906,0.069625504,0.18711881,0.2787437
2015-01-20 07:00:00,0,0.10181003,0.4876399,0.10996598,0.06964528,0.20550446,0.26770344
2015-01-20 07:30:00,0,0.08592602,0.4084984,0.11040054,0.069709025,0.25590947,0.25826946
2015-01-20 08:00:00,0,0.08962474,0.32316232,0.11046142,0.06968083,0.23690908,0.22351094
2015-01-20 08:30:00,0,0.09746146,0.27232432,0.11039839,0.069621034,0.21763791,0.20012021
2015-01-20 09:00:00,0,0.08822101,0.24130428,0.11009316,0.06949917,0.12040691,0.15726812
2015-01-20 09:30:00,0,0.084316306,0.23233128,0.109731264,0.06936393,0.26868322,0.20358193
2015-01-20 10:00:00,0,0.090172105,0.22541058,0.10920175,0.06918782,0.050492175,0.12836817
2015-01-20 10:30:00,0,0.089803495,0.22254407,0.10889832,0.06907305,0.055032864,0.12882508
2015-01-20 11:00:00,0,0.10221613,0.22307587,0.108495556,0.06893808,0.1360034,0.15585828
2015-01-20 11:30:00,0,0.08917726,0.22266102,0.10836923,0.068878464,0.21616124,0.18239717
2015-01-20 12:00:00,0,0.08969395,0.22248673,0.10814024,0.06879856,0.073391594,0.13467285
2015-01-20 12:30:00,0,0.08980915,0.2189523,0.1079496,0.068733014,0.10525253,0.14405148
2015-01-20 13:00:00,0,0.103631176,0.22645938,0.107676074,0.06865049,0.13954164,0.15789236
2015-01-20 13:30:00,0,0.086425506,0.2250197,0.10775763,0.06866341,0.1542206,0.16233264
2015-01-20 14:00:00,0,0.08543108,0.22791529,0.107688606,0.06864349,0.10882798,0.14814396
2015-01-20 14:30:00,0,0.08514713,0.22716796,0.10784348,0.068685815,0.11600058,0.15033734
2015-01-20 15:00:00,0,0.08511858,0.22548735,0.1078677,0.0686995,0.25782302,0.19705935
2015-01-20 15:30:00,0,0.08738729,0.2168274,0.10778599,0.06869014,0.06655644,0.13038994
2015-01-20 16:00:00,0,0.09093693,0.20861495,0.10766193,0.068673566,0.17282261,0.16303317
2015-01-20 16:30:00,0,0.10299244,0.20806658,0.10759035,0.068674855,0.18261449,0.16609047
2015-01-20 17:00:00,0,0.085457355,0.20876372,0.10793182,0.06878727,0.11890624,0.1452006
2015-01-20 17:30:00,0,0.09123099,0.20582998,0.10851632,0.068969846,0.06388927,0.12607853
2015-01-20 18:00:00,0,0.10521001,0.19703782,0.10919038,0.06918244,0.13529053,0.14717291
2015-01-20 18:30:00,0,0.10744433,0.18808925,0.10966134,0.069346145,0.27269122,0.19014728
2015-01-20 19:00:00,0,0.105684526,0.17681396,0.10989785,0.06944833,0.23667276,0.17446153
2015-01-20 19:30:00,0,0.10374429,0.15670538,0.11010317,0.06954155,0.09434292,0.12038382
2015-01-20 20:00:00,0,0.10179235,0.12917781,0.11035053,0.06964639,0.07358118,0.10436984
2015-01-20 20:30:00,0,0.0990754,0.10285723,0.11053643,0.06973603,0.28359878,0.16566415
2015-01-20 21:00:00,0,0.10439007,0.075497866,0.11083838,0.06985565,0.22669865,0.13767831
2015-01-20 21:30:00,0,0.104675055,0.056370974,0.11108194,0.06996071,0.07850171,0.08198488
2015-01-20 22:00:00,0,0.0969219,0.04821837,0.11120814,0.07003326,0.122799166,0.094075225
2015-01-20 22:30:00,0,0.083555765,0.0490793,0.11113121,0.07005119,0.103940986,0.08805051
2015-01-20 23:00:00,0,0.10252032,0.045568943,0.111035086,0.07006017,0.082914665,0.079839565
2015-01-20 23:30:00,0,0.110595554,0.041299224,0.110805325,0.07003506,0.14035812,0.09748756
2015-01-21 00:00:00,0,0.11941921,0.0424881,0.1096336,0.06979396,0.22615968,0.12609379
2015-01-21 00:30:00,0,0.10950229,0.04244888,0.109050795,0.0696613,0.23323256,0.12824409
2015-01-21 01:00:00,0,0.11745404,0.041124225,0.10868863,0.06958666,0.32020354,0.15667213
2015-01-21 01:30:00,0,0.11001436,0.040576696,0.108371004,0.069522105,0.7775308,0.30882618
2015-01-21 02:00:00,0,0.11895738,0.04050994,0.10812468,0.069471255,0.69802696,0.2822205
2015-01-21 02:30:00,0,0.113392375,0.04047811,0.107873835,0.06941273,0.55356604,0.23397267
2015-01-21 03:00:00,0,0.124625765,0.040414214,0.10762108,0.0693459,0.60637397,0.25146976
2015-01-21 03:30:00,0,0.14970903,0.04038906,0.10738186,0.06927533,0.64223444,0.2633351
2015-01-21 04:00:00,0,0.1293525,0.04035473,0.10718832,0.06920943,0.20903778,0.118860275
2015-01-21 04:30:00,0,0.14151408,0.040326953,0.106942944,0.06912375,0.5790339,0.24210127
2015-01-21 05:00:00,0,0.12391588,0.04048729,0.106711596,0.06903516,0.7089945,0.2853978
2015-01-21 05:30:00,0,0.109378256,0.040889263,0.106695734,0.068995826,0.40731588,0.18496697
2015-01-21 06:00:00,0,0.1114167,0.0411551,0.10675124,0.06896921,0.2226986,0.12353498
2015-01-21 06:30:00,0,0.1105926,0.042206645,0.10720859,0.069045424,0.21642902,0.121948086
2015-01-21 07:00:00,0,0.08927026,0.040908813,0.10759252,0.069103,0.33682993,0.1617771
2015-01-21 07:30:00,0,0.09019285,0.04117441,0.10795609,0.069157064,0.21725194,0.12212747
2015-01-21 08:00:00,0,0.0944421,0.04092729,0.10800925,0.069131985,0.1982507,0.11572907
2015-01-21 08:30:00,0,0.10454548,0.041644692,0.10795432,0.06907875,0.14803948,0.099212825
2015-01-21 09:00:00,0,0.092800565,0.042120576,0.10758498,0.06894255,0.14080612,0.09683722
2015-01-21 09:30:00,0,0.08394967,0.042765737,0.10714188,0.06878606,0.17212051,0.10734271
2015-01-21 10:00:00,0,0.08493354,0.043191195,0.10660632,0.06860535,0.109424695,0.0864074
2015-01-21 10:30:00,0,0.08425274,0.04236865,0.106300965,0.06849094,0.109876744,0.08618212
2015-01-21 11:00:00,0,0.08934194,0.04261422,0.10577112,0.06832064,0.23873885,0.12904139
2015-01-21 11:30:00,0,0.08631495,0.042565465,0.10560448,0.06825268,0.11774394,0.088637955
2015-01-21 12:00:00,0,0.08557803,0.042069316,0.10543824,0.06819024,0.1052241,0.084243886
2015-01-21 12:30:00,0,0.08669464,0.04139793,0.105146326,0.06809849,0.07974705,0.07543043
2015-01-21 13:00:00,0,0.08846296,0.039548874,0.104851805,0.06800828,0.12912247,0.09117439
2015-01-21 13:30:00,0,0.08433783,0.039133072,0.1049405,0.06802704,0.08698884,0.0770208
2015-01-21 14:00:00,0,0.08420504,0.03804779,0.10496778,0.06803348,0.046655953,0.06322384
2015-01-21 14:30:00,0,0.08373852,0.03744054,0.10506506,0.068064064,0.16164085,0.10138216
2015-01-21 15:00:00,0,0.08285183,0.037484765,0.10514871,0.0680954,0.10246831,0.08170059
2015-01-21 15:30:00,0,0.08746173,0.036972523,0.10493926,0.068050995,0.18995516,0.11062231
2015-01-21 16:00:00,0,0.089900605,0.037318587,0.10487868,0.06805052,0.1036359,0.08194438
2015-01-21 16:30:00,0,0.09847246,0.037876725,0.1047372,0.06803218,0.11893976,0.087184556
2015-01-21 17:00:00,0,0.08466773,0.03890896,0.10515913,0.068171754,0.17536885,0.10647898
2015-01-21 17:30:00,0,0.103526056,0.03620529,0.1059516,0.06841994,0.10994931,0.084035404
2015-01-21 18:00:00,0,0.11011006,0.035161138,0.10666608,0.06865476,0.12059745,0.08747489
2015-01-21 18:30:00,0,0.10648088,0.03570938,0.1071077,0.06881811,0.19668365,0.113166906
2015-01-21 19:00:00,0,0.109523155,0.034221172,0.107476845,0.06896216,0.22786891,0.12318897
2015-01-21 19:30:00,0,0.105934955,0.031736612,0.10767183,0.06905936,0.282704,0.14070414
2015-01-21 20:00:00,0,0.102745116,0.0317868,0.107859865,0.06915565,0.09576395,0.07847021
2015-01-21 20:30:00,0,0.10492884,0.032740116,0.108056486,0.06925449,0.24244785,0.12774815
2015-01-21 21:00:00,0,0.10512347,0.03187287,0.10842186,0.06940059,0.10755697,0.08261723
2015-01-21 21:30:00,0,0.104695104,0.031041145,0.108645305,0.069508724,0.17390095,0.104529135
2015-01-21 22:00:00,0,0.10534606,0.032182932,0.108812355,0.06959935,0.16936105,0.103452116
2015-01-21 22:30:00,0,0.09041767,0.033258915,0.10888062,0.0696583,0.100912414,0.081017315
2015-01-21 23:00:00,0,0.08935125,0.032178164,0.1086066,0.06962265,0.112596095,0.08446029
2015-01-21 23:30:00,0,0.11141909,0.03098166,0.10823709,0.06956185,0.10145188,0.08022354
2015-01-22 00:00:00,0,0.12013879,0.030230999,0.107020654,0.06931128,0.14981219,0.09568795
2015-01-22 00:30:00,0,0.12758388,0.029682517,0.106366016,0.069154754,0.24071945,0.12558933
2015-01-22 01:00:00,0,0.117435426,0.030156493,0.10592087,0.06905421,0.2739342,0.13667051
2015-01-22 01:30:00,0,0.11310232,0.030418277,0.10551122,0.06896093,0.5263671,0.22076555
2015-01-22 02:00:00,0,0.113511875,0.030189276,0.10517502,0.06888286,0.26236576,0.13257669
2015-01-22 02:30:00,0,0.11239957,0.030437589,0.10486988,0.06880713,0.4693447,0.20155072
2015-01-22 03:00:00,0,0.120078444,0.0305264,0.10462675,0.06874075,0.28276533,0.13930616
2015-01-22 03:30:00,0,0.12273321,0.030681252,0.104399495,0.06867109,0.6256928,0.25359118
2015-01-22 04:00:00,0,0.12005369,0.030759096,0.104196124,0.068600796,0.3284409,0.15446538
2015-01-22 04:30:00,0,0.13472052,0.030815601,0.10392643,0.06850633,0.60924155,0.24799453
2015-01-22 05:00:00,0,0.117308915,0.030815244,0.103703916,0.06841744,0.23905264,0.12452394
2015-01-22 05:30:00,0,0.10975622,0.031386614,0.10368452,0.0683769,0.28308058,0.1393839
2015-01-22 06:00:00,0,0.11587548,0.033462882,0.103717685,0.06834479,0.48996353,0.20904803
2015-01-22 06:30:00,0,0.108881794,0.035682082,0.104207925,0.06843309,0.26278096,0.13422365
2015-01-22 07:00:00,0,0.100297816,0.039176464,0.10452883,0.06847662,0.06799633,0.07056721
2015-01-22 07:30:00,0,0.0917145,0.03960514,0.10509806,0.06859138,0.17196688,0.1055567
2015-01-22 08:00:00,0,0.09778725,0.040106177,0.1051596,0.06856904,0.18145789,0.1089079
2015-01-22 08:30:00,0,0.10127979,0.039682865,0.10503532,0.068495974,0.25816473,0.13429432
2015-01-22 09:00:00,0,0.091346614,0.03949344,0.104602225,0.06833688,0.16376513,0.10262027
2015-01-22 09:30:00,0,0.083359554,0.039432764,0.10416056,0.068176396,0.07989169,0.07449501
2015-01-22 10:00:00,0,0.089581706,0.041214228,0.103550166,0.067971915,0.19964471,0.11480304
2015-01-22 10:30:00,0,0.0876688,0.041918516,0.10322637,0.06785233,0.14894284,0.09802923
2015-01-22 11:00:00,0,0.095944114,0.043466926,0.102739185,0.06769168,0.18950593,0.11190402
2015-01-22 11:30:00,0,0.08453238,0.04254341,0.10277339,0.067680396,0.17236839,0.105895065
2015-01-22 12:00:00,0,0.08500322,0.04277134,0.10264024,0.06762875,0.109300256,0.08490395
2015-01-22 12:30:00,0,0.08545044,0.042345524,0.10238005,0.06754494,0.21305525,0.119260274
2015-01-22 13:00:00,0,0.08773789,0.04276216,0.102038644,0.06744032,0.108598456,0.08446642
2015-01-22 13:30:00,0,0.08646887,0.043270707,0.102124326,0.06746008,0.09774905,0.081048034
2015-01-22 14:00:00,0,0.08348225,0.0437032,0.10214069,0.0674649,0.16059619,0.10214669
2015-01-22 14:30:00,0,0.08479622,0.041496515,0.10229602,0.06751287,0.16038458,0.101392366
2015-01-22 15:00:00,0,0.08891461,0.040832877,0.10239993,0.06755156,0.15501069,0.0994145
2015-01-22 15:30:00,0,0.08356339,0.042414427,0.102271,0.06752742,0.14599791,0.09689444
2015-01-22 16:00:00,0,0.089433305,0.041751623,0.1020812,0.06749112,0.17767666,0.10716983
2015-01-22 16:30:00,0,0.10237662,0.040589094,0.10197791,0.06748209,0.16345198,0.10200634
2015-01-22 17:00:00,0,0.083596446,0.041484952,0.102389134,0.06762297,0.10913669,0.08433693
2015-01-22 17:30:00,0,0.098413125,0.041373253,0.10312489,0.067862995,0.1148897,0.08646262
2015-01-22 18:00:00,0,0.10660526,0.041659236,0.10382664,0.068100564,0.10092373,0.082136534
2015-01-22 18:30:00,0,0.12020002,0.040744305,0.104512796,0.06833714,0.28143784,0.14223164
2015-01-22 19:00:00,0,0.12063383,0.041498184,0.10499106,0.06851706,0.26486513,0.13711812
2015-01-22 19:30:00,0,0.12428118,0.04131162,0.105472594,0.06869761,0.17504162,0.10727528
2015-01-22 20:00:00,0,0.11295068,0.04087007,0.10565672,0.06879328,0.2151509,0.12055922
2015-01-22 20:30:00,0,0.10635496,0.03924191,0.10588366,0.06889937,0.4067447,0.18395674
2015-01-22 21:00:00,0,0.11600907,0.03798604,0.10638351,0.069084175,0.20560913,0.11665956
2015-01-22 21:30:00,0,0.118114784,0.035975695,0.10687306,0.06926537,0.2743274,0.13905872
2015-01-22 22:00:00,0,0.1141396,0.039315343,0.10714898,0.06938315,0.42692518,0.19112985
2015-01-22 22:30:00,0,0.10396002,0.0417974,0.10727378,0.06945437,0.20654361,0.11853826
2015-01-22 23:00:00,0,0.10266422,0.040130377,0.107410334,0.06952236,0.14009024,0.09587699
2015-01-22 23:30:00,0,0.08478777,0.039319873,0.10706938,0.06945488,0.10744697,0.08461207
2015-01-23 00:00:00,0,0.10257513,0.040283322,0.106717184,0.0694052,0.17473373,0.10724475
2015-01-23 00:30:00,0,0.10340879,0.04119873,0.106315054,0.06931056,0.2258197,0.12444449
2015-01-23 01:00:00,0,0.12296627,0.041404724,0.10591247,0.06921243,0.551571,0.23296273
2015-01-23 01:30:00,0,0.1144505,0.040967822,0.10554272,0.06912024,0.5915258,0.2460121
2015-01-23 02:00:00,0,0.12251264,0.040325165,0.105284974,0.06905422,0.22466363,0.12342459
2015-01-23 02:30:00,0,0.11807885,0.040176153,0.10499211,0.06897357,0.3953394,0.18016922
2015-01-23 03:00:00,0,0.11034876,0.04013896,0.104726285,0.06889432,0.19167686,0.1121807
2015-01-23 03:30:00,0,0.1160041,0.040088534,0.104454555,0.06880734,0.15913872,0.10122726
2015-01-23 04:00:00,0,0.11647724,0.040283084,0.1042358,0.06872846,0.46685246,0.20379044
2015-01-23 04:30:00,0,0.112441674,0.040609002,0.10391281,0.06861589,0.39384326,0.17945503
2015-01-23 05:00:00,0,0.11677246,0.040634036,0.103596516,0.06849906,0.6684043,0.2708783
2015-01-23 05:30:00,0,0.107331604,0.040308118,0.10356454,0.06845344,0.21911065,0.12099443
2015-01-23 06:00:00,0,0.11028243,0.037323117,0.10361495,0.0684241,0.11770925,0.08621577
2015-01-23 06:30:00,0,0.11064768,0.036964774,0.10402757,0.068491444,0.21723643,0.11940959
2015-01-23 07:00:00,0,0.09792012,0.038547873,0.104362905,0.06853686,0.34615773,0.16302283
2015-01-23 07:30:00,0,0.092171445,0.03905523,0.104970194,0.06866139,0.152426,0.09881714
2015-01-23 08:00:00,0,0.096594945,0.039261818,0.105015785,0.068632744,0.21594381,0.1200738
2015-01-23 08:30:00,0,0.09484077,0.048799753,0.104891695,0.06855659,0.2196877,0.12445971
2015-01-23 09:00:00,0,0.089482985,0.058050156,0.10454223,0.0684172,0.17514265,0.11257834
2015-01-23 09:30:00,0,0.084734604,0.055238485,0.10417552,0.0682748,0.11458699,0.091333665
2015-01-23 10:00:00,0,0.086203635,0.052036285,0.103594996,0.068074845,0.27656034,0.14406388
2015-01-23 10:30:00,0,0.085996464,0.051406026,0.10329549,0.06795818,0.2080556,0.12091904
2015-01-23 11:00:00,0,0.08827529,0.051215053,0.1028729,0.067810886,0.07548876,0.07652558
2015-01-23 11:30:00,0,0.0854142,0.051558256,0.10287884,0.06778956,0.12804787,0.09416165
2015-01-23 12:00:00,0,0.08457463,0.05130899,0.10280297,0.067751296,0.11025822,0.08812339
2015-01-23 12:30:00,0,0.085018195,0.051271677,0.10250046,0.06765316,0.22810553,0.12729256
2015-01-23 13:00:00,0,0.085846,0.050567627,0.10235747,0.06760086,0.11806331,0.09032947
2015-01-23 13:30:00,0,0.08479665,0.05235684,0.102422185,0.06761213,0.053317543,0.069365524
2015-01-23 14:00:00,0,0.08729644,0.052424192,0.10254121,0.06764251,0.28749758,0.14748766
2015-01-23 14:30:00,0,0.09073982,0.05198288,0.10270336,0.067689575,0.3079162,0.1542008
2015-01-23 15:00:00,0,0.08963898,0.051271558,0.102728605,0.06770284,0.15528908,0.10309642
2015-01-23 15:30:00,0,0.085500084,0.050871015,0.102547936,0.06766148,0.05915039,0.07085645
2015-01-23 16:00:00,0,0.08816316,0.04982364,0.102382466,0.06762824,0.1941713,0.11545914
2015-01-23 16:30:00,0,0.09288067,0.048995137,0.10235986,0.06763875,0.0742264,0.0751938
2015-01-23 17:00:00,0,0.08421327,0.050341725,0.10284618,0.06779775,0.15797229,0.10372007
2015-01-23 17:30:00,0,0.105410464,0.05123198,0.103606135,0.068041325,0.2724322,0.14242344
2015-01-23 18:00:00,0,0.10725253,0.050075054,0.10437522,0.06829307,0.19917354,0.1178746
2015-01-23 18:30:00,0,0.12181119,0.04911244,0.10505445,0.06852343,0.30738053,0.15384914
2015-01-23 19:00:00,0,0.15087001,0.050418615,0.1058126,0.06877765,0.24391752,0.13338292
2015-01-23 19:30:00,0,0.13263628,0.052990317,0.106184214,0.06892338,0.3213447,0.16017307
2015-01-23 20:00:00,0,0.11620881,0.051363707,0.1064277,0.0690298,0.2708426,0.14287801
2015-01-23 20:30:00,0,0.104634754,0.047554493,0.10664039,0.06912555,0.3700808,0.17475855
2015-01-23 21:00:00,0,0.10725723,0.048710942,0.1069596,0.06925254,0.067520924,0.074397154
2015-01-23 21:30:00,0,0.10761522,0.04864478,0.107385114,0.06941072,0.32754505,0.16119164
2015-01-23 22:00:00,0,0.11997695,0.046976447,0.10797057,0.06961191,0.3231544,0.15936713
2015-01-23 22:30:00,0,0.11848232,0.046393156,0.10839601,0.069764555,0.25673178,0.13717365
2015-01-23 23:00:00,0,0.120749585,0.04651034,0.10876688,0.069897644,0.40293837,0.18607187
2015-01-23 23:30:00,0,0.115982406,0.042315602,0.109048665,0.069996744,0.23239754,0.12792061
2015-01-24 00:00:00,0,0.113372736,0.037002563,0.110184714,0.07029625,0.51386344,0.22035025
2015-01-24 00:30:00,0,0.10288059,0.036746144,0.110393,0.07036483,0.18789053,0.11167655
2015-01-24 01:00:00,0,0.094995044,0.034079432,0.11053345,0.070402116,0.21787049,0.120827794
2015-01-24 01:30:00,0,0.08493027,0.03342843,0.11047399,0.07037827,0.17101127,0.10497123
2015-01-24 02:00:00,0,0.10127212,0.03509009,0.11005546,0.07025444,0.17564642,0.10693065
2015-01-24 02:30:00,0,0.10241719,0.040426493,0.10969293,0.07014058,0.19582199,0.115313806
2015-01-24 03:00:00,0,0.119673125,0.042078495,0.10937511,0.07003634,0.2591588,0.1368708
2015-01-24 03:30:00,0,0.12189168,0.047279835,0.10905202,0.069928244,0.33081716,0.162383
2015-01-24 04:00:00,0,0.1253592,0.05058205,0.10869266,0.06980803,0.27555507,0.14494325
2015-01-24 04:30:00,0,0.11635074,0.05320084,0.10805887,0.0696137,0.45202908,0.20442958
2015-01-24 05:00:00,0,0.116430104,0.05272615,0.107516676,0.06943783,0.4680445,0.2094291
2015-01-24 05:30:00,0,0.1196957,0.053096056,0.10703814,0.069275655,0.49265897,0.21759772
2015-01-24 06:00:00,0,0.11735113,0.056649923,0.1066676,0.06913808,0.51850945,0.22727565
2015-01-24 06:30:00,0,0.106807224,0.05184698,0.106418855,0.06903101,0.31675187,0.15833923
2015-01-24 07:00:00,0,0.11806604,0.050966978,0.1061233,0.06890974,0.25605252,0.13771427
2015-01-24 07:30:00,0,0.11227896,0.04394698,0.10593312,0.06881782,0.55856395,0.23614801
2015-01-24 08:00:00,0,0.12091166,0.04421866,0.10573194,0.068722725,0.1580246,0.10265839
2015-01-24 08:30:00,0,0.1192268,0.04772973,0.105758525,0.06868815,0.23558861,0.12969229
2015-01-24 09:00:00,0,0.10972674,0.04840398,0.10568403,0.06862761,0.29119167,0.14842655
2015-01-24 09:30:00,0,0.09535896,0.04538381,0.10597572,0.068666704,0.33205795,0.16113916
2015-01-24 10:00:00,0,0.09661037,0.042279124,0.10581255,0.06858532,0.08514107,0.077744246
2015-01-24 10:30:00,0,0.08711203,0.041571498,0.105850376,0.06856009,0.07288356,0.07343514
2015-01-24 11:00:00,0,0.0843037,0.040896773,0.105761215,0.06850275,0.15270332,0.09978709
2015-01-24 11:30:00,0,0.09582086,0.041338086,0.10608353,0.06856223,0.1563961,0.101272576
2015-01-24 12:00:00,0,0.09456814,0.04055667,0.10603741,0.068527766,0.15760979,0.10140129
2015-01-24 12:30:00,0,0.09483583,0.03983283,0.10606372,0.06851475,0.111801185,0.08589924
2015-01-24 13:00:00,0,0.09559857,0.04059589,0.106030114,0.06848893,0.28462788,0.1437513
2015-01-24 13:30:00,0,0.08998108,0.039883852,0.1059014,0.06844137,0.09339206,0.079725765
2015-01-24 14:00:00,0,0.08588359,0.037822127,0.10575636,0.06839366,0.07554497,0.07304115
2015-01-24 14:30:00,0,0.08955422,0.036365747,0.10581091,0.06840624,0.14185874,0.09467846
2015-01-24 15:00:00,0,0.08975918,0.03529811,0.10591974,0.068439685,0.13845147,0.09322312
2015-01-24 15:30:00,0,0.090569705,0.03354454,0.10605391,0.06848417,0.2000386,0.11321235
2015-01-24 16:00:00,0,0.089542255,0.032920837,0.10618483,0.068531245,0.2794251,0.13951026
2015-01-24 16:30:00,0,0.09045515,0.02815187,0.10636515,0.06859453,0.2393804,0.12463248
2015-01-24 17:00:00,0,0.09639908,0.025941491,0.10669309,0.068702385,0.14992537,0.09418664
2015-01-24 17:30:00,0,0.09967656,0.02493,0.10717655,0.068858266,0.15519887,0.095768474
2015-01-24 18:00:00,0,0.105840996,0.024177313,0.10774178,0.06904191,0.07128751,0.06773553
2015-01-24 18:30:00,0,0.11211765,0.024315834,0.10831535,0.06923144,0.19044621,0.10769246
2015-01-24 19:00:00,0,0.1345471,0.025549054,0.10900575,0.069456905,0.5819257,0.23882683
2015-01-24 19:30:00,0,0.116849415,0.025719166,0.109284595,0.069570646,0.13561438,0.09020605
2015-01-24 20:00:00,0,0.10491054,0.025886059,0.109144785,0.0695675,0.25171658,0.1289158
2015-01-24 20:30:00,1,0.094712675,0.024518013,0.10924281,0.069626935,0.11239487,0.082051896
2015-01-24 21:00:00,1,0.09701657,0.024334192,0.10949206,0.06972967,0.19462077,0.10948235
2015-01-24 21:30:00,1,0.10422555,0.023827553,0.10996398,0.06989411,0.17678288,0.103524804
2015-01-24 22:00:00,1,0.11368836,0.024748206,0.11067345,0.07012532,0.40173241,0.17905135
2015-01-24 22:30:00,1,0.11881911,0.026156545,0.1110678,0.0702716,0.43385312,0.19035916
2015-01-24 23:00:00,1,0.12320398,0.025468111,0.11139077,0.07039383,0.29328704,0.14338197
2015-01-24 23:30:00,1,0.12946135,0.025385857,0.111659355,0.070492916,0.24071197,0.12591906
2015-01-25 00:00:00,1,0.12015593,0.024547458,0.112447836,0.07066511,0.44469613,0.19389713
2015-01-25 00:30:00,1,0.105060115,0.024451613,0.11268656,0.07074865,0.266667,0.13460173
2015-01-25 01:00:00,1,0.10612805,0.026060224,0.11281458,0.070792496,0.3885179,0.17579757
2015-01-25 01:30:00,1,0.10032438,0.025792956,0.11282278,0.07079685,0.15643173,0.098349154
2015-01-25 02:00:00,1,0.090843506,0.01806283,0.11279935,0.070783935,0.11754873,0.08280364
2015-01-25 02:30:00,1,0.08411215,0.015140533,0.1126838,0.070741124,0.23167318,0.11983251
2015-01-25 03:00:00,1,0.08939682,0.015559673,0.11246888,0.07066667,0.107282996,0.07843719
2015-01-25 03:30:00,1,0.10733636,0.015739083,0.11216996,0.07056654,0.20060557,0.10950487
2015-01-25 04:00:00,1,0.11606371,0.016130328,0.1118585,0.07046011,0.23816133,0.12205005
2015-01-25 04:30:00,1,0.12185683,0.016925573,0.11125452,0.07028058,0.29552662,0.14123558
2015-01-25 05:00:00,1,0.114056,0.017015934,0.11071432,0.07011096,0.8172429,0.31499106
2015-01-25 05:30:00,1,0.11887938,0.016456246,0.11025048,0.069957584,0.26838487,0.1316972
2015-01-25 06:00:00,1,0.111686796,0.016297221,0.1098552,0.069819406,0.35151064,0.15922102
2015-01-25 06:30:00,1,0.1117486,0.016259909,0.109610386,0.06971568,0.32799295,0.15128775
2015-01-25 07:00:00,1,0.11592984,0.016451001,0.10932292,0.069599666,0.49160448,0.2057928
2015-01-25 07:30:00,1,0.11834925,0.016378284,0.10911583,0.069501564,0.3050418,0.14351197
2015-01-25 08:00:00,1,0.115175314,0.016212583,0.10884365,0.06938662,0.469735,0.19826375
2015-01-25 08:30:00,1,0.12426169,0.01111865,0.108813725,0.06933152,0.3366298,0.15218739
2015-01-25 09:00:00,1,0.123507045,0.015116096,0.10875479,0.069270715,0.17395912,0.09927667
2015-01-25 09:30:00,1,0.10373283,0.015154362,0.1088564,0.0692538,0.19244994,0.1054869
2015-01-25 10:00:00,1,0.09973468,0.015226841,0.10885325,0.06921355,0.17685683,0.100312315
2015-01-25 10:30:00,1,0.08618785,0.014904499,0.10910422,0.06924161,0.12530409,0.083104275
2015-01-25 11:00:00,1,0.08543471,0.0143995285,0.1090165,0.06918744,0.13212882,0.085181616
2015-01-25 11:30:00,1,0.08550901,0.013304472,0.109118015,0.06918558,0.17718337,0.09986862
2015-01-25 12:00:00,1,0.09080335,0.011346698,0.109129615,0.06916548,0.1713041,0.09726014
2015-01-25 12:30:00,1,0.09416055,0.00753057,0.10912274,0.0691447,0.1897823,0.1021452
2015-01-25 13:00:00,1,0.09022651,0.008569002,0.10905547,0.06911246,0.06406399,0.06056282
2015-01-25 13:30:00,1,0.09611806,0.0066313744,0.109047785,0.06909961,0.07754724,0.0644088
2015-01-25 14:00:00,1,0.09210531,0.008461118,0.10903114,0.06908872,0.42259067,0.18002765
2015-01-25 14:30:00,1,0.09076453,0.013075113,0.10896879,0.06907037,0.25101268,0.124352194
2015-01-25 15:00:00,1,0.08500434,0.013817549,0.10887564,0.06904823,0.08366202,0.06878507
2015-01-25 15:30:00,1,0.083277985,0.01551342,0.10894787,0.06907386,0.053824555,0.059428617
2015-01-25 16:00:00,1,0.08491949,0.0149559975,0.10898908,0.06909674,0.17500493,0.09965
2015-01-25 16:30:00,1,0.08513122,0.020178914,0.109119564,0.06914684,0.20526658,0.11152168
2015-01-25 17:00:00,1,0.084334336,0.019384027,0.10928331,0.06921001,0.09179164,0.07348633
2015-01-25 17:30:00,1,0.090844594,0.017763615,0.109648176,0.06933019,0.14297546,0.09012908
2015-01-25 18:00:00,1,0.09034035,0.018577933,0.11000445,0.069453195,0.108643435,0.07907528
2015-01-25 18:30:00,1,0.0895346,0.01874578,0.110236034,0.06954626,0.112191685,0.08039117
2015-01-25 19:00:00,1,0.0841059,0.016000986,0.11033451,0.06960744,0.20420702,0.11018083
2015-01-25 19:30:00,1,0.088723555,0.012920499,0.1103849,0.06965804,0.22031683,0.11454073
2015-01-25 20:00:00,1,0.09841344,0.012399554,0.11044974,0.0697127,0.1522258,0.0916917
2015-01-25 20:30:00,1,0.09657363,0.012484431,0.11061808,0.06979543,0.22563091,0.11624447
2015-01-25 21:00:00,1,0.098409146,0.011247277,0.1107236,0.069863416,0.3058389,0.14260326
2015-01-25 21:30:00,1,0.09890477,0.011651993,0.11094035,0.0699593,0.17610352,0.09956529
2015-01-25 22:00:00,1,0.10776707,0.017252326,0.11098547,0.070012994,0.24487926,0.124372356
2015-01-25 22:30:00,1,0.11617024,0.016916394,0.11097196,0.07004969,0.19810802,0.10866546
2015-01-25 23:00:00,1,0.1211788,0.025753617,0.1110224,0.07009993,0.24498197,0.12725265
2015-01-25 23:30:00,1,0.12274232,0.02870524,0.11096243,0.070119195,0.39589635,0.17852134
2015-01-26 00:00:00,1,0.1081088,0.028470874,0.11116718,0.0701608,0.463868,0.20116867
2015-01-26 00:30:00,1,0.1136298,0.026853204,0.111150265,0.0701878,0.44196466,0.1933227
2015-01-26 01:00:00,1,0.11225876,0.029184699,0.1111078,0.07020395,0.6060266,0.24877302
2015-01-26 01:30:00,1,0.116875395,0.030772686,0.11102598,0.070204,0.89536613,0.3457216
2015-01-26 02:00:00,1,0.11248274,0.029515505,0.11092361,0.07019216,0.48478964,0.20840959
2015-01-26 02:30:00,1,0.13812914,0.029142618,0.11077741,0.07016258,0.5281928,0.22270429
2015-01-26 03:00:00,1,0.13634971,0.032158494,0.11067666,0.07013583,0.5205014,0.22111218
2015-01-26 03:30:00,1,0.14698419,0.028166175,0.1105547,0.07009609,0.8152952,0.31800535
2015-01-26 04:00:00,1,0.12549606,0.01946497,0.110446714,0.07005284,0.5972443,0.24238534
2015-01-26 04:30:00,1,0.123655036,0.019680023,0.1103021,0.06999198,0.89311194,0.34103134
2015-01-26 05:00:00,1,0.1113584,0.019178748,0.110200495,0.06993395,0.3091812,0.14618681
2015-01-26 05:30:00,1,0.11148714,0.024927616,0.110256344,0.06990741,0.34054264,0.15857553
2015-01-26 06:00:00,1,0.10924789,0.027074933,0.11035008,0.06988576,0.3001459,0.14585696
2015-01-26 06:30:00,1,0.110629305,0.029195786,0.11081015,0.06995045,0.12386438,0.08795678
2015-01-26 07:00:00,1,0.09923024,0.03143394,0.11101802,0.06995456,0.2639572,0.13546972
2015-01-26 07:30:00,1,0.08419502,0.030548334,0.11127377,0.069969624,0.17960392,0.10714201
2015-01-26 08:00:00,1,0.085932545,0.03399706,0.111307666,0.06993207,0.21365047,0.119651735
2015-01-26 08:30:00,1,0.08837203,0.03158748,0.111233026,0.069867015,0.105390266,0.082736924
2015-01-26 09:00:00,1,0.083902135,0.031588078,0.11096079,0.069752194,0.058772016,0.067106955
2015-01-26 09:30:00,1,0.090340994,0.03273976,0.11062792,0.06962277,0.13144028,0.09160265
2015-01-26 10:00:00,1,0.09850978,0.035183668,0.11008716,0.069442645,0.12472944,0.09000009
2015-01-26 10:30:00,1,0.09708545,0.03902197,0.10976654,0.06932227,0.15255179,0.10044676
2015-01-26 11:00:00,1,0.09776607,0.04078698,0.10944105,0.06920619,0.06960798,0.073278666
2015-01-26 11:30:00,1,0.1003684,0.04314506,0.10924068,0.06912684,0.27945077,0.1439455
2015-01-26 12:00:00,1,0.096499465,0.043661118,0.10907447,0.06906151,0.12008685,0.09094081
2015-01-26 12:30:00,1,0.100816496,0.045564175,0.10888947,0.06899635,0.12095912,0.09180424
2015-01-26 13:00:00,1,0.100855805,0.046560645,0.10873577,0.06894321,0.14480166,0.10003269
2015-01-26 13:30:00,1,0.103080235,0.046521306,0.10866293,0.068915375,0.27332208,0.14283544
2015-01-26 14:00:00,1,0.09717512,0.051677465,0.10848703,0.06886667,0.1377453,0.09930327
2015-01-26 14:30:00,1,0.11071923,0.07742679,0.10810829,0.06877125,0.26885846,0.1514645
2015-01-26 15:00:00,1,0.123960495,0.13880348,0.10779165,0.06869568,0.21695328,0.15451615
2015-01-26 15:30:00,1,0.12431827,0.25143325,0.10746557,0.06862469,0.2733046,0.21073449
2015-01-26 16:00:00,1,0.11861784,0.3954333,0.10722162,0.068580434,0.45584857,0.31950116
2015-01-26 16:30:00,1,0.119737625,0.57579637,0.107093655,0.068571255,0.3623902,0.34842673
2015-01-26 17:00:00,1,0.11313487,0.7951875,0.10705915,0.068590425,0.43727672,0.44650778
2015-01-26 17:30:00,1,0.11403108,1.0288067,0.10712872,0.06864066,0.5345192,0.5568182
2015-01-26 18:00:00,1,0.12158955,1.2579572,0.10730041,0.06872083,0.4675102,0.61092263
2015-01-26 18:30:00,1,0.11910839,1.4945669,0.10743035,0.06879483,0.4472561,0.6830845
2015-01-26 19:00:00,1,0.11338405,1.7251124,0.10750244,0.06885767,0.35594407,0.72951967
2015-01-26 19:30:00,1,0.10636059,1.9251881,0.10764276,0.06893944,0.5010839,0.84463817
2015-01-26 20:00:00,1,0.114525124,2.0276785,0.10778243,0.06902289,0.4545785,0.8633464
2015-01-26 20:30:00,1,0.11853042,2.097796,0.10793384,0.06911119,0.50361276,0.90311414
2015-01-26 21:00:00,1,0.11641711,2.1289353,0.10813375,0.06921128,0.57761705,0.9382288
2015-01-26 21:30:00,1,0.112434566,2.190184,0.108291805,0.06930234,0.7022154,1.0002304
2015-01-26 22:00:00,1,0.17111054,2.2395082,0.10841407,0.06938357,0.7759622,1.0412948
2015-01-26 22:30:00,1,0.29149273,2.3238218,0.10851115,0.0694562,0.8106794,1.0810041
2015-01-26 23:00:00,1,0.32808354,2.3422341,0.10862941,0.069531456,0.6072903,1.0193846
2015-01-26 23:30:00,1,0.3312569,2.375401,0.10879665,0.069612965,0.46711287,0.98377013
2015-01-27 00:00:00,1,0.33213335,2.3939204,0.10853049,0.06956872,0.4577766,0.9867425
2015-01-27 00:30:00,1,0.32860926,2.4051385,0.1085314,0.06959079,0.6635029,1.0590576
2015-01-27 01:00:00,1,0.3287508,2.4135659,0.10855867,0.06961685,0.4769,0.99967486
2015-01-27 01:30:00,1,0.32882264,2.4201937,0.10858895,0.06963802,0.32446212,0.9510816
2015-01-27 02:00:00,1,0.3252136,2.4257588,0.108603515,0.06964863,0.847336,1.1272328
2015-01-27 02:30:00,1,0.3223974,2.432357,0.108598486,0.069646776,0.9339967,1.1583174
2015-01-27 03:00:00,1,0.32390398,2.494578,0.10856145,0.06962985,0.51004744,1.0377289
2015-01-27 03:30:00,1,0.3228727,2.505631,0.10849496,0.06959837,0.4612832,1.0251364
2015-01-27 04:00:00,1,0.31957448,2.5248408,0.10839239,0.06955153,0.4159709,1.0164014
2015-01-27 04:30:00,1,0.31744006,2.5382133,0.108254895,0.06948976,0.8773138,1.174594
2015-01-27 05:00:00,1,0.314575,2.57768,0.108078346,0.069412686,1.073095,1.2529511
2015-01-27 05:30:00,1,0.31363708,2.6717682,0.107861266,0.06932165,0.71265155,1.1640936
2015-01-27 06:00:00,1,0.31193364,2.7573159,0.1076081,0.069217525,0.3209386,1.0619541
2015-01-27 06:30:00,1,0.3073625,2.831607,0.107291736,0.06909688,0.5745894,1.1711627
2015-01-27 07:00:00,1,0.29891923,2.9483464,0.10694486,0.06896656,0.6846159,1.2466357
2015-01-27 07:30:00,1,0.29075626,3.0185583,0.10654637,0.06882401,0.70509225,1.2767323
2015-01-27 08:00:00,1,0.27892762,3.1475976,0.10615163,0.06868291,0.49374634,1.2491652
2015-01-27 08:30:00,1,0.24433713,3.0637505,0.10578966,0.06855139,0.703192,1.2909107
2015-01-27 09:00:00,1,0.18749863,3.1303194,0.10545746,0.06842787,0.6630101,1.2995957
2015-01-27 09:30:00,1,0.11618941,3.155029,0.10516797,0.06831662,0.6049991,1.2883986
2015-01-27 10:00:00,1,0.117095195,3.2447717,0.10490643,0.06821308,0.42521822,1.2582988
2015-01-27 10:30:00,1,0.11375343,3.2842958,0.10465559,0.06811576,0.70041233,1.3631212
2015-01-27 11:00:00,1,0.11311575,3.3524234,0.104391485,0.068018556,0.26107258,1.2392958
2015-01-27 11:30:00,1,0.106313795,3.4101923,0.1041835,0.06794016,0.33652818,1.2836347
2015-01-27 12:00:00,1,0.11532084,3.47776,0.10397065,0.06786581,0.25694492,1.2795585
2015-01-27 12:30:00,1,0.11119331,3.5399554,0.10376471,0.06779832,0.3371214,1.3269472
2015-01-27 13:00:00,1,0.11171002,3.6037214,0.10357403,0.0677399,0.5423217,1.4165391
2015-01-27 13:30:00,1,0.11750586,3.66349,0.10344156,0.06770248,0.37647974,1.381137
2015-01-27 14:00:00,1,0.11855354,3.7342918,0.10334064,0.067678794,0.3787607,1.4054643
2015-01-27 14:30:00,1,0.110058166,3.7203324,0.10337918,0.0676944,0.38486782,1.4028598
2015-01-27 15:00:00,1,0.11063446,3.7340753,0.10343797,0.06771943,0.36861342,1.4020423
2015-01-27 15:30:00,1,0.119040504,3.7405646,0.10354125,0.06775964,0.28141552,1.3751737
2015-01-27 16:00:00,1,0.12418731,3.7372773,0.10371411,0.06782172,0.22089286,1.3539615
2015-01-27 16:30:00,1,0.12296724,3.7367232,0.10396877,0.0679092,0.38474292,1.4084783
2015-01-27 17:00:00,1,0.12110999,3.7066581,0.104308076,0.068022765,0.25520414,1.3553901
2015-01-27 17:30:00,1,0.112715185,3.676356,0.10471346,0.068157576,0.20682864,1.3292993
2015-01-27 18:00:00,1,0.10817508,3.6342757,0.10527761,0.06833832,0.13735929,1.2923042
2015-01-27 18:30:00,1,0.11036401,3.6031382,0.10562702,0.068466246,0.11088427,1.2732165
2015-01-27 19:00:00,1,0.10229371,3.5556715,0.105898336,0.06857557,0.27252504,1.311365
2015-01-27 19:30:00,1,0.11269816,3.5079439,0.10606804,0.06866111,0.21160842,1.2752068
2015-01-27 20:00:00,1,0.11956508,3.4910982,0.106325336,0.06877164,0.16775301,1.2550589
2015-01-27 20:30:00,1,0.117889404,3.3729413,0.10661387,0.068891816,0.24471119,1.241422
2015-01-27 21:00:00,1,0.11605569,3.3251035,0.1070198,0.06904305,0.2588285,1.2303172
2015-01-27 21:30:00,1,0.11132404,3.2691462,0.10746904,0.06920457,0.21522257,1.1972793
2015-01-27 22:00:00,1,0.11509679,3.206714,0.10776435,0.06932332,0.17454799,1.1630087
2015-01-27 22:30:00,1,0.11843681,3.2081969,0.107900545,0.069398694,0.18340941,1.1665024
2015-01-27 23:00:00,1,0.12297754,3.0854137,0.108115405,0.06949043,0.2822791,1.1586027
2015-01-27 23:30:00,1,0.1102887,3.0298293,0.10812009,0.06952955,0.29484197,1.1442639
2015-01-28 00:00:00,1,0.11655977,2.9885533,0.10699579,0.06928831,0.4860924,1.1938804
2015-01-28 00:30:00,1,0.11322522,2.959006,0.10653238,0.06918331,0.4542205,1.1732529
2015-01-28 01:00:00,1,0.11469247,2.8828201,0.10622556,0.06912129,0.7289793,1.2393416
2015-01-28 01:30:00,1,0.11642991,2.8551745,0.10600205,0.06907894,0.36227456,1.107817
2015-01-28 02:00:00,1,0.12687697,2.841252,0.10581418,0.06904108,0.5261606,1.1577424
2015-01-28 02:30:00,1,0.17571701,2.832274,0.10563171,0.06899843,0.6537889,1.1972317
2015-01-28 03:00:00,1,0.22039919,2.7653935,0.105429746,0.06894394,0.28987783,1.053567
2015-01-28 03:30:00,1,0.22128029,2.7613685,0.10524813,0.06888731,0.43575975,1.1007922
2015-01-28 04:00:00,1,0.2056742,2.7590737,0.10506767,0.06882374,0.38680416,1.0836486
2015-01-28 04:30:00,1,0.20852867,2.759176,0.10484193,0.06874208,0.88691837,1.2503121
2015-01-28 05:00:00,1,0.13877355,2.7621243,0.10466564,0.06866674,0.6813104,1.1827
2015-01-28 05:30:00,1,0.11252577,2.8147814,0.104656294,0.0686278,0.62205994,1.1804992
2015-01-28 06:00:00,1,0.11954438,2.800201,0.10474419,0.06860849,0.36527646,1.090074
2015-01-28 06:30:00,1,0.1100315,2.78398,0.105276495,0.06870011,0.10014056,0.9964657
2015-01-28 07:00:00,1,0.10095836,2.8147194,0.10560986,0.068738624,0.12258827,1.0143058
2015-01-28 07:30:00,1,0.08346849,2.7772508,0.10604407,0.06880318,0.23485881,1.0393845
2015-01-28 08:00:00,1,0.086528,2.7847915,0.106172554,0.06878702,0.11495216,1.0019721
2015-01-28 08:30:00,1,0.083897196,2.7059705,0.10601808,0.068695225,0.110984445,0.9743244
2015-01-28 09:00:00,1,0.08547982,2.6817636,0.10569386,0.06855906,0.12700024,0.9714859
2015-01-28 09:30:00,1,0.08889956,2.615923,0.10524078,0.06839157,0.16019453,0.9604528
2015-01-28 10:00:00,1,0.096675456,2.5857933,0.1046469,0.06819139,0.19376402,0.9614014
2015-01-28 10:30:00,1,0.09854753,2.5120213,0.104347065,0.06807534,0.15475217,0.9237068
2015-01-28 11:00:00,1,0.10092895,2.4486887,0.10396393,0.06794313,0.12792884,0.8935271
2015-01-28 11:30:00,1,0.09783185,2.371812,0.10381086,0.067877516,0.046172746,0.8405986
2015-01-28 12:00:00,1,0.09986815,2.2987952,0.10360543,0.06780278,0.22921143,0.877204
2015-01-28 12:30:00,1,0.096907765,2.2440677,0.10341227,0.06773546,0.06440666,0.8039622
2015-01-28 13:00:00,1,0.09696682,2.1822538,0.103235796,0.067676656,0.09021681,0.7919021
2015-01-28 13:30:00,1,0.099996716,2.105355,0.1032021,0.06766054,0.15783267,0.7887966
2015-01-28 14:00:00,1,0.10169668,2.0262043,0.103245385,0.06766927,0.18298185,0.7708106
2015-01-28 14:30:00,1,0.091146395,1.9550889,0.10335083,0.06769956,0.20341246,0.7539508
2015-01-28 15:00:00,1,0.08920077,1.8996198,0.103531994,0.0677548,0.109328054,0.70416
2015-01-28 15:30:00,1,0.093352236,1.860846,0.10348062,0.06775149,0.11845828,0.6942616
2015-01-28 16:00:00,1,0.09981914,1.8322506,0.103412956,0.06774856,0.14165027,0.69243795
2015-01-28 16:30:00,1,0.09778707,1.8047097,0.10345894,0.06778186,0.11849553,0.6755547
2015-01-28 17:00:00,1,0.08851537,1.7638552,0.10389097,0.06792502,0.17953835,0.6824282
2015-01-28 17:30:00,1,0.083475985,1.7028058,0.10449439,0.06811971,0.15841423,0.6552381
2015-01-28 18:00:00,1,0.10411671,1.637702,0.10525762,0.06836424,0.11808333,0.6203477
2015-01-28 18:30:00,1,0.11095822,1.5487692,0.10583463,0.06856064,0.026732242,0.56044537
2015-01-28 19:00:00,1,0.10485008,1.4386301,0.10634101,0.06873891,0.12759764,0.55752295
2015-01-28 19:30:00,1,0.110621534,1.304327,0.10666854,0.06886782,0.106446564,0.5058141
2015-01-28 20:00:00,1,0.10449974,1.1640155,0.106894225,0.06896906,0.19047382,0.48712787
2015-01-28 20:30:00,1,0.0979004,1.0178881,0.10708275,0.069060355,0.10413564,0.40970215
2015-01-28 21:00:00,1,0.09564961,0.8723922,0.10745894,0.06920369,0.055389773,0.3450803
2015-01-28 21:30:00,1,0.094051294,0.74654853,0.107796706,0.06933725,0.046041664,0.30012897
2015-01-28 22:00:00,1,0.09632146,0.6258286,0.10810235,0.06945997,0.16697584,0.30030227
2015-01-28 22:30:00,1,0.09100424,0.49564302,0.10829406,0.06954779,0.16470101,0.2562127
2015-01-28 23:00:00,1,0.09022154,0.41686344,0.10807569,0.069524296,0.13217819,0.2190391
2015-01-28 23:30:00,1,0.11010213,0.36139762,0.10778132,0.06948026,0.100147575,0.18977551
2015-01-29 00:00:00,1,0.117602885,0.32468975,0.10659155,0.06923375,0.14168186,0.19098772
2015-01-29 00:30:00,1,0.120039746,0.30034184,0.10594294,0.06907716,0.30911234,0.23846571
2015-01-29 01:00:00,1,0.11640966,0.2867509,0.10544859,0.068962306,0.58279514,0.32499823
2015-01-29 01:30:00,1,0.10550595,0.27918375,0.1050799,0.06887924,0.4577962,0.28068662
2015-01-29 02:00:00,1,0.111243375,0.2746446,0.104804754,0.06881664,0.4514914,0.27698025
2015-01-29 02:30:00,1,0.11069562,0.272439,0.104532264,0.0687489,0.3745535,0.25050828
2015-01-29 03:00:00,1,0.11419567,0.27036786,0.10429386,0.06868308,0.34453368,0.23973179
2015-01-29 03:30:00,1,0.119425975,0.26912892,0.10406767,0.06861334,0.43764406,0.2702802
2015-01-29 04:00:00,0,0.119743004,0.26840985,0.10384762,0.06853801,0.48040918,0.28422222
2015-01-29 04:30:00,0,0.13203545,0.267601,0.10358424,0.06844446,0.49372095,0.28830206
2015-01-29 05:00:00,0,0.11578086,0.2668345,0.10336633,0.0683566,0.47028828,0.28016302
2015-01-29 05:30:00,0,0.10764501,0.2654134,0.10336016,0.06831925,0.33031318,0.23302893
2015-01-29 06:00:00,0,0.10994699,0.26334846,0.10343261,0.06829717,0.21586278,0.19421463
2015-01-29 06:30:00,0,0.1023458,0.2633841,0.103944264,0.06839211,0.22081113,0.19604652
2015-01-29 07:00:00,0,0.09541851,0.26163542,0.1042607,0.06843418,0.15712133,0.17433913
2015-01-29 07:30:00,0,0.08520942,0.26194906,0.104656376,0.06850081,0.11098123,0.15919556
2015-01-29 08:00:00,0,0.090604804,0.26055956,0.10469921,0.06847261,0.23818448,0.20114775
2015-01-29 08:30:00,0,0.08980398,0.2578981,0.10451246,0.06838069,0.24898905,0.20379986
2015-01-29 09:00:00,0,0.08441029,0.25518513,0.10411512,0.0682309,0.15968129,0.17299385
2015-01-29 09:30:00,0,0.08430618,0.2510562,0.103678346,0.068071954,0.1917888,0.18217444
2015-01-29 10:00:00,0,0.08942897,0.2390511,0.10321234,0.06790677,0.10455088,0.14893812
2015-01-29 10:30:00,0,0.08924466,0.23122156,0.10285275,0.06777657,0.08382894,0.13930108
2015-01-29 11:00:00,0,0.10030401,0.22195077,0.10239316,0.067623064,0.14078623,0.15504338
2015-01-29 11:30:00,0,0.09047039,0.20705211,0.10232214,0.06758243,0.08691933,0.13209786
2015-01-29 12:00:00,0,0.08521911,0.19164526,0.10220628,0.0675341,0.1792312,0.15769425
2015-01-29 12:30:00,0,0.088945985,0.17780459,0.101946756,0.06744947,0.12153953,0.13376363
2015-01-29 13:00:00,0,0.0891203,0.16215491,0.101754375,0.0673866,0.1105309,0.1248134
2015-01-29 13:30:00,0,0.086550266,0.14721,0.10174853,0.06737977,0.108599976,0.11918616
2015-01-29 14:00:00,0,0.0861193,0.13403833,0.10182423,0.06739989,0.12660885,0.1208238
2015-01-29 14:30:00,0,0.08328549,0.122198224,0.10190326,0.067424975,0.15956564,0.12788904
2015-01-29 15:00:00,0,0.08399004,0.117712855,0.102053404,0.0674754,0.06435531,0.09470719
2015-01-29 15:30:00,0,0.085277826,0.11832309,0.10189236,0.06744224,0.092827894,0.10434777
2015-01-29 16:00:00,0,0.10259761,0.11438763,0.101688184,0.06740115,0.082806155,0.099627316
2015-01-29 16:30:00,0,0.097312,0.1117599,0.10158387,0.067392625,0.14628465,0.11987615
2015-01-29 17:00:00,0,0.0887656,0.111103415,0.10197567,0.06752911,0.22909681,0.14739197
2015-01-29 17:30:00,0,0.09051599,0.10584223,0.10268927,0.06776175,0.07388783,0.09413978
2015-01-29 18:00:00,0,0.103087276,0.10369611,0.10334137,0.06798374,0.0977567,0.10159806
2015-01-29 18:30:00,0,0.10586936,0.09916997,0.10393347,0.0681924,0.24211343,0.14840563
2015-01-29 19:00:00,0,0.11020032,0.09703016,0.104380235,0.068362586,0.23551372,0.14564137
2015-01-29 19:30:00,0,0.10854511,0.094427586,0.10474105,0.06850912,0.1870943,0.12875432
2015-01-29 20:00:00,0,0.10635172,0.08954179,0.1050873,0.06865147,0.32551697,0.17338203
2015-01-29 20:30:00,0,0.107437,0.077332854,0.10544786,0.06879659,0.27256984,0.15178351
2015-01-29 21:00:00,0,0.1057796,0.06791878,0.10583846,0.0689503,0.26499587,0.14625104
2015-01-29 21:30:00,0,0.105719596,0.062334538,0.10622278,0.06910079,0.121480405,0.09667924
2015-01-29 22:00:00,0,0.106346376,0.063354254,0.10652047,0.06922462,0.27836943,0.14941472
2015-01-29 22:30:00,0,0.101161376,0.067870855,0.1066939,0.06931091,0.26389226,0.14615233
2015-01-29 23:00:00,0,0.099872604,0.06534076,0.10688292,0.069394946,0.05807063,0.07676477
2015-01-29 23:30:00,0,0.0842891,0.06340015,0.106709525,0.06937572,0.22610423,0.1320713
2015-01-30 00:00:00,0,0.10024091,0.06342363,0.10635789,0.069327705,0.16206667,0.110616066
2015-01-30 00:30:00,0,0.110975415,0.063745975,0.10591962,0.06922388,0.13292556,0.10086372
2015-01-30 01:00:00,0,0.12278365,0.062770724,0.1055441,0.06913303,0.2819885,0.15010111
2015-01-30 01:30:00,0,0.11018804,0.062170267,0.10522386,0.0690542,0.28329816,0.15023077
2015-01-30 02:00:00,0,0.12146666,0.062069178,0.104983084,0.06899287,0.3303826,0.16581161
2015-01-30 02:30:00,0,0.10605714,0.062416673,0.10468276,0.068910405,0.24304122,0.13671355
2015-01-30 03:00:00,0,0.11254105,0.062754035,0.10443413,0.0688358,0.23679224,0.13466014
2015-01-30 03:30:00,0,0.11537849,0.06325078,0.10416529,0.06874963,0.5721949,0.24653697
2015-01-30 04:00:00,0,0.11888153,0.06318176,0.10398177,0.06867986,0.5135075,0.22689033
2015-01-30 04:30:00,0,0.11194897,0.06390154,0.103663616,0.06856787,0.6488196,0.27212825
2015-01-30 05:00:00,0,0.1145671,0.06500602,0.1033714,0.06845691,0.6533903,0.27392256
2015-01-30 05:30:00,0,0.10825194,0.06548381,0.103371315,0.068419196,0.27049288,0.14644934
2015-01-30 06:00:00,0,0.108478725,0.06394541,0.10342189,0.068389475,0.33287933,0.16674888
2015-01-30 06:30:00,0,0.10182407,0.062757134,0.103940174,0.06848541,0.18548164,0.11739298
2015-01-30 07:00:00,0,0.08988257,0.057599306,0.10442032,0.068570904,0.08312981,0.08171648
2015-01-30 07:30:00,0,0.08982803,0.06034398,0.10488731,0.06865619,0.20423847,0.123156585
2015-01-30 08:00:00,0,0.10164978,0.06290686,0.10502779,0.0686526,0.14768378,0.105206154
2015-01-30 08:30:00,0,0.09992607,0.071320176,0.104902096,0.06857484,0.14977275,0.10866501
2015-01-30 09:00:00,0,0.091017276,0.08067167,0.10453843,0.068430334,0.17668715,0.12063242
2015-01-30 09:30:00,0,0.08480706,0.078790784,0.10409797,0.068265796,0.22497578,0.13595484
2015-01-30 10:00:00,0,0.08546224,0.07566941,0.103599206,0.0680881,0.116416216,0.09856161
2015-01-30 10:30:00,0,0.08590678,0.07451117,0.10320949,0.06794613,0.27409437,0.15060501
2015-01-30 11:00:00,0,0.085908785,0.070405364,0.10292081,0.06783603,0.17633806,0.11655474
2015-01-30 11:30:00,0,0.08328097,0.069922805,0.102794535,0.06777768,0.10117693,0.09129808
2015-01-30 12:00:00,0,0.08408665,0.06940925,0.1026173,0.06771073,0.19297805,0.1216682
2015-01-30 12:30:00,0,0.08638326,0.06844616,0.10230495,0.0676094,0.048895475,0.07321553
2015-01-30 13:00:00,0,0.08563931,0.066319466,0.10220036,0.06756912,0.03200546,0.06684176
2015-01-30 13:30:00,0,0.082294084,0.0651381,0.10232519,0.067597635,0.33498576,0.16748302
2015-01-30 14:00:00,0,0.084220946,0.06466818,0.10237256,0.06760873,0.114220254,0.093753666
2015-01-30 14:30:00,0,0.0843468,0.0645287,0.10244791,0.067631155,0.15856318,0.108513266
2015-01-30 15:00:00,0,0.083447,0.06496251,0.10248296,0.0676475,0.09760536,0.08835027
2015-01-30 15:30:00,0,0.085640356,0.066016555,0.102376565,0.06762743,0.38970467,0.1860326
2015-01-30 16:00:00,0,0.08802195,0.065877914,0.10221744,0.067596085,0.1999658,0.12268705
2015-01-30 16:30:00,0,0.10159504,0.06326938,0.10215657,0.06759582,0.10699137,0.09080578
2015-01-30 17:00:00,0,0.083237626,0.06176853,0.102696426,0.06776987,0.045787398,0.07008412
2015-01-30 17:30:00,0,0.10433115,0.063408494,0.10347508,0.06801835,0.4985767,0.2218201
2015-01-30 18:00:00,0,0.10662763,0.06409788,0.10428441,0.068281,0.06488394,0.077755414
2015-01-30 18:30:00,0,0.12447213,0.06548345,0.10507833,0.068542995,0.39246142,0.1876744
2015-01-30 19:00:00,0,0.180774,0.0703603,0.10583634,0.068796426,0.3212574,0.16581802
2015-01-30 19:30:00,0,0.2448724,0.07834065,0.106504366,0.06902435,0.16107765,0.11530755
2015-01-30 20:00:00,0,0.18082741,0.08564353,0.10690151,0.069173805,0.29536054,0.16263519
2015-01-30 20:30:00,0,0.14589567,0.08445382,0.10724462,0.06930588,0.56272477,0.2514744
2015-01-30 21:00:00,0,0.1303083,0.08295679,0.10755948,0.069428846,0.26834506,0.15295377
2015-01-30 21:30:00,0,0.14482811,0.08678639,0.10801786,0.06959149,0.48838735,0.22773053
2015-01-30 22:00:00,0,0.14534056,0.08617687,0.10847558,0.069752984,0.23524259,0.14329834
2015-01-30 22:30:00,0,0.15095615,0.077769995,0.108909525,0.0699041,0.40893415,0.19853789
2015-01-30 23:00:00,0,0.15370107,0.07229209,0.10931492,0.07004379,0.36172643,0.18111114
2015-01-30 23:30:00,0,0.13322091,0.061784387,0.10955554,0.070130095,0.47069973,0.21401322
2015-01-31 00:00:00,0,0.12366611,0.04709363,0.11066662,0.07041914,0.27491057,0.14422362
2015-01-31 00:30:00,0,0.10760211,0.033515215,0.11087943,0.07048721,0.34881672,0.16440378
2015-01-31 01:00:00,0,0.1030243,0.031871438,0.11094091,0.070501536,0.3059044,0.14957224
2015-01-31 01:30:00,0,0.08955072,0.0321908,0.110848434,0.07046692,0.2473208,0.13012001
2015-01-31 02:00:00,0,0.08530486,0.032010674,0.11068181,0.070407584,0.15271343,0.09846864
2015-01-31 02:30:00,0,0.101679176,0.03170955,0.110396534,0.07031294,0.1734565,0.105187535
2015-01-31 03:00:00,0,0.11027298,0.029574752,0.110046394,0.07019805,0.25184798,0.1304897
2015-01-31 03:30:00,0,0.10989811,0.029001713,0.10970588,0.070082374,0.24369892,0.12746884
2015-01-31 04:00:00,0,0.12366615,0.03107524,0.10929853,0.06994757,0.262933,0.13443558
2015-01-31 04:30:00,0,0.11293539,0.033148766,0.108508326,0.06971303,0.4144162,0.18535776
2015-01-31 05:00:00,0,0.11092997,0.03349054,0.10790525,0.069521256,0.55890405,0.23343329
2015-01-31 05:30:00,0,0.11891847,0.03405249,0.107428335,0.06935994,0.6773871,0.27295598
2015-01-31 06:00:00,0,0.11213059,0.03285253,0.107057214,0.06922225,0.5195322,0.21981399
2015-01-31 06:30:00,0,0.10653073,0.032327414,0.10675478,0.069101565,0.4236649,0.18758237
2015-01-31 07:00:00,0,0.11500132,0.030817747,0.106382184,0.06896179,0.38656604,0.17458867
2015-01-31 07:30:00,0,0.11002241,0.028447747,0.106282294,0.068893395,0.22815362,0.12096122
2015-01-31 08:00:00,0,0.12186638,0.026957631,0.10611497,0.06880797,0.19489443,0.10932235
2015-01-31 08:30:00,0,0.10313202,0.02858305,0.106300235,0.06881593,0.19747302,0.11078543
2015-01-31 09:00:00,0,0.09794033,0.033121467,0.106311105,0.06877906,0.12928453,0.08957237
2015-01-31 09:30:00,0,0.08386398,0.034393787,0.106803514,0.06887259,0.16694209,0.10271313
2015-01-31 10:00:00,0,0.08451316,0.034534574,0.10664217,0.06879321,0.11030891,0.083828546
2015-01-31 10:30:00,0,0.09558414,0.03445053,0.10684385,0.06881203,0.17246532,0.10458657
2015-01-31 11:00:00,0,0.09529289,0.03572929,0.10678416,0.06876406,0.19246697,0.111660145
2015-01-31 11:30:00,0,0.10405768,0.040667295,0.10706344,0.068811886,0.40413845,0.18395638
2015-01-31 12:00:00,0,0.103213914,0.04307294,0.10705809,0.06878816,0.19236721,0.11416608
2015-01-31 12:30:00,0,0.11010677,0.046945572,0.107087635,0.06877561,0.7033969,0.28581002
2015-01-31 13:00:00,0,0.1065655,0.05213225,0.107032396,0.06874359,0.123276815,0.094147146
2015-01-31 13:30:00,0,0.10661907,0.059566736,0.10706043,0.06873882,0.23559806,0.13407508
2015-01-31 14:00:00,0,0.10124287,0.06267488,0.106881544,0.068682134,0.22411828,0.1312249
2015-01-31 14:30:00,0,0.10256075,0.06341386,0.106857814,0.06867151,0.27331227,0.14786132
2015-01-31 15:00:00,0,0.101921186,0.06182909,0.106940135,0.06869565,0.17759824,0.11545583
2015-01-31 15:30:00,0,0.10475749,0.068606734,0.1072141,0.06877739,0.15294595,0.10958892
2015-01-31 16:00:00,0,0.10493179,0.072787166,0.10714387,0.068769276,0.18967874,0.123203255
2015-01-31 16:30:00,0,0.09574698,0.07272422,0.107116155,0.0687735,0.14665882,0.108833075
2015-01-31 17:00:00,0,0.09932512,0.07326424,0.10737653,0.06886111,0.1359434,0.10552806
2015-01-31 17:30:00,0,0.10721276,0.075604916,0.108027786,0.06906277,0.05095307,0.07819526
2015-01-31 18:00:00,0,0.13449042,0.07968187,0.108730495,0.06928532,0.33473447,0.17438228
2015-01-31 18:30:00,0,0.1772123,0.08173275,0.10931593,0.06947974,0.29385105,0.16163324
2015-01-31 19:00:00,0,0.2952507,0.08864963,0.10994878,0.0696898,0.37965453,0.19275098
2015-01-31 19:30:00,0,0.21985993,0.09189415,0.11025429,0.06981134,0.18266664,0.1282717
2015-01-31 20:00:00,0,0.118618935,0.088495255,0.110249475,0.06984455,0.16335976,0.12070149
2015-01-31 20:30:00,0,0.10644948,0.08509827,0.11029481,0.06988927,0.31058133,0.16865814
2015-01-31 21:00:00,0,0.10566636,0.08457148,0.11060564,0.07000708,0.46850175,0.22122629
2015-01-31 21:30:00,0,0.117970094,0.082990885,0.11093166,0.070132926,0.17072839,0.121550314
2015-01-31 22:00:00,0,0.123066396,0.082927585,0.11127148,0.070264004,0.09186783,0.09535563
2015-01-31 22:30:00,0,0.17899582,0.08275521,0.111666694,0.070410006,0.24713539,0.14718576
2015-01-31 23:00:00,0,0.145417,0.08182919,0.11185813,0.07049668,0.25825995,0.15064909
2015-01-31 23:30:00,0,0.13755588,0.08046746,0.112033956,0.07056909,0.3117626,0.168088
