timestamp,label,true_severity,MLP_score,KRN_score,LOF_score,GRU_score,MLP_pred,KRN_pred,LOF_pred,GRU_pred
2014-12-20 00:00:00,0,0.12700297,0.856928,0.68495697,0.034290552,0.0,1,1,0,0
2014-12-20 00:30:00,0,0.11213804,0.62564856,0.6299229,0.049311817,0.0,1,1,0,0
2014-12-20 01:00:00,0,0.10630301,0.3593208,0.7016017,0.051279247,0.0,0,1,0,0
2014-12-20 01:30:00,0,0.10294257,0.2806353,0.7101502,0.052943766,0.0,0,1,0,0
2014-12-20 02:00:00,0,0.091932334,0.31905416,0.68408805,0.044255793,0.0,0,1,0,0
2014-12-20 02:30:00,0,0.088053085,0.31905416,0.48294756,0.06094283,0.0,0,0,0,0
2014-12-20 03:00:00,0,0.104599744,0.3618087,0.5002099,0.04843414,0.0,0,0,0,0
2014-12-20 03:30:00,0,0.10896542,0.48808753,0.45202327,0.03454435,0.0,0,0,0,0
2014-12-20 04:00:00,0,0.12039037,0.673204,0.5526416,0.04959625,0.0,1,0,0,0
2014-12-20 04:30:00,0,0.11004928,0.673204,0.29793105,0.25508964,0.0,1,0,1,0
2014-12-20 05:00:00,0,0.10924689,0.373621,0.2875656,0.14455342,0.0,0,0,1,0
2014-12-20 05:30:00,0,0.11686926,0.373621,0.28528067,0.045211673,0.0,0,0,0,0
2014-12-20 06:00:00,0,0.11253095,0.36723274,0.24802546,0.019720376,0.0,0,0,0,0
2014-12-20 06:30:00,0,0.11582008,0.35249278,0.25628284,0.06547904,0.0,0,0,0,0
2014-12-20 07:00:00,0,0.114634246,0.36040363,0.46942422,0.050448656,0.0,0,0,0,0
2014-12-20 07:30:00,0,0.11650138,0.36040363,0.44611305,0.050367177,0.0,0,0,0,0
2014-12-20 08:00:00,0,0.124010354,0.43921298,0.45235917,0.056480706,0.0,0,0,0,0
2014-12-20 08:30:00,0,0.12511164,0.43921298,0.27837074,0.05162072,0.0,0,0,0,0
2014-12-20 09:00:00,0,0.11072709,0.46031812,0.30598527,0.048647106,0.0,0,0,0,0
2014-12-20 09:30:00,0,0.09204451,0.46031812,0.49948156,0.047454417,0.0,0,0,0,0
2014-12-20 10:00:00,0,0.08855233,0.37500298,0.49694043,0.045889914,0.0,0,0,0,0
2014-12-20 10:30:00,0,0.08868045,0.68359435,0.7626307,0.06704831,0.0,1,1,0,0
2014-12-20 11:00:00,0,0.093418226,0.72806406,0.7830898,0.06200719,0.0,1,1,0,0
2014-12-20 11:30:00,0,0.10038702,0.87851685,0.8688574,0.07378942,0.0,1,1,0,0
2014-12-20 12:00:00,0,0.10465998,0.9259299,0.9217267,0.079612255,0.0,1,1,0,0
2014-12-20 12:30:00,0,0.10599466,0.92625254,0.91952544,0.08670157,0.0,1,1,0,0
2014-12-20 13:00:00,0,0.10505876,0.92625254,0.9063854,0.08120799,0.0,1,1,0,0
2014-12-20 13:30:00,0,0.11154636,0.9174987,0.8623196,0.055932224,0.0,1,1,0,0
2014-12-20 14:00:00,0,0.10904326,0.8789359,0.869373,0.06638843,0.0,1,1,0,0
2014-12-20 14:30:00,0,0.10550975,0.87339777,0.8175806,0.068547666,0.0,1,1,0,0
2014-12-20 15:00:00,0,0.103786394,0.84613883,0.796392,0.08912462,0.0,1,1,0,0
2014-12-20 15:30:00,0,0.10307589,0.83594435,0.7820452,0.1320765,0.0,1,1,1,0
2014-12-20 16:00:00,0,0.084122166,0.77836597,0.40184245,0.024380326,0.0,1,0,0,0
2014-12-20 16:30:00,0,0.09424975,0.7375344,0.5119482,0.13946277,0.0,1,0,1,0
2014-12-20 17:00:00,0,0.08681768,0.7375344,0.3459517,0.041348815,0.0,1,0,0,0
2014-12-20 17:30:00,0,0.10132871,0.54291695,0.38895836,0.054455996,0.0,0,0,0,0
2014-12-20 18:00:00,0,0.10473117,0.38367882,0.43959388,0.047985494,0.0,0,0,0,0
2014-12-20 18:30:00,0,0.11076323,0.60768443,0.6076206,0.042508245,0.0,0,1,0,0
2014-12-20 19:00:00,0,0.12255569,0.76674265,0.6909612,0.064560115,0.0,1,1,0,0
2014-12-20 19:30:00,0,0.1172373,0.76674265,0.676931,0.06093067,0.0,1,1,0,0
2014-12-20 20:00:00,0,0.10672234,0.69818884,0.50063795,0.046073496,0.0,1,0,0,0
2014-12-20 20:30:00,0,0.10568922,0.337767,0.4763649,0.033334374,0.0,0,0,0,0
2014-12-20 21:00:00,0,0.10510786,0.30085126,0.4664233,0.025832117,0.0,0,0,0,0
2014-12-20 21:30:00,0,0.10541241,0.31697175,0.54230297,0.026913166,0.0,0,0,0,0
2014-12-20 22:00:00,0,0.10548945,0.3567722,0.5097437,0.04469192,0.0,0,0,0,0
2014-12-20 22:30:00,0,0.11367459,0.4489164,0.46024734,0.045756996,0.0,0,0,0,0
2014-12-20 23:00:00,0,0.11684927,0.5079755,0.46780083,0.035950422,0.0,0,0,0,0
2014-12-20 23:30:00,0,0.119316615,0.6015232,0.58421695,0.0355348,0.016465627,0,0,0,0
2014-12-21 00:00:00,0,0.118168,0.9727553,0.90828806,0.07477933,0.018277587,1,1,0,0
2014-12-21 00:30:00,0,0.111699805,0.9727553,0.6916091,0.039224505,0.018973775,1,1,0,0
2014-12-21 01:00:00,0,0.104555525,0.905686,0.6797163,0.029799998,0.01944988,1,1,0,0
2014-12-21 01:30:00,0,0.105060466,0.69331455,0.62036264,0.042519867,0.019273201,1,1,0,0
2014-12-21 02:00:00,0,0.09174378,0.44568026,0.6697489,0.04740262,0.017832981,0,1,0,0
2014-12-21 02:30:00,0,0.084416404,0.43825594,0.58879375,0.054825306,0.016492777,0,0,0,0
2014-12-21 03:00:00,0,0.09380524,0.32823092,0.54888433,0.038589954,0.014735083,0,0,0,0
2014-12-21 03:30:00,0,0.10614584,0.32028916,0.46205142,0.04115671,0.013497134,0,0,0,0
2014-12-21 04:00:00,0,0.11485684,0.49094746,0.5211007,0.062085927,0.013372249,0,0,0,0
2014-12-21 04:30:00,0,0.11023858,0.49094746,0.2591156,0.21312934,0.017196303,0,0,1,0
2014-12-21 05:00:00,0,0.10611516,0.35910106,0.26438078,0.1418922,0.018927163,0,0,1,0
2014-12-21 05:30:00,0,0.11121887,0.40781358,0.244144,0.040996432,0.018153112,0,0,0,0
2014-12-21 06:00:00,0,0.11744565,0.40781358,0.26671526,0.0008508563,0.016707806,0,0,0,0
2014-12-21 06:30:00,0,0.11703574,0.34362268,0.3327376,0.04306382,0.016257789,0,0,0,0
2014-12-21 07:00:00,0,0.116518155,0.41420415,0.45932147,0.05697298,0.016499639,0,0,0,0
2014-12-21 07:30:00,0,0.118726574,0.41420415,0.46452078,0.06113726,0.016695105,0,0,0,0
2014-12-21 08:00:00,0,0.12320696,0.42437908,0.49566308,0.047037542,0.016400248,0,0,0,0
2014-12-21 08:30:00,0,0.12768121,0.42701095,0.42405823,0.05923444,0.016296277,0,0,0,0
2014-12-21 09:00:00,0,0.12363116,0.54408383,0.4226775,0.05259782,0.016644524,0,0,0,0
2014-12-21 09:30:00,0,0.111712955,0.54408383,0.33708292,0.048410892,0.017654773,0,0,0,0
2014-12-21 10:00:00,0,0.101445355,0.31033388,0.30883378,0.04110056,0.018102875,0,0,0,0
2014-12-21 10:30:00,0,0.08414843,0.70879614,0.76724464,0.09160352,0.020585759,1,1,0,0
2014-12-21 11:00:00,0,0.082098,0.70879614,0.6620612,0.060628355,0.021567408,1,1,0,0
2014-12-21 11:30:00,0,0.09119645,0.7397034,0.70330924,0.06313193,0.022176271,1,1,0,0
2014-12-21 12:00:00,0,0.09742787,0.76492065,0.69187474,0.060281992,0.02255452,1,1,0,0
2014-12-21 12:30:00,0,0.10316006,0.8581602,0.79930997,0.08322132,0.023709055,1,1,0,0
2014-12-21 13:00:00,0,0.099539466,0.8581602,0.7231487,0.073677,0.024365712,1,1,0,0
2014-12-21 13:30:00,0,0.09429337,0.7761862,0.664644,0.060873866,0.024247104,1,1,0,0
2014-12-21 14:00:00,0,0.096664615,0.7401705,0.66503507,0.070528924,0.0241805,1,1,0,0
2014-12-21 14:30:00,0,0.09864074,0.7401705,0.58988565,0.060947776,0.023813397,1,0,0,0
2014-12-21 15:00:00,0,0.09100119,0.66641635,0.6070725,0.06542331,0.02329775,1,1,0,0
2014-12-21 15:30:00,0,0.089822225,0.610671,0.6089055,0.07086086,0.022643479,0,1,0,0
2014-12-21 16:00:00,0,0.0853199,0.53998,0.39878765,0.038508832,0.02116369,0,0,0,0
2014-12-21 16:30:00,0,0.08894983,0.5872435,0.36549816,0.049203753,0.020663017,0,0,0,0
2014-12-21 17:00:00,0,0.08380669,0.5872435,0.27010962,0.03854966,0.020551944,0,0,0,0
2014-12-21 17:30:00,0,0.08941059,0.40951467,0.29263598,0.0456751,0.020272253,0,0,0,0
2014-12-21 18:00:00,0,0.08952722,0.3644928,0.2641203,0.032856405,0.019726919,0,0,0,0
2014-12-21 18:30:00,0,0.092559434,0.3644928,0.30355877,0.023670912,0.019060526,0,0,0,0
2014-12-21 19:00:00,0,0.09101138,0.29355988,0.3345121,0.031722605,0.018327381,0,0,0,0
2014-12-21 19:30:00,0,0.08343344,0.43663573,0.42761147,0.040585816,0.018240703,0,0,0,0
2014-12-21 20:00:00,0,0.087507844,0.62187576,0.5895811,0.060836613,0.018945847,1,0,0,0
2014-12-21 20:30:00,0,0.086131334,0.62187576,0.4274117,0.040213346,0.019445362,1,0,0,0
2014-12-21 21:00:00,0,0.089710675,0.48860016,0.52871364,0.029118538,0.019336294,0,0,0,0
2014-12-21 21:30:00,0,0.08722113,0.48860016,0.40856817,0.031716764,0.019766571,0,0,0,0
2014-12-21 22:00:00,0,0.08878476,0.50985223,0.4000774,0.046731114,0.020712292,0,0,0,0
2014-12-21 22:30:00,0,0.09945897,0.8645501,0.5900225,0.03460449,0.022250477,1,0,0,0
2014-12-21 23:00:00,0,0.102890894,0.97346073,0.66654885,0.09810382,0.026447609,1,1,0,0
2014-12-21 23:30:00,0,0.12464264,0.9954928,0.9329035,0.19857156,0.03556656,1,1,1,0
2014-12-22 00:00:00,0,0.12644717,0.9954928,0.6833343,0.061970294,0.037339244,1,1,0,0
2014-12-22 00:30:00,0,0.11021614,0.5284524,0.6291249,0.0656718,0.035526372,0,1,0,0
2014-12-22 01:00:00,0,0.114844985,0.5240666,0.6179978,0.06799811,0.034291103,0,1,0,0
2014-12-22 01:30:00,0,0.11162835,0.5240666,0.5671617,0.06203544,0.033093378,0,0,0,0
2014-12-22 02:00:00,0,0.11847829,0.4659672,0.51382923,0.04702562,0.031700548,0,0,0,0
2014-12-22 02:30:00,0,0.11407699,0.4118613,0.49932268,0.04825014,0.029757809,0,0,0,0
2014-12-22 03:00:00,0,0.12230697,0.41655496,0.43893912,0.049722075,0.028257618,0,0,0,0
2014-12-22 03:30:00,0,0.13572925,0.4470691,0.42488098,0.036395133,0.026363969,0,0,0,0
2014-12-22 04:00:00,0,0.11594623,0.4470691,0.32300445,0.025003672,0.024468925,0,0,0,0
2014-12-22 04:30:00,0,0.11958109,0.42982045,0.3103738,0.054047763,0.02313093,0,0,0,0
2014-12-22 05:00:00,0,0.117601454,0.48880163,0.33910066,0.06849277,0.023178333,0,0,0,0
2014-12-22 05:30:00,0,0.11609484,0.48880163,0.31005672,0.11716223,0.025928276,0,0,1,0
2014-12-22 06:00:00,0,0.11673459,0.47333455,0.44221216,0.09495038,0.02811227,0,0,0,0
2014-12-22 06:30:00,0,0.12235397,0.47333455,0.32090247,0.091309726,0.029974839,0,0,0,0
2014-12-22 07:00:00,0,0.11769642,0.4100954,0.4395219,0.071362734,0.030626556,0,0,0,0
2014-12-22 07:30:00,0,0.102806315,0.46242857,0.39788947,0.053172052,0.030655093,0,0,0,0
2014-12-22 08:00:00,0,0.10085812,0.4835889,0.39661145,0.09768021,0.033624165,0,0,0,0
2014-12-22 08:30:00,0,0.08701696,0.4835889,0.28967834,0.02974224,0.03294574,0,0,0,0
2014-12-22 09:00:00,0,0.0872831,0.3271032,0.27427813,0.04081452,0.03195884,0,0,0,0
2014-12-22 09:30:00,0,0.08698597,0.34400213,0.3998221,0.046969175,0.030913295,0,0,0,0
2014-12-22 10:00:00,0,0.08829203,0.3507752,0.33281472,0.04812157,0.031110259,0,0,0,0
2014-12-22 10:30:00,0,0.08991617,0.3507752,0.41658083,0.044757187,0.030671725,0,0,0,0
2014-12-22 11:00:00,0,0.08664323,0.29441914,0.46260405,0.06513286,0.030665586,0,0,0,0
2014-12-22 11:30:00,0,0.084448144,0.5083473,0.57681865,0.22867835,0.04030792,0,0,1,0
2014-12-22 12:00:00,0,0.085620135,0.5314881,0.5406683,0.25145316,0.05394985,0,0,1,0
2014-12-22 12:30:00,0,0.084530115,0.5421163,0.5508251,0.2732414,0.07316145,0,0,1,0
2014-12-22 13:00:00,0,0.0849212,0.5421163,0.460454,0.15005106,0.08197022,0,0,1,0
2014-12-22 13:30:00,0,0.08416206,0.60663426,0.55528784,0.21445763,0.10308402,0,0,1,0
2014-12-22 14:00:00,0,0.08278053,0.6124584,0.48376122,0.1568352,0.1199902,0,0,1,0
2014-12-22 14:30:00,0,0.08578613,0.6631787,0.47594193,0.17213672,0.14490612,1,0,1,0
2014-12-22 15:00:00,0,0.08198693,0.6631787,0.4630268,0.12650716,0.16767563,1,0,1,0
2014-12-22 15:30:00,0,0.08987572,0.6413133,0.339762,0.04563546,0.17631511,1,0,0,0
2014-12-22 16:00:00,0,0.102300204,0.65509677,0.5547658,0.13117015,0.20462707,1,0,1,0
2014-12-22 16:30:00,0,0.10569433,0.86530685,0.72852725,0.35809898,0.31756213,1,1,1,0
2014-12-22 17:00:00,0,0.09218007,0.86530685,0.5786577,0.08608502,0.35691592,1,0,0,0
2014-12-22 17:30:00,0,0.08506707,0.7023588,0.5294736,0.09005773,0.403362,1,0,0,0
2014-12-22 18:00:00,0,0.096665815,0.5112596,0.48186842,0.06483358,0.4445342,0,0,0,0
2014-12-22 18:30:00,0,0.09498415,0.4218514,0.6167315,0.056210518,0.48577806,0,1,0,0
2014-12-22 19:00:00,0,0.10202469,0.4218514,0.5407331,0.041463375,0.52388155,0,0,0,0
2014-12-22 19:30:00,0,0.09641859,0.5547587,0.5952053,0.08340925,0.56815267,0,0,0,0
2014-12-22 20:00:00,0,0.08786794,0.6998101,0.64653474,0.109537184,0.61441016,1,1,1,0
2014-12-22 20:30:00,0,0.09009542,0.6998101,0.3987587,0.049012363,0.63493514,1,0,0,0
2014-12-22 21:00:00,0,0.09008246,0.55355775,0.34879294,0.03397274,0.6678323,0,0,0,0
2014-12-22 21:30:00,0,0.09416558,0.46533424,0.3362484,0.035607398,0.6650695,0,0,0,0
2014-12-22 22:00:00,0,0.09014495,0.30564564,0.30469334,0.053100348,0.6435514,0,0,0,0
2014-12-22 22:30:00,0,0.08471607,0.29149014,0.3181399,0.053860843,0.6108303,0,0,0,0
2014-12-22 23:00:00,0,0.103910446,0.4916412,0.32774225,0.046218574,0.55347073,0,0,0,0
2014-12-22 23:30:00,0,0.11048262,0.4916412,0.28428182,0.05681628,0.4905708,0,0,0,0
2014-12-23 00:00:00,0,0.12413477,0.36531723,0.330706,0.13099217,0.5026439,0,0,1,0
2014-12-23 00:30:00,0,0.12455565,0.40880224,0.34067178,0.072105885,0.50820524,0,0,0,0
2014-12-23 01:00:00,0,0.11793969,0.6131249,0.48021123,0.046895146,0.4961787,0,0,0,0
2014-12-23 01:30:00,0,0.12271535,0.6131249,0.46410125,0.08541566,0.494816,0,0,0,0
2014-12-23 02:00:00,0,0.10639052,0.60676414,0.37823173,0.046288908,0.48049617,0,0,0,0
2014-12-23 02:30:00,0,0.11844221,0.5229958,0.30815122,0.052074432,0.46519065,0,0,0,0
2014-12-23 03:00:00,0,0.11417639,0.44626492,0.3313234,0.05185598,0.4411294,0,0,0,0
2014-12-23 03:30:00,0,0.11311569,0.4448252,0.33597362,0.0591352,0.41824827,0,0,0,0
2014-12-23 04:00:00,0,0.11422304,0.40499163,0.3610758,0.109428346,0.41200086,0,0,1,0
2014-12-23 04:30:00,0,0.11869824,0.38787907,0.3015777,0.06271851,0.38620085,0,0,0,0
2014-12-23 05:00:00,0,0.113645524,0.41349152,0.25134212,0.11077064,0.3830003,0,0,1,0
2014-12-23 05:30:00,0,0.11014029,0.4555408,0.2713965,0.28162473,0.45890254,0,0,1,0
2014-12-23 06:00:00,0,0.12171908,0.6610312,0.47165397,0.068318605,0.47230276,1,0,0,0
2014-12-23 06:30:00,0,0.122833624,0.6610312,0.6045864,0.10799074,0.49101666,1,1,1,0
2014-12-23 07:00:00,0,0.12062188,0.8789336,0.8458623,0.09817433,0.50704324,1,1,0,0
2014-12-23 07:30:00,0,0.09982248,0.8789336,0.8475451,0.052393675,0.4975479,1,1,0,0
2014-12-23 08:00:00,0,0.098693006,0.8518066,0.86929905,0.11595428,0.50231564,1,1,1,0
2014-12-23 08:30:00,0,0.08377219,0.7273893,0.67111707,0.12412411,0.51955205,1,1,1,0
2014-12-23 09:00:00,0,0.08680582,0.40730253,0.5964558,0.13882667,0.5348592,0,0,1,0
2014-12-23 09:30:00,0,0.08503999,0.40730253,0.35758254,0.058959663,0.52534974,0,0,0,0
2014-12-23 10:00:00,0,0.086935185,0.40519494,0.26957306,0.033886373,0.50310904,0,0,0,0
2014-12-23 10:30:00,0,0.08584547,0.40519494,0.24636146,0.03062731,0.47955254,0,0,0,0
2014-12-23 11:00:00,0,0.0859967,0.45347682,0.25185162,0.035027325,0.45351663,0,0,0,0
2014-12-23 11:30:00,1,0.084299415,0.45347682,0.38464847,0.047562838,0.40528685,0,0,0,0
2014-12-23 12:00:00,1,0.08270946,0.48599684,0.4475912,0.07729626,0.37539962,0,0,0,0
2014-12-23 12:30:00,1,0.08453552,0.5103794,0.4818874,0.10356504,0.36790076,0,0,1,0
2014-12-23 13:00:00,1,0.082528055,0.5103794,0.49055982,0.07608026,0.35531917,0,0,0,0
2014-12-23 13:30:00,1,0.08981485,0.6916961,0.6035468,0.1793322,0.39419445,1,1,1,0
2014-12-23 14:00:00,1,0.08683585,0.6916961,0.34337378,0.032326937,0.38696355,1,0,0,0
2014-12-23 14:30:00,1,0.088828206,0.6624789,0.40361416,0.06786686,0.3895585,1,0,0,0
2014-12-23 15:00:00,1,0.08272647,0.6624789,0.3262815,0.044701755,0.38242853,1,0,0,0
2014-12-23 15:30:00,1,0.087403715,0.52379155,0.2691386,0.068938494,0.38218194,0,0,0,0
2014-12-23 16:00:00,1,0.10151365,0.61838084,0.43192428,0.04253459,0.36496595,1,0,0,0
2014-12-23 16:30:00,1,0.10492103,0.85787106,0.6998735,0.22407293,0.3302832,1,1,1,0
2014-12-23 17:00:00,1,0.098923706,0.85787106,0.62991583,0.057480335,0.33252767,1,1,0,0
2014-12-23 17:30:00,1,0.08240856,0.76845187,0.725667,0.11122751,0.35345134,1,1,1,0
2014-12-23 18:00:00,1,0.093979046,0.7338219,0.7253232,0.106555164,0.40179697,1,1,1,0
2014-12-23 18:30:00,1,0.09407012,0.7475757,0.8089885,0.1075806,0.47326356,1,1,1,0
2014-12-23 19:00:00,1,0.0986478,0.86251384,0.8989341,0.15042484,0.5413127,1,1,1,0
2014-12-23 19:30:00,1,0.08993552,0.9375993,0.93864393,0.29830062,0.6510057,1,1,1,0
2014-12-23 20:00:00,1,0.083812736,0.96047,0.92971134,0.4447682,0.79988664,1,1,1,0
2014-12-23 20:30:00,1,0.08323158,0.97872764,0.95360255,0.39842033,0.8942787,1,1,1,1
2014-12-23 21:00:00,1,0.08558026,0.97872764,0.9686165,0.2823342,0.93620205,1,1,1,1
2014-12-23 21:30:00,1,0.08178651,0.97339433,0.92211163,0.102668464,0.94676715,1,1,1,1
2014-12-23 22:00:00,1,0.08841128,0.9534611,0.9610661,0.09671694,0.95099723,1,1,0,1
2014-12-23 22:30:00,1,0.08883059,0.9534611,0.9450658,0.09933013,0.9533248,1,1,0,1
2014-12-23 23:00:00,1,0.10384062,0.9512536,0.8804065,0.13347477,0.95760417,1,1,1,1
2014-12-23 23:30:00,1,0.11056462,0.90641713,0.6750068,0.13686001,0.96312016,1,1,1,1
2014-12-24 00:00:00,1,0.113701314,0.6337742,0.4758269,0.10245788,0.96571124,1,0,1,1
2014-12-24 00:30:00,1,0.12188397,0.5573903,0.3010494,0.07297897,0.96674794,0,0,0,1
2014-12-24 01:00:00,1,0.122522734,0.3254863,0.26813915,0.06780136,0.96582365,0,0,0,1
2014-12-24 01:30:00,1,0.11943554,0.36178493,0.35691452,0.054859996,0.96179414,0,0,0,1
2014-12-24 02:00:00,1,0.11825804,0.43902203,0.42101213,0.050795317,0.9565404,0,0,0,1
2014-12-24 02:30:00,1,0.10617599,0.43902203,0.40141612,0.058273554,0.9512304,0,0,0,1
2014-12-24 03:00:00,1,0.11986981,0.4356382,0.33504152,0.05229944,0.94541836,0,0,0,1
2014-12-24 03:30:00,1,0.12252795,0.45293128,0.3786816,0.06460017,0.9390767,0,0,0,1
2014-12-24 04:00:00,1,0.118197456,0.49669546,0.42486614,0.18316668,0.94370615,0,0,1,1
2014-12-24 04:30:00,1,0.11460681,0.49669546,0.3183045,0.061154246,0.9397934,0,0,0,1
2014-12-24 05:00:00,1,0.11416204,0.43554148,0.25603455,0.070684195,0.93392783,0,0,0,1
2014-12-24 05:30:00,1,0.11246882,0.6199824,0.3887886,0.2239154,0.9308179,1,0,1,1
2014-12-24 06:00:00,1,0.116283454,0.8101488,0.67242074,0.06641996,0.92730623,1,1,0,1
2014-12-24 06:30:00,1,0.111941,0.9206615,0.9221616,0.15109688,0.9295017,1,1,1,1
2014-12-24 07:00:00,1,0.11803251,0.9936028,0.99323916,0.21563178,0.9436258,1,1,1,1
2014-12-24 07:30:00,1,0.12093376,0.99688977,0.9977385,0.16264838,0.95500636,1,1,1,1
2014-12-24 08:00:00,1,0.12566245,0.99688977,0.9984301,0.19317687,0.96273607,1,1,1,1
2014-12-24 08:30:00,1,0.10278216,0.9949262,0.99419796,0.13910723,0.9648904,1,1,1,1
2014-12-24 09:00:00,1,0.102436095,0.979044,0.97225404,0.53100586,0.9836743,1,1,1,1
2014-12-24 09:30:00,1,0.086499564,0.94438666,0.62521285,0.14859587,0.9870881,1,1,1,1
2014-12-24 10:00:00,1,0.08350629,0.6334391,0.395274,0.059705257,0.98779386,1,0,0,1
2014-12-24 10:30:00,1,0.08540799,0.40736198,0.29579705,0.03411907,0.9871021,0,0,0,1
2014-12-24 11:00:00,1,0.08942331,0.45920277,0.69347894,0.20693725,0.98804176,0,1,1,1
2014-12-24 11:30:00,1,0.088353135,0.45920277,0.4714259,0.105261624,0.9880739,0,0,1,1
2014-12-24 12:00:00,1,0.08303522,0.41765404,0.34395605,0.07471478,0.9874308,0,0,0,1
2014-12-24 12:30:00,1,0.09362294,0.7255187,0.74561095,0.42330527,0.9916224,1,1,1,1
2014-12-24 13:00:00,1,0.09884045,0.86883664,0.8948994,0.7688186,0.9964927,1,1,1,1
2014-12-24 13:30:00,1,0.09489442,0.86883664,0.6311516,0.27958357,0.99670714,1,1,1,1
2014-12-24 14:00:00,1,0.0905327,0.69301856,0.49689245,0.13013625,0.9964336,1,0,1,1
2014-12-24 14:30:00,1,0.084406465,0.6565204,0.33526373,0.019457579,0.99565,1,0,0,1
2014-12-24 15:00:00,1,0.08290464,0.38069764,0.29903656,0.07107651,0.9950088,0,0,0,1
2014-12-24 15:30:00,1,0.085267015,0.47360086,0.39926982,0.06933379,0.9941287,0,0,0,1
2014-12-24 16:00:00,1,0.09096919,0.47360086,0.4231242,0.05832368,0.99325645,0,0,0,1
2014-12-24 16:30:00,1,0.092208244,0.34288284,0.37286893,0.038093626,0.99137247,0,0,0,1
2014-12-24 17:00:00,1,0.0839249,0.34288284,0.26690614,0.13609326,0.9914158,0,0,1,1
2014-12-24 17:30:00,1,0.086950146,0.68872327,0.78064936,0.14638358,0.9908598,1,1,1,1
2014-12-24 18:00:00,1,0.08478402,0.900285,0.9521594,0.13059902,0.99040973,1,1,1,1
2014-12-24 18:30:00,1,0.087207906,0.9789954,0.9888891,0.20120597,0.99130976,1,1,1,1
2014-12-24 19:00:00,1,0.09270678,0.99488705,0.9977843,0.4927888,0.9948443,1,1,1,1
2014-12-24 19:30:00,1,0.10355105,0.9988739,0.9993426,0.9216275,0.99788,1,1,1,1
2014-12-24 20:00:00,1,0.10573003,0.9996611,0.9996151,1.218473,0.99898094,1,1,1,1
2014-12-24 20:30:00,1,0.10523951,0.99967504,0.99946576,0.57673025,0.9989066,1,1,1,1
2014-12-24 21:00:00,1,0.10923726,0.99972564,0.9997503,0.42175597,0.99872404,1,1,1,1
2014-12-24 21:30:00,1,0.10439974,0.99972564,0.9996406,0.28434956,0.99849105,1,1,1,1
2014-12-24 22:00:00,1,0.112152725,0.99941134,0.9995963,0.21998626,0.9982285,1,1,1,1
2014-12-24 22:30:00,1,0.10487041,0.9991634,0.99867886,0.15636092,0.9978866,1,1,1,1
2014-12-24 23:00:00,1,0.1046524,0.99767834,0.99627495,0.14931637,0.99755716,1,1,1,1
2014-12-24 23:30:00,1,0.11394829,0.99631774,0.9751951,0.11755836,0.9971566,1,1,1,1
2014-12-25 00:00:00,1,0.12036997,0.97890717,0.91884434,0.07118136,0.99664825,1,1,0,1
2014-12-25 00:30:00,1,0.12628372,0.9437261,0.51890624,0.06113106,0.9964174,1,0,0,1
2014-12-25 01:00:00,1,0.12610461,0.61722445,0.30189556,0.061627507,0.99619967,1,0,0,1
2014-12-25 01:30:00,1,0.11206041,0.33351585,0.29536957,0.06878209,0.99575484,0,0,0,1
2014-12-25 02:00:00,1,0.123778604,0.41797405,0.37473434,0.046801805,0.99501795,0,0,0,1
2014-12-25 02:30:00,1,0.11491516,0.4457137,0.38896865,0.060773194,0.99436295,0,0,0,1
2014-12-25 03:00:00,1,0.1161848,0.4457137,0.33034083,0.056648314,0.99374384,0,0,0,1
2014-12-25 03:30:00,1,0.11814828,0.3990013,0.30490342,0.05359924,0.9930332,0,0,0,1
2014-12-25 04:00:00,1,0.1174607,0.38256437,0.28536052,0.0454697,0.99197465,0,0,0,1
2014-12-25 04:30:00,1,0.1274973,0.42576137,0.32766214,0.053888083,0.9910296,0,0,0,1
2014-12-25 05:00:00,1,0.18301822,0.65822864,0.4683282,0.10827702,0.99080724,1,0,1,1
2014-12-25 05:30:00,1,0.19366558,0.88151205,0.7758296,0.4061604,0.9937558,1,1,1,1
2014-12-25 06:00:00,1,0.12886454,0.9756874,0.95652115,0.5051005,0.9962663,1,1,1,1
2014-12-25 06:30:00,1,0.11301101,0.9974347,0.9974598,0.6227877,0.99778926,1,1,1,1
2014-12-25 07:00:00,1,0.115217835,0.99987996,0.9998479,0.97466063,0.9988682,1,1,1,1
2014-12-25 07:30:00,1,0.120488845,0.9999647,0.99998164,0.953217,0.99920505,1,1,1,1
2014-12-25 08:00:00,1,0.12030746,0.9999728,0.999995,1.0942358,0.9994004,1,1,1,1
2014-12-25 08:30:00,1,0.11660656,0.9999728,0.99999475,0.8254521,0.99940646,1,1,1,1
2014-12-25 09:00:00,1,0.11098046,0.99996376,0.9999858,0.9612644,0.9994506,1,1,1,1
2014-12-25 09:30:00,1,0.11639634,0.99994123,0.9999331,0.8443177,0.99945444,1,1,1,1
2014-12-25 10:00:00,1,0.112840064,0.9998541,0.99964166,0.73949146,0.9994349,1,1,1,1
2014-12-25 10:30:00,1,0.12642135,0.99964416,0.9987122,0.8484087,0.99947125,1,1,1,1
2014-12-25 11:00:00,1,0.124671526,0.9990073,0.99702114,1.3345773,0.999605,1,1,1,1
2014-12-25 11:30:00,1,0.12749179,0.99811673,0.99599224,1.5844342,0.99968624,1,1,1,1
2014-12-25 12:00:00,1,0.12480136,0.9954963,0.9951917,1.7038168,0.99972886,1,1,1,1
2014-12-25 12:30:00,1,0.11841952,0.99229336,0.98950386,1.7474266,0.99974805,1,1,1,1
2014-12-25 13:00:00,1,0.120045245,0.98631,0.9896578,1.538859,0.9997335,1,1,1,1
2014-12-25 13:30:00,1,0.11488332,0.98631,0.9887418,1.1678585,0.9996977,1,1,1,1
2014-12-25 14:00:00,1,0.11466847,0.97604865,0.9919512,0.9060849,0.9996474,1,1,1,1
2014-12-25 14:30:00,1,0.10519958,0.97370595,0.9827679,0.53202116,0.99954,1,1,1,1
2014-12-25 15:00:00,1,0.10225653,0.93751544,0.9727729,0.36623156,0.9993986,1,1,1,1
2014-12-25 15:30:00,1,0.106366485,0.924769,0.92454475,0.29053485,0.9992465,1,1,1,1
2014-12-25 16:00:00,1,0.11306166,0.9096604,0.8253341,0.32653093,0.99915695,1,1,1,1
2014-12-25 16:30:00,1,0.123553015,0.9462659,0.87626594,0.5515139,0.9992341,1,1,1,1
2014-12-25 17:00:00,1,0.12013668,0.97069955,0.9721715,0.5354246,0.9992506,1,1,1,1
2014-12-25 17:30:00,1,0.11884931,0.99472624,0.9971071,0.60042727,0.99929464,1,1,1,1
2014-12-25 18:00:00,1,0.11836982,0.9991208,0.99961865,0.7458564,0.9993864,1,1,1,1
2014-12-25 18:30:00,1,0.11156657,0.9997118,0.9998493,0.77013576,0.99943894,1,1,1,1
2014-12-25 19:00:00,1,0.1120957,0.99988556,0.9999547,0.9812343,0.9995285,1,1,1,1
2014-12-25 19:30:00,1,0.11971092,0.9999615,0.9999769,1.2366488,0.9996158,1,1,1,1
2014-12-25 20:00:00,1,0.12543537,0.9999809,0.99998116,1.2169667,0.99962676,1,1,1,1
2014-12-25 20:30:00,1,0.12153287,0.9999809,0.9999589,0.7646533,0.99953043,1,1,1,1
2014-12-25 21:00:00,1,0.123032175,0.9999709,0.99997544,0.6964196,0.99943656,1,1,1,1
2014-12-25 21:30:00,1,0.11123623,0.9999709,0.9999448,0.4469018,0.99926525,1,1,1,1
2014-12-25 22:00:00,1,0.11712116,0.99991214,0.99995625,0.37094772,0.99908686,1,1,1,1
2014-12-25 22:30:00,1,0.11767588,0.99991214,0.9999416,0.24128175,0.9988354,1,1,1,1
2014-12-25 23:00:00,1,0.12422741,0.99994946,0.9999807,0.3646012,0.9987733,1,1,1,1
2014-12-25 23:30:00,1,0.12563735,0.99994946,0.99991226,0.2743401,0.99862075,1,1,1,1
2014-12-26 00:00:00,1,0.11124164,0.9999435,0.9999181,0.6500416,0.9989557,1,1,1,1
2014-12-26 00:30:00,1,0.113950066,0.9999435,0.9994754,0.71459174,0.999148,1,1,1,1
2014-12-26 01:00:00,1,0.107228376,0.99967325,0.9973115,0.6871904,0.9992274,1,1,1,1
2014-12-26 01:30:00,1,0.122970164,0.99795914,0.9930206,0.86825323,0.9993617,1,1,1,1
2014-12-26 02:00:00,1,0.11352695,0.9929624,0.97867054,0.77954113,0.9993988,1,1,1,1
2014-12-26 02:30:00,1,0.12186464,0.9748848,0.95116955,0.79818404,0.9994318,1,1,1,1
2014-12-26 03:00:00,1,0.16212824,0.93830407,0.90415925,0.81148875,0.99945945,1,1,1,1
2014-12-26 03:30:00,1,0.2140742,0.8748318,0.84984356,0.7293838,0.9994518,1,1,1,1
2014-12-26 04:00:00,1,0.15101472,0.80605966,0.7355059,0.40055424,0.9993224,1,1,1,1
2014-12-26 04:30:00,1,0.22750978,0.7260757,0.66614044,0.38290006,0.99921334,1,1,1,1
2014-12-26 05:00:00,1,0.23694447,0.7889693,0.64017045,0.40128124,0.99914026,1,1,1,1
2014-12-26 05:30:00,1,0.14409226,0.8608853,0.7349138,0.3271165,0.9990133,1,1,1,1
2014-12-26 06:00:00,1,0.11305254,0.9395191,0.89411247,0.23206651,0.99879324,1,1,1,1
2014-12-26 06:30:00,1,0.11224889,0.9841702,0.98177415,0.2786969,0.9986626,1,1,1,1
2014-12-26 07:00:00,1,0.104118444,0.9977456,0.99699533,0.22380793,0.9984812,1,1,1,1
2014-12-26 07:30:00,1,0.119368896,0.9991033,0.99907076,0.26624024,0.99840397,1,1,1,1
2014-12-26 08:00:00,1,0.11791755,0.9991033,0.99940896,0.3202415,0.9984308,1,1,1,1
2014-12-26 08:30:00,1,0.12082684,0.9990614,0.999281,0.29460078,0.99839956,1,1,1,1
2014-12-26 09:00:00,1,0.12515673,0.9982058,0.99815863,0.31007516,0.9983979,1,1,1,1
2014-12-26 09:30:00,1,0.124990694,0.9963605,0.99481684,0.3345248,0.99843305,1,1,1,1
2014-12-26 10:00:00,1,0.12279274,0.9936208,0.9804159,0.6301969,0.9988489,1,1,1,1
2014-12-26 10:30:00,1,0.11408898,0.98727787,0.96539026,0.7294805,0.9991233,1,1,1,1
2014-12-26 11:00:00,1,0.10822586,0.97844166,0.94069016,0.65808225,0.99921477,1,1,1,1
2014-12-26 11:30:00,1,0.10492958,0.96310455,0.90347666,0.44963413,0.9991479,1,1,1,1
2014-12-26 12:00:00,1,0.09979421,0.8953454,0.8880768,0.43898773,0.99910235,1,1,1,1
2014-12-26 12:30:00,1,0.10224928,0.8496253,0.80384666,0.42412168,0.999073,1,1,1,1
2014-12-26 13:00:00,1,0.09816853,0.78378654,0.72403145,0.3985176,0.9990393,1,1,1,1
2014-12-26 13:30:00,1,0.10375277,0.7895757,0.8397983,0.58251417,0.9991387,1,1,1,1
2014-12-26 14:00:00,1,0.10026124,0.7895757,0.8635079,0.45046657,0.99909544,1,1,1,1
2014-12-26 14:30:00,1,0.09186906,0.72161627,0.70721513,0.0947113,0.99873465,1,1,0,1
2014-12-26 15:00:00,1,0.08874133,0.46454218,0.43275344,0.05677706,0.99833626,0,0,0,1
2014-12-26 15:30:00,1,0.0907205,0.30492958,0.29020172,0.047629654,0.9978636,0,0,0,1
2014-12-26 16:00:00,1,0.09134527,0.3400858,0.35221767,0.030488968,0.9972126,0,0,0,1
2014-12-26 16:30:00,1,0.09901834,0.50544053,0.24409007,0.041500032,0.99666,0,0,0,1
2014-12-26 17:00:00,1,0.088479824,0.5159635,0.41437855,0.08891648,0.9961892,0,0,0,1
2014-12-26 17:30:00,1,0.08655386,0.788821,0.7901989,0.17749858,0.9960224,1,1,1,1
2014-12-26 18:00:00,1,0.08570178,0.93728554,0.94873255,0.13570029,0.99571687,1,1,1,1
2014-12-26 18:30:00,1,0.08564324,0.98034465,0.98554534,0.1410467,0.99555546,1,1,1,1
2014-12-26 19:00:00,1,0.08415089,0.98034465,0.9814858,0.15417498,0.99556476,1,1,1,1
2014-12-26 19:30:00,1,0.08667953,0.9929934,0.99407226,0.30090147,0.9964132,1,1,1,1
2014-12-26 20:00:00,1,0.09750668,0.99827933,0.99717206,0.44862592,0.9975055,1,1,1,1
2014-12-26 20:30:00,1,0.09167817,0.99827933,0.99546576,0.40008444,0.99796873,1,1,1,1
2014-12-26 21:00:00,1,0.10335055,0.99871993,0.9970216,0.33844483,0.9981104,1,1,1,1
2014-12-26 21:30:00,1,0.10441393,0.99871993,0.9975672,0.293725,0.9981178,1,1,1,1
2014-12-26 22:00:00,1,0.088861585,0.998616,0.996843,0.19012153,0.9979001,1,1,1,1
2014-12-26 22:30:00,1,0.08836689,0.99690264,0.99706405,0.10232824,0.9974706,1,1,1,1
2014-12-26 23:00:00,1,0.10121021,0.99693966,0.9991592,0.09071261,0.99701643,1,1,0,1
2014-12-26 23:30:00,1,0.09879064,0.9972064,0.9992131,0.06646097,0.99646074,1,1,0,1
2014-12-27 00:00:00,1,0.102432325,0.99912053,0.9993205,0.42549658,0.9974807,1,1,1,1
2014-12-27 00:30:00,1,0.10237729,0.9996295,0.9993204,0.44972974,0.998109,1,1,1,1
2014-12-27 01:00:00,1,0.11005277,0.9996295,0.9984804,0.37635094,0.9983273,1,1,1,1
2014-12-27 01:30:00,1,0.12343626,0.9996088,0.99758625,0.33118355,0.9983986,1,1,1,1
2014-12-27 02:00:00,1,0.12631018,0.9994832,0.99448675,0.2144351,0.99824893,1,1,1,1
2014-12-27 02:30:00,1,0.123940915,0.9982743,0.99021786,0.20690656,0.9981238,1,1,1,1
2014-12-27 03:00:00,1,0.12173735,0.995385,0.96548027,0.1440165,0.9978854,1,1,1,1
2014-12-27 03:30:00,1,0.112455815,0.9765535,0.9354621,0.271905,0.99800104,1,1,1,1
2014-12-27 04:00:00,1,0.123200774,0.91847533,0.8237199,0.23411167,0.9980254,1,1,1,1
2014-12-27 04:30:00,1,0.11069277,0.726551,0.64677495,0.21490437,0.998004,1,1,1,1
2014-12-27 05:00:00,1,0.1135643,0.732096,0.56999445,0.15797639,0.99783033,1,0,1,1
2014-12-27 05:30:00,1,0.122475296,0.732096,0.5085281,0.19131303,0.997778,1,0,1,1
2014-12-27 06:00:00,1,0.1197791,0.67659676,0.5567932,0.18599069,0.99768484,1,0,1,1
2014-12-27 06:30:00,1,0.113326706,0.6132,0.668482,0.21938998,0.99762243,0,1,1,1
2014-12-27 07:00:00,1,0.12005206,0.6998136,0.80395013,0.33994257,0.99786156,1,1,1,1
2014-12-27 07:30:00,1,0.11562029,0.7614013,0.84716797,0.18699753,0.9976713,1,1,1,1
2014-12-27 08:00:00,1,0.105604485,0.889592,0.91102934,0.21424139,0.9976025,1,1,1,1
2014-12-27 08:30:00,1,0.12614429,0.92582625,0.92478377,0.14589572,0.99737227,1,1,1,1
2014-12-27 09:00:00,1,0.12293862,0.9491548,0.92510074,0.08774382,0.9969693,1,1,0,1
2014-12-27 09:30:00,1,0.12637907,0.9491548,0.92184967,0.08030063,0.9965575,1,1,0,1
2014-12-27 10:00:00,1,0.122315936,0.96485114,0.9406492,0.10136759,0.99626774,1,1,0,1
2014-12-27 10:30:00,1,0.10416677,0.96485114,0.9187372,0.08013344,0.99589705,1,1,0,1
2014-12-27 11:00:00,1,0.10425097,0.9329354,0.8950605,0.08674312,0.9955499,1,1,0,1
2014-12-27 11:30:00,1,0.104842976,0.90595675,0.85412467,0.0785411,0.99514896,1,1,0,1
2014-12-27 12:00:00,1,0.09561119,0.8153928,0.7954663,0.08651483,0.9947614,1,1,0,1
2014-12-27 12:30:00,1,0.09415886,0.7487271,0.79927135,0.10125315,0.9943116,1,1,0,1
2014-12-27 13:00:00,1,0.08389674,0.7466893,0.537069,0.047417223,0.9936068,1,0,0,1
2014-12-27 13:30:00,1,0.08618518,0.5594175,0.6180786,0.04945731,0.99200505,0,1,0,1
2014-12-27 14:00:00,1,0.08793025,0.6341612,0.6685752,0.059695482,0.99011934,1,1,0,1
2014-12-27 14:30:00,1,0.08424912,0.6341612,0.5521856,0.046303272,0.9892596,1,0,0,1
2014-12-27 15:00:00,1,0.08405699,0.4887369,0.3915299,0.04339993,0.9885239,0,0,0,1
2014-12-27 15:30:00,1,0.08648306,0.39052412,0.38119647,0.037364602,0.98720145,0,0,0,1
2014-12-27 16:00:00,1,0.09062657,0.6033179,0.4155584,0.04845518,0.986139,0,0,0,1
2014-12-27 16:30:00,1,0.09806698,0.78716373,0.5852832,0.18375975,0.9878548,1,0,1,1
2014-12-27 17:00:00,1,0.0891024,0.8345175,0.715996,0.15237123,0.98881066,1,1,1,1
2014-12-27 17:30:00,1,0.08389237,0.8345175,0.7835985,0.07967967,0.9881396,1,1,0,1
2014-12-27 18:00:00,1,0.083963625,0.89491,0.8766841,0.14025962,0.98848814,1,1,1,1
2014-12-27 18:30:00,1,0.08439226,0.9138801,0.9243797,0.17529905,0.9894342,1,1,1,1
2014-12-27 19:00:00,0,0.08471441,0.9138801,0.93860304,0.11333132,0.9892229,1,1,1,1
2014-12-27 19:30:00,0,0.08598632,0.9564543,0.9683195,0.17689484,0.9899054,1,1,1,1
2014-12-27 20:00:00,0,0.08815821,0.9827801,0.9722235,0.23869765,0.991265,1,1,1,1
2014-12-27 20:30:00,0,0.09126508,0.98631406,0.9700169,0.26262867,0.992543,1,1,1,1
2014-12-27 21:00:00,0,0.08928914,0.98631406,0.9579931,0.23952717,0.9932775,1,1,1,1
2014-12-27 21:30:00,0,0.08335136,0.9825132,0.93238944,0.1876623,0.99341583,1,1,1,1
2014-12-27 22:00:00,0,0.082784444,0.96866107,0.9115072,0.15092736,0.99342865,1,1,1,1
2014-12-27 22:30:00,0,0.08404494,0.97060126,0.97421455,0.21868038,0.9941374,1,1,1,1
2014-12-27 23:00:00,0,0.08455281,0.9794676,0.98600334,0.26210123,0.9950134,1,1,1,1
2014-12-27 23:30:00,0,0.08473784,0.9794676,0.98504525,0.25237602,0.99558276,1,1,1,1
2014-12-28 00:00:00,0,0.08811214,0.97931045,0.94521403,0.38903105,0.99650997,1,1,1,1
2014-12-28 00:30:00,0,0.08871227,0.9217131,0.98545283,0.31508058,0.9966209,1,1,1,1
2014-12-28 01:00:00,0,0.10086143,0.9743387,0.98153734,0.22423875,0.99615747,1,1,1,1
2014-12-28 01:30:00,0,0.1052366,0.9884201,0.9818918,0.190799,0.99535584,1,1,1,1
2014-12-28 02:00:00,0,0.10997158,0.9884201,0.94412094,0.093586504,0.99417454,1,1,0,1
2014-12-28 02:30:00,0,0.11309468,0.9733313,0.92405266,0.076511145,0.9926751,1,1,0,1
2014-12-28 03:00:00,0,0.12303632,0.96889794,0.8693876,0.099511504,0.99179244,1,1,0,1
2014-12-28 03:30:00,0,0.12096887,0.9420435,0.75373924,0.09439546,0.98980904,1,1,0,1
2014-12-28 04:00:00,0,0.12192604,0.84865284,0.5532792,0.11536127,0.9887068,1,0,1,1
2014-12-28 04:30:00,0,0.11495175,0.62117165,0.50026804,0.16150653,0.9884276,1,0,1,1
2014-12-28 05:00:00,0,0.11731384,0.62117165,0.42358348,0.09498042,0.98738617,1,0,0,1
2014-12-28 05:30:00,0,0.11995541,0.57175887,0.3720232,0.06681073,0.9854795,0,0,0,1
2014-12-28 06:00:00,0,0.11284723,0.54701203,0.43454272,0.06901556,0.9832739,0,0,0,1
2014-12-28 06:30:00,0,0.12006431,0.54462546,0.4984315,0.056848228,0.9799185,0,0,0,1
2014-12-28 07:00:00,0,0.118713275,0.56760323,0.62365997,0.11717838,0.9743639,0,1,1,1
2014-12-28 07:30:00,0,0.10925565,0.56760323,0.61852515,0.062535584,0.96775424,0,1,0,1
2014-12-28 08:00:00,0,0.11499705,0.58745176,0.66676193,0.062054217,0.95455515,0,1,0,1
2014-12-28 08:30:00,0,0.10899685,0.6432417,0.65657413,0.057355523,0.94479084,1,1,0,1
2014-12-28 09:00:00,0,0.12125273,0.8189578,0.7553434,0.057357013,0.9425074,1,1,0,1
2014-12-28 09:30:00,0,0.12384656,0.8189578,0.6763789,0.055133045,0.94285446,1,1,0,1
2014-12-28 10:00:00,0,0.115056634,0.8192198,0.73707324,0.06133622,0.94030535,1,1,0,1
2014-12-28 10:30:00,0,0.104108974,0.8192198,0.63060427,0.044005275,0.9400964,1,1,0,1
2014-12-28 11:00:00,0,0.10321836,0.8150535,0.794429,0.048700035,0.936511,1,1,0,1
2014-12-28 11:30:00,0,0.10242749,0.8150535,0.79065573,0.055037618,0.93352497,1,1,0,1
2014-12-28 12:00:00,0,0.09990537,0.74304414,0.774432,0.064402044,0.9295804,1,1,0,1
2014-12-28 12:30:00,0,0.089041024,0.6873863,0.71640694,0.058768213,0.92391574,1,1,0,1
2014-12-28 13:00:00,0,0.08996548,0.6021061,0.6713001,0.06266862,0.91752017,0,1,0,1
2014-12-28 13:30:00,0,0.09754874,0.7571668,0.81282616,0.13028508,0.92544764,1,1,1,1
2014-12-28 14:00:00,0,0.095803864,0.7571668,0.8233265,0.13370013,0.9330983,1,1,1,1
2014-12-28 14:30:00,0,0.087820455,0.7483561,0.73348397,0.082606494,0.9343918,1,1,0,1
2014-12-28 15:00:00,0,0.08986915,0.6589428,0.62542576,0.056284845,0.93107307,1,1,0,1
2014-12-28 15:30:00,0,0.08607498,0.6233974,0.35048413,0.033721328,0.92881566,1,0,0,1
2014-12-28 16:00:00,0,0.087606214,0.45094827,0.26849955,0.03300774,0.9188217,0,0,0,1
2014-12-28 16:30:00,0,0.0914036,0.65205014,0.43682468,0.06370431,0.88271475,1,0,0,1
2014-12-28 17:00:00,0,0.089130916,0.65205014,0.47116232,0.048915327,0.8395815,1,0,0,0
2014-12-28 17:30:00,0,0.08858509,0.62524104,0.64281476,0.051743805,0.81163317,1,1,0,0
2014-12-28 18:00:00,0,0.08676187,0.71401066,0.79077756,0.066438675,0.7426778,1,1,0,0
2014-12-28 18:30:00,0,0.08678478,0.73437935,0.81641114,0.08179706,0.63176894,1,1,0,0
2014-12-28 19:00:00,0,0.0873696,0.7576816,0.8163442,0.07137519,0.53501254,1,1,0,0
2014-12-28 19:30:00,0,0.09062918,0.8044027,0.8191761,0.108091176,0.3913398,1,1,1,0
2014-12-28 20:00:00,0,0.097051755,0.83268404,0.82607573,0.16001177,0.2494923,1,1,1,0
2014-12-28 20:30:00,0,0.10472905,0.83268404,0.83661306,0.22951102,0.17122708,1,1,1,0
2014-12-28 21:00:00,0,0.098888494,0.8449536,0.8803172,0.27109683,0.14641933,1,1,1,0
2014-12-28 21:30:00,0,0.10330487,0.8449536,0.76601183,0.06888765,0.10818863,1,1,0,0
2014-12-28 22:00:00,0,0.103427105,0.7666127,0.6977729,0.04718685,0.08043737,1,1,0,0
2014-12-28 22:30:00,0,0.10427724,0.91571844,0.7188068,0.036715806,0.05770539,1,1,0,0
2014-12-28 23:00:00,0,0.11084793,0.9851537,0.7913133,0.13370293,0.050543327,1,1,1,0
2014-12-28 23:30:00,0,0.119023055,0.99525094,0.9292655,0.20225972,0.054200668,1,1,1,0
2014-12-29 00:00:00,0,0.12399058,0.99525094,0.6725684,0.063209355,0.054300405,1,1,0,0
2014-12-29 00:30:00,0,0.11027141,0.51706153,0.6379023,0.07351768,0.055179752,0,1,0,0
2014-12-29 01:00:00,0,0.11759567,0.5369548,0.63110185,0.06935936,0.051444132,0,1,0,0
2014-12-29 01:30:00,0,0.10436701,0.5369548,0.5116801,0.07012826,0.046678595,0,0,0,0
2014-12-29 02:00:00,0,0.11255666,0.41499993,0.46928468,0.04673457,0.04104578,0,0,0,0
2014-12-29 02:30:00,0,0.114130884,0.3807404,0.46424848,0.04557073,0.036123574,0,0,0,0
2014-12-29 03:00:00,0,0.115060806,0.39037067,0.41023427,0.052071154,0.03261933,0,0,0,0
2014-12-29 03:30:00,0,0.13142076,0.442371,0.41986808,0.036395133,0.029432256,0,0,0,0
2014-12-29 04:00:00,0,0.12207192,0.442371,0.37734506,0.026278794,0.026264055,0,0,0,0
2014-12-29 04:30:00,0,0.14000136,0.5064049,0.38567922,0.047433317,0.024498468,0,0,0,0
2014-12-29 05:00:00,0,0.12922901,0.5693953,0.421362,0.08350217,0.025017448,0,0,0,0
2014-12-29 05:30:00,0,0.11415141,0.6385764,0.52951163,0.15109885,0.028722264,1,0,1,0
2014-12-29 06:00:00,0,0.110944495,0.6849805,0.67304975,0.1738798,0.033759177,1,1,1,0
2014-12-29 06:30:00,0,0.115289465,0.7350927,0.81779754,0.13176137,0.036797933,1,1,1,0
2014-12-29 07:00:00,0,0.111259654,0.9370838,0.9554938,0.1619752,0.041097276,1,1,1,0
2014-12-29 07:30:00,0,0.12539095,0.9669913,0.967578,0.11977434,0.044881087,1,1,1,0
2014-12-29 08:00:00,0,0.12540814,0.9780578,0.9770731,0.13088197,0.050341874,1,1,1,0
2014-12-29 08:30:00,0,0.1038617,0.9780578,0.90219486,0.19601679,0.06315707,1,1,1,0
2014-12-29 09:00:00,0,0.1094502,0.88337046,0.8801484,0.35861355,0.10319565,1,1,1,0
2014-12-29 09:30:00,0,0.10437359,0.8675629,0.7539213,0.23991317,0.14102948,1,1,1,0
2014-12-29 10:00:00,0,0.099457905,0.7994327,0.5502234,0.14592946,0.17726015,1,0,1,0
2014-12-29 10:30:00,0,0.09974198,0.73655176,0.4956591,0.08449936,0.21006787,1,0,0,0
2014-12-29 11:00:00,0,0.10263741,0.69007915,0.40290937,0.059652686,0.27687573,1,0,0,0
2014-12-29 11:30:00,0,0.093299225,0.6100907,0.32761723,0.042453647,0.35618418,0,0,0,0
2014-12-29 12:00:00,0,0.08903401,0.416861,0.32915545,0.026768506,0.42969152,0,0,0,0
2014-12-29 12:30:00,0,0.08688053,0.36406365,0.29487297,0.04222399,0.4992539,0,0,0,0
2014-12-29 13:00:00,0,0.089042135,0.30422017,0.2633006,0.03778422,0.54300773,0,0,0,0
2014-12-29 13:30:00,0,0.0856763,0.31108218,0.24890676,0.0369848,0.5204927,0,0,0,0
2014-12-29 14:00:00,0,0.08523106,0.4314484,0.29791042,0.050425947,0.5090239,0,0,0,0
2014-12-29 14:30:00,0,0.08450661,0.52305466,0.32556114,0.07218498,0.5410852,0,0,0,0
2014-12-29 15:00:00,0,0.08378373,0.52305466,0.3217658,0.059788287,0.5685781,0,0,0,0
2014-12-29 15:30:00,0,0.08360252,0.5896214,0.5124051,0.101757646,0.58076394,0,0,0,0
2014-12-29 16:00:00,0,0.08699569,0.5896214,0.44159302,0.04135579,0.5705849,0,0,0,0
2014-12-29 16:30:00,0,0.09300297,0.5059487,0.26972303,0.041628897,0.5489187,0,0,0,0
2014-12-29 17:00:00,0,0.08452465,0.5059487,0.2948398,0.09736425,0.56027055,0,0,0,0
2014-12-29 17:30:00,0,0.08319697,0.3791919,0.38626578,0.07114458,0.55845875,0,0,0,0
2014-12-29 18:00:00,0,0.09864976,0.3791919,0.44895825,0.06748426,0.53608453,0,0,0,0
2014-12-29 18:30:00,0,0.09887207,0.46029058,0.6556985,0.059105456,0.4904929,0,1,0,0
2014-12-29 19:00:00,0,0.09447823,0.46029058,0.62752956,0.059128404,0.43460715,0,1,0,0
2014-12-29 19:30:00,0,0.08851628,0.7406606,0.7826834,0.133178,0.41398242,1,1,1,0
2014-12-29 20:00:00,0,0.082973495,0.8590637,0.8377897,0.20357645,0.4366104,1,1,1,0
2014-12-29 20:30:00,0,0.08507088,0.9197307,0.87983704,0.21349019,0.47586635,1,1,1,0
2014-12-29 21:00:00,0,0.08474768,0.9197307,0.7580221,0.103011966,0.47115493,1,1,1,0
2014-12-29 21:30:00,1,0.084954806,0.8170518,0.6995793,0.058172345,0.4645572,1,1,0,0
2014-12-29 22:00:00,1,0.08714756,0.74081576,0.7087238,0.053896844,0.44295713,1,1,0,0
2014-12-29 22:30:00,1,0.09097359,0.73650295,0.4391957,0.04834777,0.42142853,1,0,0,0
2014-12-29 23:00:00,1,0.098403364,0.5697265,0.31060022,0.0448941,0.40164447,0,0,0,0
2014-12-29 23:30:00,1,0.107596986,0.47340158,0.26112962,0.056155086,0.3860371,0,0,0,0
2014-12-30 00:00:00,1,0.11247508,0.32350785,0.31625006,0.16535038,0.40992498,0,0,1,0
2014-12-30 00:30:00,1,0.12470841,0.47400045,0.4075051,0.08131081,0.40392104,0,0,0,0
2014-12-30 01:00:00,1,0.114148244,0.5993196,0.46464428,0.045718133,0.37960374,0,0,0,0
2014-12-30 01:30:00,1,0.12071232,0.5993196,0.4408936,0.08694458,0.37233874,0,0,0,0
2014-12-30 02:00:00,1,0.11403082,0.5893893,0.44865268,0.07067186,0.354405,0,0,0,0
2014-12-30 02:30:00,1,0.116705835,0.5893893,0.4406822,0.09626436,0.3483657,0,0,0,0
2014-12-30 03:00:00,1,0.12081798,0.57746094,0.42749262,0.12949097,0.36278167,0,0,1,0
2014-12-30 03:30:00,1,0.11967604,0.5394519,0.41177136,0.16050553,0.39616528,0,0,1,0
2014-12-30 04:00:00,1,0.11991714,0.47898373,0.40850243,0.18157244,0.44614345,0,0,1,0
2014-12-30 04:30:00,1,0.119780056,0.43277144,0.28038943,0.059548736,0.451953,0,0,0,0
2014-12-30 05:00:00,1,0.13251415,0.5377249,0.3459472,0.058936477,0.45426312,0,0,0,0
2014-12-30 05:30:00,1,0.11941992,0.6762109,0.50008714,0.16875106,0.5070364,1,0,1,0
2014-12-30 06:00:00,1,0.109677255,0.8666655,0.7661512,0.11689019,0.54799664,1,1,1,0
2014-12-30 06:30:00,1,0.112134926,0.93176544,0.9283967,0.12940246,0.5812926,1,1,1,0
2014-12-30 07:00:00,1,0.109860756,0.99229527,0.991905,0.2120955,0.65183806,1,1,1,0
2014-12-30 07:30:00,1,0.12053917,0.99506146,0.99615425,0.16848356,0.6988736,1,1,1,0
2014-12-30 08:00:00,1,0.12292465,0.99506146,0.99687696,0.16713345,0.7435146,1,1,1,0
2014-12-30 08:30:00,1,0.103821926,0.98970467,0.9800087,0.16048026,0.7903188,1,1,1,0
2014-12-30 09:00:00,1,0.09970029,0.9239005,0.9568096,0.4884858,0.9002675,1,1,1,1
2014-12-30 09:30:00,1,0.104632325,0.8939369,0.8616193,0.45188487,0.9474052,1,1,1,1
2014-12-30 10:00:00,1,0.102112494,0.8184779,0.7118147,0.31316215,0.96536815,1,1,1,1
2014-12-30 10:30:00,1,0.08913446,0.7984,0.4381608,0.076816976,0.969826,1,0,0,1
2014-12-30 11:00:00,1,0.08888484,0.61089116,0.36366963,0.10019636,0.9729776,0,0,0,1
2014-12-30 11:30:00,1,0.08383303,0.5752858,0.27562293,0.040256023,0.97305465,0,0,0,1
2014-12-30 12:00:00,1,0.08318416,0.35187787,0.30798486,0.043637514,0.97250193,0,0,0,1
2014-12-30 12:30:00,1,0.08373715,0.4961123,0.46651942,0.092170894,0.97183853,0,0,0,1
2014-12-30 13:00:00,1,0.091998026,0.6529017,0.67693704,0.18031687,0.97464865,1,1,1,1
2014-12-30 13:30:00,1,0.09085807,0.6529017,0.51075435,0.11185688,0.9760592,1,0,1,1
2014-12-30 14:00:00,1,0.08901519,0.6127206,0.3623253,0.032326996,0.9744985,0,0,0,1
2014-12-30 14:30:00,1,0.08697331,0.58138,0.29860118,0.03526461,0.9722316,0,0,0,1
2014-12-30 15:00:00,1,0.08942062,0.624267,0.43055332,0.059155464,0.97026324,1,0,0,1
2014-12-30 15:30:00,1,0.08457365,0.624267,0.5423391,0.09552246,0.96919155,1,0,0,1
2014-12-30 16:00:00,1,0.08719763,0.59425765,0.5107725,0.06377858,0.9681045,0,0,0,1
2014-12-30 16:30:00,1,0.09662089,0.4000225,0.32376477,0.028351307,0.9643008,0,0,0,1
2014-12-30 17:00:00,1,0.08441052,0.4000225,0.3106072,0.10501623,0.9619832,0,0,1,1
2014-12-30 17:30:00,1,0.09019863,0.34170088,0.28161308,0.08136964,0.9612414,0,0,0,1
2014-12-30 18:00:00,1,0.10451185,0.35691988,0.4337111,0.09774172,0.96056616,0,0,0,1
2014-12-30 18:30:00,1,0.10971266,0.40283734,0.46150634,0.04232192,0.9570494,0,0,0,1
2014-12-30 19:00:00,1,0.10512123,0.4865054,0.53591144,0.03858894,0.950605,0,0,0,1
2014-12-30 19:30:00,1,0.10073742,0.73636866,0.71311665,0.11815572,0.9459414,1,1,1,1
2014-12-30 20:00:00,1,0.09533982,0.87626714,0.77744204,0.22929752,0.94971293,1,1,1,1
2014-12-30 20:30:00,1,0.089856856,0.9085615,0.7970149,0.2971779,0.9594012,1,1,1,1
2014-12-30 21:00:00,1,0.09638566,0.9085615,0.7400326,0.17468393,0.96641535,1,1,1,1
2014-12-30 21:30:00,1,0.09826149,0.8010343,0.7561579,0.10955268,0.970361,1,1,1,1
2014-12-30 22:00:00,1,0.09252785,0.7470822,0.6462212,0.07217538,0.97216594,1,1,0,1
2014-12-30 22:30:00,1,0.08308646,0.69062966,0.6233023,0.06093836,0.9707783,1,1,0,1
2014-12-30 23:00:00,1,0.08481009,0.69062966,0.2805109,0.05568105,0.97113055,1,0,0,1
2014-12-30 23:30:00,1,0.09051315,0.46658403,0.40951636,0.09248674,0.9708273,0,0,0,1
2014-12-31 00:00:00,1,0.10286348,0.4701266,0.5333983,0.10611528,0.9666273,0,0,1,1
2014-12-31 00:30:00,1,0.10328998,0.7273381,0.7373421,0.11553794,0.965817,1,1,1,1
2014-12-31 01:00:00,1,0.12116456,0.79619616,0.803989,0.08857685,0.9654636,1,1,0,1
2014-12-31 01:30:00,1,0.12274357,0.79619616,0.7299079,0.07617813,0.9628017,1,1,0,1
2014-12-31 02:00:00,1,0.10900066,0.72772676,0.73260725,0.08880103,0.9611171,1,1,0,1
2014-12-31 02:30:00,1,0.119948655,0.72772676,0.6373019,0.13919264,0.9616955,1,1,1,1
2014-12-31 03:00:00,1,0.10934674,0.6531709,0.5866408,0.25495577,0.9676513,1,0,1,1
2014-12-31 03:30:00,1,0.11680153,0.6273463,0.50380963,0.3034013,0.9739803,1,0,1,1
2014-12-31 04:00:00,1,0.110382274,0.61646765,0.55576587,0.5081606,0.9841308,1,0,1,1
2014-12-31 04:30:00,1,0.11161279,0.61646765,0.31421697,0.060854852,0.98458683,1,0,0,1
2014-12-31 05:00:00,1,0.12102731,0.5204013,0.3321491,0.05479175,0.98338115,0,0,0,1
2014-12-31 05:30:00,1,0.112297475,0.754052,0.55698365,0.1505717,0.9806177,1,0,1,1
2014-12-31 06:00:00,1,0.11216773,0.91629905,0.85025954,0.3085637,0.9845041,1,1,1,1
2014-12-31 06:30:00,1,0.12128066,0.96675026,0.96964866,0.081745684,0.9823048,1,1,0,1
2014-12-31 07:00:00,1,0.11832384,0.9970529,0.99707234,0.18022329,0.98059803,1,1,1,1
2014-12-31 07:30:00,1,0.12257347,0.99816495,0.9987213,0.14755273,0.9794393,1,1,1,1
2014-12-31 08:00:00,1,0.12551907,0.99816495,0.9989863,0.20464772,0.9803863,1,1,1,1
2014-12-31 08:30:00,1,0.10296821,0.99661225,0.9949051,0.14588052,0.97962976,1,1,1,1
2014-12-31 09:00:00,1,0.1023496,0.9815279,0.991744,0.29172844,0.98269814,1,1,1,1
2014-12-31 09:30:00,1,0.110086,0.9815279,0.9735606,0.8596082,0.9946061,1,1,1,1
2014-12-31 10:00:00,1,0.10323325,0.96808237,0.90226805,0.7898035,0.9973442,1,1,1,1
2014-12-31 10:30:00,1,0.100330696,0.94522756,0.82426035,0.5390104,0.9978765,1,1,1,1
2014-12-31 11:00:00,1,0.09445977,0.9132563,0.5811899,0.20992678,0.99757487,1,0,1,1
2014-12-31 11:30:00,1,0.08426684,0.78576064,0.36404857,0.068104446,0.99701715,1,0,0,1
2014-12-31 12:00:00,1,0.08632548,0.45685863,0.45241508,0.08618051,0.99637294,0,0,0,1
2014-12-31 12:30:00,1,0.08465617,0.45685863,0.31515333,0.049684405,0.99555993,0,0,0,1
2014-12-31 13:00:00,1,0.083327,0.41401675,0.4315943,0.09659541,0.9947378,0,0,0,1
2014-12-31 13:30:00,1,0.08334003,0.44617885,0.35993135,0.056349754,0.9937704,0,0,0,1
2014-12-31 14:00:00,1,0.08639348,0.4878806,0.3176812,0.03163892,0.99276745,0,0,0,1
2014-12-31 14:30:00,1,0.08786418,0.56558865,0.33612153,0.06517506,0.9921192,0,0,0,1
2014-12-31 15:00:00,1,0.08963763,0.70226264,0.50874496,0.12911952,0.9921427,1,0,1,1
2014-12-31 15:30:00,1,0.08368155,0.70226264,0.63198936,0.123444736,0.99204564,1,1,1,1
2014-12-31 16:00:00,1,0.0842482,0.6842252,0.748015,0.118472934,0.99182445,1,1,1,1
2014-12-31 16:30:00,1,0.0882675,0.60036916,0.63892543,0.08673835,0.9914296,0,1,0,1
2014-12-31 17:00:00,1,0.08397695,0.4259748,0.47017023,0.10191703,0.99102825,0,0,1,1
2014-12-31 17:30:00,1,0.08743668,0.4259748,0.3757924,0.09328824,0.99060106,0,0,0,1
2014-12-31 18:00:00,1,0.09595801,0.49495065,0.64396566,0.09673703,0.9896757,0,1,0,1
2014-12-31 18:30:00,1,0.103733204,0.6707987,0.7518065,0.07813054,0.98871326,1,1,0,1
2014-12-31 19:00:00,1,0.110259235,0.6707987,0.72280455,0.06601906,0.9877693,1,1,0,1
2014-12-31 19:30:00,1,0.1144976,0.6226767,0.2997067,0.020535767,0.98668045,1,0,0,1
2014-12-31 20:00:00,1,0.119655035,0.3635542,0.51968247,0.06349522,0.9840888,0,0,0,1
2014-12-31 20:30:00,1,0.14648527,0.6040196,0.81951386,0.20970917,0.9833784,0,1,1,1
2014-12-31 21:00:00,1,0.23122,0.811036,0.8861988,0.5119059,0.99059945,1,1,1,1
2014-12-31 21:30:00,1,0.1841097,0.8183626,0.838125,0.4443413,0.9942794,1,1,1,1
2014-12-31 22:00:00,1,0.118020475,0.8183626,0.617982,0.09840095,0.9942292,1,1,0,1
2014-12-31 22:30:00,1,0.106433414,0.6619785,0.38626638,0.03906566,0.99376667,1,0,0,1
2014-12-31 23:00:00,1,0.10197809,0.43143606,0.5196791,0.077399194,0.99291503,0,0,0,1
2014-12-31 23:30:00,1,0.100122906,0.85301644,0.8063129,0.10478425,0.9921657,1,1,1,1
2015-01-01 00:00:00,1,0.111076474,0.980127,0.99138683,0.16929036,0.99242145,1,1,1,1
2015-01-01 00:30:00,1,0.34195924,0.99999607,0.99999905,1.5358022,0.9987173,1,1,1,1
2015-01-01 01:00:00,1,0.36745298,0.99999976,0.9999999,1.7970299,0.9994773,1,1,1,1
2015-01-01 01:30:00,1,0.26273695,0.99999976,0.9999999,1.5516297,0.99959546,1,1,1,1
2015-01-01 02:00:00,1,0.13701479,0.99999976,0.9999999,1.2474627,0.99960595,1,1,1,1
2015-01-01 02:30:00,1,0.11829274,0.99999976,0.9999999,1.2680448,0.999624,1,1,1,1
2015-01-01 03:00:00,1,0.10633328,0.99999976,0.99999964,1.2056078,0.99962807,1,1,1,1
2015-01-01 03:30:00,1,0.10479203,0.9999993,0.9999988,1.2121828,0.99963427,1,1,1,1
2015-01-01 04:00:00,1,0.084775135,0.9999975,0.99998856,0.87866056,0.9995709,1,1,1,1
2015-01-01 04:30:00,1,0.110175595,0.9999795,0.9991129,0.21227354,0.9993181,1,1,1,1
2015-01-01 05:00:00,1,0.12100807,0.99800783,0.97566926,0.17396599,0.99905187,1,1,1,1
2015-01-01 05:30:00,1,0.11064,0.9382971,0.68963534,0.10410392,0.99876803,1,1,1,1
2015-01-01 06:00:00,1,0.12079437,0.72071064,0.53179103,0.065285504,0.99839526,1,0,0,1
2015-01-01 06:30:00,1,0.115669586,0.9807438,0.97763705,0.0696069,0.997895,1,1,0,1
2015-01-01 07:00:00,1,0.11800851,0.99924445,0.9988901,0.14927125,0.9976374,1,1,1,1
2015-01-01 07:30:00,1,0.115809895,0.9998498,0.99991226,0.32066852,0.9979025,1,1,1,1
2015-01-01 08:00:00,1,0.10905559,0.9999012,0.9999796,0.5463126,0.99848336,1,1,1,1
2015-01-01 08:30:00,1,0.11192839,0.9999068,0.99998534,0.71494925,0.99894315,1,1,1,1
2015-01-01 09:00:00,1,0.11870132,0.9999068,0.9999583,0.80371237,0.9991866,1,1,1,1
2015-01-01 09:30:00,1,0.11179073,0.9998406,0.9998349,0.68331194,0.99917537,1,1,1,1
2015-01-01 10:00:00,1,0.12492295,0.999663,0.99909127,0.7035531,0.9991466,1,1,1,1
2015-01-01 10:30:00,1,0.12173714,0.99915767,0.9925085,1.259722,0.999403,1,1,1,1
2015-01-01 11:00:00,1,0.11121768,0.99492294,0.970584,1.3076532,0.99951005,1,1,1,1
2015-01-01 11:30:00,1,0.09904373,0.9841339,0.9053723,0.65340364,0.9994017,1,1,1,1
2015-01-01 12:00:00,1,0.09938873,0.91548204,0.84987044,0.5044807,0.9992828,1,1,1,1
2015-01-01 12:30:00,1,0.092202395,0.8213507,0.70814085,0.41843367,0.9991696,1,1,1,1
2015-01-01 13:00:00,1,0.09326021,0.6964507,0.65715355,0.39169806,0.9990633,1,1,1,1
2015-01-01 13:30:00,1,0.08700193,0.65846896,0.57127386,0.18596089,0.99880445,1,0,1,1
2015-01-01 14:00:00,1,0.09044935,0.4726479,0.6889391,0.29226178,0.9986564,0,1,1,1
2015-01-01 14:30:00,1,0.08622203,0.4726479,0.63103116,0.12104672,0.99825555,0,1,1,1
2015-01-01 15:00:00,1,0.08331121,0.36845154,0.39926592,0.07139212,0.9977677,0,0,0,1
2015-01-01 15:30:00,1,0.08687694,0.31529316,0.28255457,0.07213199,0.9972748,0,0,0,1
2015-01-01 16:00:00,1,0.089206725,0.32964543,0.5229101,0.062601864,0.996552,0,0,0,1
2015-01-01 16:30:00,1,0.09993574,0.40497118,0.3288982,0.021586299,0.9958027,0,0,0,1
2015-01-01 17:00:00,1,0.08788052,0.44839242,0.38918966,0.08171123,0.9952844,0,0,0,1
2015-01-01 17:30:00,1,0.090370364,0.75646126,0.8034087,0.13780779,0.9948866,1,1,1,1
2015-01-01 18:00:00,1,0.08879734,0.94555825,0.96629936,0.1387704,0.9947114,1,1,1,1
2015-01-01 18:30:00,1,0.086449586,0.9860405,0.9899985,0.17674875,0.99500656,1,1,1,1
2015-01-01 19:00:00,1,0.08750456,0.99684083,0.99836844,0.40387255,0.99656564,1,1,1,1
2015-01-01 19:30:00,1,0.103874974,0.99930966,0.99947625,0.7432296,0.9982632,1,1,1,1
2015-01-01 20:00:00,1,0.09863837,0.9996263,0.99953043,0.8832916,0.9989901,1,1,1,1
2015-01-01 20:30:00,1,0.09907645,0.9996623,0.9994609,0.48119754,0.9989687,1,1,1,1
2015-01-01 21:00:00,1,0.10260298,0.99967766,0.9996693,0.34618723,0.9988067,1,1,1,1
2015-01-01 21:30:00,1,0.09941783,0.99967766,0.99964035,0.29215926,0.9986265,1,1,1,1
2015-01-01 22:00:00,1,0.10723787,0.99960536,0.99977857,0.22991103,0.9984327,1,1,1,1
2015-01-01 22:30:00,1,0.110843144,0.99960536,0.9997192,0.16142303,0.9981511,1,1,1,1
2015-01-01 23:00:00,1,0.11653326,0.99968576,0.9998604,0.10580528,0.9977562,1,1,1,1
2015-01-01 23:30:00,1,0.12306487,0.99968576,0.9994374,0.117852986,0.9974044,1,1,1,1
2015-01-02 00:00:00,1,0.122641645,0.9997913,0.99966395,0.34579247,0.9977952,1,1,1,1
2015-01-02 00:30:00,1,0.121864915,0.9997913,0.9937016,0.16601402,0.997632,1,1,1,1
2015-01-02 01:00:00,1,0.118551,0.9967289,0.98874134,0.27631336,0.9978027,1,1,1,1
2015-01-02 01:30:00,1,0.10679916,0.99229604,0.98204815,0.46799457,0.9983368,1,1,1,1
2015-01-02 02:00:00,1,0.11598129,0.9831165,0.946855,0.45036507,0.99861205,1,1,1,1
2015-01-02 02:30:00,1,0.11940648,0.9417467,0.90767205,0.49210024,0.99882454,1,1,1,1
2015-01-02 03:00:00,1,0.11095916,0.8898004,0.8175292,0.44112217,0.9989079,1,1,1,1
2015-01-02 03:30:00,1,0.12125176,0.7781484,0.76573074,0.4667701,0.9989662,1,1,1,1
2015-01-02 04:00:00,1,0.11599437,0.7142794,0.6400631,0.22845513,0.99872345,1,1,1,1
2015-01-02 04:30:00,1,0.14371751,0.6493931,0.57534087,0.19686997,0.99851483,1,0,1,1
2015-01-02 05:00:00,1,0.15226935,0.7193558,0.5420138,0.21784091,0.9983909,1,0,1,1
2015-01-02 05:30:00,1,0.11547477,0.80961186,0.6489695,0.1945175,0.9982368,1,1,1,1
2015-01-02 06:00:00,1,0.11211192,0.8780049,0.7862613,0.18482155,0.9980691,1,1,1,1
2015-01-02 06:30:00,1,0.114169516,0.95155865,0.9394711,0.12004596,0.99772877,1,1,1,1
2015-01-02 07:00:00,1,0.12297803,0.99253666,0.9890782,0.20993686,0.9976877,1,1,1,1
2015-01-02 07:30:00,1,0.11567752,0.9965312,0.99599636,0.15852499,0.99751484,1,1,1,1
2015-01-02 08:00:00,1,0.12318136,0.99661714,0.9976376,0.19192904,0.9974795,1,1,1,1
2015-01-02 08:30:00,1,0.120598525,0.99661714,0.99363637,0.13332188,0.997262,1,1,1,1
2015-01-02 09:00:00,1,0.1138358,0.98657507,0.98697585,0.20108235,0.9973158,1,1,1,1
2015-01-02 09:30:00,1,0.10294803,0.97791296,0.9596093,0.41010475,0.99796754,1,1,1,1
2015-01-02 10:00:00,1,0.11104635,0.95746046,0.8875221,0.5089661,0.99851924,1,1,1,1
2015-01-02 10:30:00,1,0.10057608,0.9334469,0.7119102,0.22886753,0.99845016,1,1,1,1
2015-01-02 11:00:00,1,0.10107829,0.8279285,0.6868813,0.21681356,0.9983248,1,1,1,1
2015-01-02 11:30:00,1,0.09199032,0.8069562,0.58687884,0.12131518,0.9980179,1,0,1,1
2015-01-02 12:00:00,1,0.08762101,0.598883,0.41377932,0.05719793,0.9975425,0,0,0,1
2015-01-02 12:30:00,1,0.083948895,0.37549508,0.2904475,0.027599573,0.99684346,0,0,0,1
2015-01-02 13:00:00,1,0.08978549,0.42378676,0.4037397,0.059808254,0.9960361,0,0,0,1
2015-01-02 13:30:00,1,0.085114524,0.42378676,0.30724838,0.03050834,0.995223,0,0,0,1
2015-01-02 14:00:00,1,0.08467137,0.3766789,0.3044138,0.035956085,0.99427235,0,0,0,1
2015-01-02 14:30:00,1,0.084125936,0.415302,0.3139785,0.04096818,0.99342066,0,0,0,1
2015-01-02 15:00:00,1,0.084824726,0.5075478,0.28759667,0.055012167,0.99282867,0,0,0,1
2015-01-02 15:30:00,1,0.08472451,0.6340911,0.6261087,0.094855785,0.99224865,1,1,0,1
2015-01-02 16:00:00,1,0.08518958,0.6340911,0.5988757,0.07948208,0.99177694,1,0,0,1
2015-01-02 16:30:00,1,0.08735905,0.3950243,0.42825902,0.045947254,0.9908902,0,0,0,1
2015-01-02 17:00:00,1,0.085266516,0.33497348,0.39925987,0.1387648,0.9908708,0,0,1,1
2015-01-02 17:30:00,1,0.08989408,0.33497348,0.2715744,0.07489371,0.99010557,0,0,0,1
2015-01-02 18:00:00,1,0.09776761,0.5242849,0.5255572,0.08876145,0.98904306,0,0,0,1
2015-01-02 18:30:00,1,0.10374303,0.66642326,0.6785843,0.06457698,0.98748595,1,1,0,1
2015-01-02 19:00:00,1,0.10704878,0.66642326,0.68514866,0.04406935,0.9856069,1,1,0,1
2015-01-02 19:30:00,1,0.095707774,0.9236356,0.9215953,0.13805383,0.9855783,1,1,1,1
2015-01-02 20:00:00,1,0.08330647,0.9804826,0.96169096,0.26056832,0.98837215,1,1,1,1
2015-01-02 20:30:00,1,0.084048815,0.98771673,0.9647615,0.27384764,0.99072826,1,1,1,1
2015-01-02 21:00:00,1,0.08421632,0.9910268,0.9759201,0.27862257,0.9925257,1,1,1,1
2015-01-02 21:30:00,1,0.08441207,0.9910268,0.97671473,0.2000786,0.9930831,1,1,1,1
2015-01-02 22:00:00,1,0.090355195,0.9886862,0.9280988,0.12852949,0.9929597,1,1,1,1
2015-01-02 22:30:00,1,0.092042804,0.9434191,0.94842505,0.10986662,0.99263704,1,1,1,1
2015-01-02 23:00:00,1,0.08582776,0.94775534,0.9813163,0.07822657,0.99190193,1,1,0,1
2015-01-02 23:30:00,1,0.091853715,0.94775534,0.9248713,0.08345246,0.99131,1,1,0,1
2015-01-03 00:00:00,1,0.08360087,0.9697347,0.96892035,0.20282334,0.9921292,1,1,1,1
2015-01-03 00:30:00,1,0.08520429,0.98767716,0.97055537,0.17655939,0.99268603,1,1,1,1
2015-01-03 01:00:00,1,0.08743183,0.9895834,0.94942105,0.12759799,0.99263316,1,1,1,1
2015-01-03 01:30:00,1,0.100748,0.9895834,0.9305561,0.099378526,0.99217105,1,1,0,1
2015-01-03 02:00:00,1,0.10381475,0.98778164,0.91159713,0.076698065,0.9913167,1,1,0,1
2015-01-03 02:30:00,1,0.11054085,0.976122,0.85005647,0.04428357,0.9896884,1,1,0,1
2015-01-03 03:00:00,1,0.12179621,0.93732053,0.7311073,0.055357695,0.98777544,1,1,0,1
2015-01-03 03:30:00,1,0.12272906,0.8279425,0.6827005,0.10041034,0.98501056,1,1,0,1
2015-01-03 04:00:00,1,0.12593928,0.658256,0.4796481,0.1109252,0.98367935,1,0,1,1
2015-01-03 04:30:00,1,0.10689237,0.63186115,0.58085304,0.1918078,0.9835295,1,0,1,1
2015-01-03 05:00:00,0,0.11755653,0.64418685,0.45938775,0.07047206,0.9783397,1,0,0,1
2015-01-03 05:30:00,0,0.1108817,0.64418685,0.4108663,0.07986206,0.97137815,1,0,0,1
2015-01-03 06:00:00,0,0.1112278,0.5921586,0.47098044,0.076254785,0.9614338,0,0,0,1
2015-01-03 06:30:00,0,0.11215017,0.5354219,0.4955462,0.07812101,0.9560696,0,0,0,1
2015-01-03 07:00:00,0,0.112121336,0.5703481,0.6906113,0.14220428,0.94072586,0,1,1,1
2015-01-03 07:30:00,0,0.113357656,0.6441526,0.7503089,0.11131114,0.9258696,1,1,1,1
2015-01-03 08:00:00,0,0.113933966,0.8108761,0.8382048,0.11433232,0.90201724,1,1,1,1
2015-01-03 08:30:00,0,0.123863526,0.8108761,0.764691,0.05872488,0.87435615,1,1,0,0
2015-01-03 09:00:00,0,0.12109231,0.8526589,0.7771074,0.068642735,0.8290268,1,1,0,0
2015-01-03 09:30:00,0,0.111067064,0.8526589,0.7412497,0.050985932,0.77889264,1,1,0,0
2015-01-03 10:00:00,0,0.10152955,0.8727888,0.77999586,0.04938972,0.752399,1,1,0,0
2015-01-03 10:30:00,0,0.10327775,0.8727888,0.6293058,0.038665354,0.69565463,1,1,0,0
2015-01-03 11:00:00,0,0.104469106,0.706212,0.64997363,0.048719883,0.61702126,1,1,0,0
2015-01-03 11:30:00,0,0.086660884,0.7013186,0.4268373,0.042230725,0.5550354,1,0,0,0
2015-01-03 12:00:00,0,0.084751226,0.39558277,0.24635968,0.039432347,0.5022881,0,0,0,0
2015-01-03 12:30:00,0,0.098872125,0.62088555,0.5586659,0.045949876,0.45605043,1,0,0,0
2015-01-03 13:00:00,0,0.10137751,0.79825133,0.7602714,0.044309556,0.400595,1,1,0,0
2015-01-03 13:30:00,0,0.099097475,0.7983278,0.7648857,0.04604745,0.34460747,1,1,0,0
2015-01-03 14:00:00,0,0.101932906,0.7983278,0.768838,0.05964309,0.29342365,1,1,0,0
2015-01-03 14:30:00,0,0.104488894,0.8240544,0.7902818,0.06734687,0.24619424,1,1,0,0
2015-01-03 15:00:00,0,0.1012607,0.8240544,0.76623833,0.08431131,0.20315449,1,1,0,0
2015-01-03 15:30:00,0,0.09646827,0.8122568,0.6313319,0.11261213,0.18133177,1,1,1,0
2015-01-03 16:00:00,0,0.092076264,0.6390564,0.6605432,0.064046025,0.15109047,1,1,0,0
2015-01-03 16:30:00,0,0.084713496,0.48949695,0.28517136,0.03670174,0.12567124,0,0,0,0
2015-01-03 17:00:00,0,0.08576702,0.4350527,0.34499833,0.05140823,0.09659081,0,0,0,0
2015-01-03 17:30:00,0,0.10520191,0.3468766,0.42143026,0.054944277,0.07933607,0,0,0,0
2015-01-03 18:00:00,0,0.110561326,0.3468766,0.34752983,0.04208696,0.06576356,0,0,0,0
2015-01-03 18:30:00,0,0.10601856,0.35303167,0.33415034,0.044651866,0.057925865,0,0,0,0
2015-01-03 19:00:00,0,0.10563232,0.43937182,0.32217348,0.03761953,0.052403986,0,0,0,0
2015-01-03 19:30:00,0,0.107489176,0.43937182,0.3409374,0.037631214,0.04347458,0,0,0,0
2015-01-03 20:00:00,0,0.08858507,0.870902,0.7771628,0.08783996,0.042042226,1,1,0,0
2015-01-03 20:30:00,0,0.08392124,0.93117815,0.8416012,0.11552924,0.04768942,1,1,1,0
2015-01-03 21:00:00,0,0.09145835,0.93117815,0.61943126,0.07003915,0.053675763,1,1,0,0
2015-01-03 21:30:00,0,0.08936099,0.8842287,0.7529106,0.096708894,0.0564283,1,1,0,0
2015-01-03 22:00:00,0,0.09560996,0.8842287,0.6349785,0.0796659,0.056338906,1,1,0,0
2015-01-03 22:30:00,0,0.09772541,0.83889395,0.8371431,0.118962705,0.058602184,1,1,1,0
2015-01-03 23:00:00,0,0.092825115,0.8868694,0.9092512,0.1600048,0.06340078,1,1,1,0
2015-01-03 23:30:00,0,0.10446534,0.8868694,0.80098313,0.120407164,0.06405351,1,1,1,0
2015-01-04 00:00:00,0,0.09142298,0.78058267,0.57468146,0.1981898,0.07424149,1,0,1,0
2015-01-04 00:30:00,0,0.08368129,0.7999526,0.95475924,0.22649544,0.08680609,1,1,1,0
2015-01-04 01:00:00,0,0.08619378,0.88664734,0.9061197,0.1254012,0.08816589,1,1,1,0
2015-01-04 01:30:00,0,0.103151634,0.96277493,0.9372383,0.11967319,0.09057748,1,1,1,0
2015-01-04 02:00:00,0,0.10415658,0.9639448,0.92350256,0.07710266,0.08738955,1,1,0,0
2015-01-04 02:30:00,0,0.1193063,0.9802934,0.9527627,0.10666287,0.08673038,1,1,1,0
2015-01-04 03:00:00,0,0.122039914,0.9802934,0.91808635,0.10865933,0.08483249,1,1,1,0
2015-01-04 03:30:00,0,0.121466815,0.9634145,0.86795557,0.12133455,0.08445971,1,1,1,0
2015-01-04 04:00:00,0,0.11020734,0.91922045,0.7827132,0.23994184,0.100886196,1,1,1,0
2015-01-04 04:30:00,0,0.11071928,0.7986196,0.68872905,0.21705902,0.112219274,1,1,1,0
2015-01-04 05:00:00,0,0.11961485,0.7736239,0.5107138,0.12770522,0.118677154,1,0,1,0
2015-01-04 05:30:00,0,0.117539056,0.6488475,0.44901338,0.11440134,0.12016427,1,0,1,0
2015-01-04 06:00:00,0,0.113336585,0.61866206,0.4668831,0.09611827,0.12229959,1,0,0,0
2015-01-04 06:30:00,0,0.119946636,0.5744369,0.5037736,0.057900846,0.11857454,0,0,0,0
2015-01-04 07:00:00,0,0.11861902,0.54959226,0.6049688,0.09314269,0.11345677,0,1,0,0
2015-01-04 07:30:00,0,0.1109241,0.54959226,0.62740487,0.06253564,0.10927215,0,1,0,0
2015-01-04 08:00:00,0,0.11608393,0.6296588,0.70787245,0.09675282,0.11000345,1,1,0,0
2015-01-04 08:30:00,0,0.109164886,0.647422,0.66100806,0.057307005,0.11574811,1,1,0,0
2015-01-04 09:00:00,0,0.12409301,0.7902881,0.7170887,0.061728895,0.123338886,1,1,0,0
2015-01-04 09:30:00,0,0.12385172,0.8109949,0.76334953,0.05509621,0.13612647,1,1,0,0
2015-01-04 10:00:00,0,0.11229023,0.8142078,0.73000526,0.05999756,0.15768182,1,1,0,0
2015-01-04 10:30:00,0,0.10190971,0.8142078,0.61749333,0.044005156,0.17017353,1,1,0,0
2015-01-04 11:00:00,0,0.09990017,0.7747103,0.74723125,0.051455557,0.1933011,1,1,0,0
2015-01-04 11:30:00,0,0.101474784,0.7747103,0.7584059,0.051536143,0.18689094,1,1,0,0
2015-01-04 12:00:00,0,0.09028192,0.7090195,0.7107448,0.055701017,0.1854972,1,1,0,0
2015-01-04 12:30:00,0,0.08926062,0.6173232,0.6521189,0.051981807,0.19823186,1,1,0,0
2015-01-04 13:00:00,0,0.08588933,0.5344468,0.5915862,0.050554752,0.21003945,0,0,0,0
2015-01-04 13:30:00,0,0.090443365,0.6131758,0.67652124,0.06670135,0.20517942,0,1,0,0
2015-01-04 14:00:00,0,0.090018004,0.6131758,0.69717443,0.07204139,0.18299673,0,1,0,0
2015-01-04 14:30:00,0,0.08587616,0.6075266,0.6040246,0.056478143,0.15305622,0,1,0,0
2015-01-04 15:00:00,0,0.092308946,0.7002998,0.70784754,0.08296037,0.13108611,1,1,0,0
2015-01-04 15:30:00,0,0.09011346,0.7002998,0.4232296,0.03888023,0.10819333,1,0,0,0
2015-01-04 16:00:00,0,0.09110623,0.56289256,0.3736666,0.038576484,0.09024177,0,0,0,0
2015-01-04 16:30:00,0,0.08750635,0.59863085,0.3773944,0.051102757,0.07881989,0,0,0,0
2015-01-04 17:00:00,0,0.09046238,0.6986698,0.57674664,0.06579292,0.07186933,1,0,0,0
2015-01-04 17:30:00,0,0.08810031,0.70448816,0.7257296,0.06518102,0.06407072,1,1,0,0
2015-01-04 18:00:00,0,0.09066184,0.80893064,0.86989176,0.119810164,0.062000427,1,1,1,0
2015-01-04 18:30:00,0,0.089544,0.80893064,0.8623494,0.1120016,0.058807887,1,1,1,0
2015-01-04 19:00:00,0,0.10330969,0.94934046,0.9684967,0.38365692,0.08858638,1,1,1,0
2015-01-04 19:30:00,0,0.0844903,0.94934046,0.46885002,0.047024906,0.083415344,1,0,0,0
2015-01-04 20:00:00,0,0.09017814,0.678386,0.6527135,0.08092737,0.077368625,1,1,0,0
2015-01-04 20:30:00,0,0.10046572,0.8495345,0.86142826,0.2802096,0.09845324,1,1,1,0
2015-01-04 21:00:00,0,0.11014331,0.9688326,0.9796855,0.5487584,0.19454369,1,1,1,0
2015-01-04 21:30:00,0,0.11100261,0.9688326,0.94124323,0.22318017,0.23809151,1,1,1,0
2015-01-04 22:00:00,0,0.10894606,0.962948,0.95566267,0.17606539,0.26820362,1,1,1,0
2015-01-04 22:30:00,0,0.12187613,0.9903369,0.96650434,0.2772085,0.34298334,1,1,1,0
2015-01-04 23:00:00,0,0.122995526,0.99764675,0.96563596,0.43781734,0.5143836,1,1,1,0
2015-01-04 23:30:00,0,0.12223273,0.9992661,0.99001324,0.50213885,0.723958,1,1,1,0
2015-01-05 00:00:00,0,0.10944622,0.9992661,0.9058627,0.07564163,0.78838545,1,1,0,0
2015-01-05 00:30:00,0,0.12351203,0.8173041,0.77344775,0.065580964,0.8286646,1,1,0,0
2015-01-05 01:00:00,0,0.10914132,0.69987136,0.7843892,0.0840562,0.84240997,1,1,0,0
2015-01-05 01:30:00,0,0.12049492,0.69987136,0.70239836,0.053260326,0.84351134,1,1,0,0
2015-01-05 02:00:00,0,0.113815844,0.6007361,0.6291874,0.056999326,0.8350695,0,1,0,0
2015-01-05 02:30:00,0,0.12394845,0.49825558,0.59255385,0.049055398,0.82042176,0,0,0,0
2015-01-05 03:00:00,0,0.21639617,0.55480856,0.58810717,0.061085522,0.80339926,0,0,0,0
2015-01-05 03:30:00,0,0.19900851,0.55480856,0.5030029,0.055573046,0.7847305,0,0,0,0
2015-01-05 04:00:00,0,0.15991385,0.51972544,0.45443532,0.038178205,0.7601077,0,0,0,0
2015-01-05 04:30:00,0,0.16849549,0.5435832,0.42447653,0.059472978,0.72173923,0,0,0,0
2015-01-05 05:00:00,0,0.1153919,0.5435832,0.3526736,0.06849283,0.6853727,0,0,0,0
2015-01-05 05:30:00,0,0.11472675,0.50268793,0.30358934,0.118106365,0.67306435,0,0,1,0
2015-01-05 06:00:00,0,0.11407571,0.42335844,0.25515097,0.118818164,0.6750137,0,0,1,0
2015-01-05 06:30:00,0,0.1182715,0.51799536,0.4002919,0.076164365,0.6799337,0,0,0,0
2015-01-05 07:00:00,0,0.099350624,0.58433056,0.53381747,0.055291057,0.6677,0,0,0,0
2015-01-05 07:30:00,0,0.089420795,0.5873038,0.6341163,0.09083676,0.67237574,0,1,0,0
2015-01-05 08:00:00,0,0.08464897,0.5976726,0.6667073,0.055818558,0.6461805,0,1,0,0
2015-01-05 08:30:00,0,0.083960526,0.6009745,0.58038735,0.033949792,0.6161374,0,0,0,0
2015-01-05 09:00:00,0,0.08530439,0.6009745,0.32004115,0.036812842,0.58899343,0,0,0,0
2015-01-05 09:30:00,0,0.100875795,0.5393051,0.44927835,0.08919197,0.5870839,0,0,0,0
2015-01-05 10:00:00,0,0.103836074,0.79537505,0.63586146,0.20855433,0.6418162,1,1,1,0
2015-01-05 10:30:00,0,0.10036215,0.79537505,0.5649442,0.12482691,0.67521405,1,0,1,0
2015-01-05 11:00:00,0,0.10273631,0.7779207,0.6170419,0.17635739,0.74533266,1,1,1,0
2015-01-05 11:30:00,0,0.0990796,0.7779207,0.61311215,0.12610435,0.79967964,1,1,1,0
2015-01-05 12:00:00,0,0.10319756,0.68056285,0.5877787,0.12533838,0.8436473,1,0,1,0
2015-01-05 12:30:00,0,0.10160258,0.65593666,0.6439237,0.20613188,0.894151,1,1,1,1
2015-01-05 13:00:00,0,0.10060676,0.68063813,0.6454461,0.27055317,0.93777865,1,1,1,1
2015-01-05 13:30:00,0,0.10012294,0.68063813,0.64355284,0.2112369,0.9589942,1,1,1,1
2015-01-05 14:00:00,0,0.0901322,0.59775925,0.58327645,0.13500959,0.96816385,0,0,1,1
2015-01-05 14:30:00,0,0.08494182,0.46758747,0.3686197,0.024719,0.9694733,0,0,0,1
2015-01-05 15:00:00,0,0.08532275,0.45419514,0.27405396,0.056409597,0.97011614,0,0,0,1
2015-01-05 15:30:00,0,0.08772475,0.45419514,0.24744637,0.040542305,0.9687855,0,0,0,1
2015-01-05 16:00:00,0,0.09243734,0.40325603,0.2898393,0.029876828,0.96624184,0,0,0,1
2015-01-05 16:30:00,0,0.10006275,0.64038646,0.40166727,0.07215506,0.96465147,1,0,0,1
2015-01-05 17:00:00,0,0.08465617,0.64038646,0.26520115,0.08756411,0.96654004,1,0,0,1
2015-01-05 17:30:00,0,0.08972669,0.40640968,0.2506665,0.07259357,0.9674059,0,0,0,1
2015-01-05 18:00:00,0,0.101925865,0.41736236,0.26927412,0.052542984,0.96339136,0,0,0,1
2015-01-05 18:30:00,0,0.10513474,0.41736236,0.31075993,0.03668672,0.9560096,0,0,0,1
2015-01-05 19:00:00,0,0.10599044,0.3702331,0.30618244,0.021119654,0.91981125,0,0,0,1
2015-01-05 19:30:00,0,0.09909911,0.40765646,0.43646076,0.042901456,0.892341,0,0,0,1
2015-01-05 20:00:00,0,0.09023827,0.655478,0.5949339,0.09482139,0.86567193,1,0,0,0
2015-01-05 20:30:00,0,0.083068475,0.8554678,0.7820235,0.14377391,0.80217373,1,1,1,0
2015-01-05 21:00:00,0,0.0866344,0.8554678,0.8032151,0.11481053,0.6760695,1,1,1,0
2015-01-05 21:30:00,0,0.09061461,0.90401876,0.8940863,0.087310195,0.6288341,1,1,0,0
2015-01-05 22:00:00,0,0.10310772,0.93106323,0.9302465,0.06287354,0.57556415,1,1,0,0
2015-01-05 22:30:00,0,0.10321427,0.93106323,0.8894145,0.05239296,0.5159419,1,1,0,0
2015-01-05 23:00:00,0,0.1075744,0.91963553,0.82156044,0.060270727,0.45473996,1,1,0,0
2015-01-05 23:30:00,0,0.12289647,0.8855032,0.7745369,0.07346028,0.32622066,1,1,0,0
2015-01-06 00:00:00,0,0.12407006,0.7547593,0.7364357,0.075101614,0.32560632,1,1,0,0
2015-01-06 00:30:00,0,0.12332445,0.7411252,0.5940911,0.060213983,0.31131747,1,0,0,0
2015-01-06 01:00:00,0,0.10748568,0.54658353,0.5177469,0.060512066,0.28007182,0,0,0,0
2015-01-06 01:30:00,0,0.116167635,0.40338504,0.44780952,0.04911512,0.23253629,0,0,0,0
2015-01-06 02:00:00,0,0.11400359,0.3353103,0.37584212,0.053278208,0.18571179,0,0,0,0
2015-01-06 02:30:00,0,0.12246442,0.27983266,0.34558344,0.053878665,0.1452477,0,0,0,0
2015-01-06 03:00:00,0,0.19829902,0.28308868,0.3489988,0.05459559,0.11622782,0,0,0,0
2015-01-06 03:30:00,0,0.21306406,0.2975635,0.32199264,0.06527132,0.09746369,0,0,0,0
2015-01-06 04:00:00,0,0.17946018,0.3151859,0.300926,0.05147773,0.082464084,0,0,0,0
2015-01-06 04:30:00,0,0.1898564,0.428836,0.31660876,0.06112975,0.074787945,0,0,0,0
2015-01-06 05:00:00,0,0.12888363,0.53261375,0.34094355,0.057732105,0.07073635,0,0,0,0
2015-01-06 05:30:00,0,0.111195765,0.53261375,0.29133204,0.28579217,0.09901922,0,0,1,0
2015-01-06 06:00:00,0,0.122909345,0.575825,0.3764321,0.07126856,0.10375406,0,0,0,0
2015-01-06 06:30:00,0,0.11094947,0.575825,0.26912525,0.0872373,0.10663734,0,0,0,0
2015-01-06 07:00:00,0,0.10088172,0.39394593,0.28829807,0.05205196,0.09874243,0,0,0,0
2015-01-06 07:30:00,0,0.0835756,0.40521684,0.4197023,0.098253846,0.09783137,0,0,0,0
2015-01-06 08:00:00,0,0.09381176,0.6771178,0.4705753,0.05355364,0.09392282,1,0,0,0
2015-01-06 08:30:00,0,0.09813607,0.7002778,0.41041264,0.054517448,0.0925934,1,0,0,0
2015-01-06 09:00:00,0,0.08399348,0.7002778,0.31439856,0.03432554,0.09017461,1,0,0,0
2015-01-06 09:30:00,0,0.08703262,0.4669582,0.5148212,0.103019655,0.09179919,0,0,1,0
2015-01-06 10:00:00,0,0.0998024,0.7888033,0.6986609,0.29441607,0.13388124,1,1,1,0
2015-01-06 10:30:00,0,0.10225098,0.7970669,0.6773748,0.27503598,0.1893786,1,1,1,0
2015-01-06 11:00:00,0,0.0985274,0.8682491,0.7593669,0.46452677,0.34955755,1,1,1,0
2015-01-06 11:30:00,0,0.104332484,0.8682491,0.68598086,0.27693987,0.47962645,1,1,1,0
2015-01-06 12:00:00,0,0.096235685,0.73019063,0.691498,0.25551707,0.6034263,1,1,1,0
2015-01-06 12:30:00,0,0.09974315,0.7265699,0.7483831,0.34047353,0.75571495,1,1,1,0
2015-01-06 13:00:00,0,0.10242117,0.79494315,0.7897174,0.52017236,0.889613,1,1,1,1
2015-01-06 13:30:00,0,0.09657927,0.79494315,0.7395323,0.34355187,0.9334628,1,1,1,1
2015-01-06 14:00:00,0,0.09129732,0.65112174,0.7906504,0.34962326,0.95922786,1,1,1,1
2015-01-06 14:30:00,0,0.08297361,0.61188024,0.5211699,0.119659364,0.96698684,0,0,1,1
2015-01-06 15:00:00,0,0.08425393,0.29302123,0.38502467,0.08314639,0.96708316,0,0,0,1
2015-01-06 15:30:00,0,0.08958846,0.2888638,0.30059114,0.06022042,0.9645708,0,0,0,1
2015-01-06 16:00:00,0,0.09837708,0.50157404,0.31249085,0.036678016,0.96113384,0,0,0,1
2015-01-06 16:30:00,0,0.09891455,0.50157404,0.246711,0.034396112,0.9563823,0,0,0,1
2015-01-06 17:00:00,0,0.087450065,0.48655573,0.2912809,0.08789027,0.95248955,0,0,0,1
2015-01-06 17:30:00,0,0.08789807,0.4709887,0.36068732,0.08760494,0.95014155,0,0,0,1
2015-01-06 18:00:00,0,0.1040216,0.39733636,0.31352577,0.077697694,0.9485229,0,0,0,1
2015-01-06 18:30:00,0,0.10511,0.37054595,0.42521623,0.03873831,0.94300675,0,0,0,1
2015-01-06 19:00:00,0,0.10558359,0.6046017,0.6594523,0.05652547,0.93783545,0,1,0,1
2015-01-06 19:30:00,0,0.10276317,0.81708413,0.8049726,0.1685108,0.9444712,1,1,1,1
2015-01-06 20:00:00,0,0.09629284,0.8539314,0.7395649,0.19921887,0.9521271,1,1,1,1
2015-01-06 20:30:00,0,0.09093514,0.90430236,0.78809774,0.28651768,0.96326005,1,1,1,1
2015-01-06 21:00:00,0,0.0900555,0.90430236,0.8365746,0.20737326,0.9703991,1,1,1,1
2015-01-06 21:30:00,0,0.09343676,0.8739257,0.83882517,0.12443739,0.9743343,1,1,1,1
2015-01-06 22:00:00,0,0.085735604,0.9305011,0.9397295,0.082546055,0.97611,1,1,0,1
2015-01-06 22:30:00,0,0.09650322,0.9683746,0.96549946,0.1266883,0.978953,1,1,1,1
2015-01-06 23:00:00,0,0.103445284,0.9683746,0.9605988,0.1505531,0.9816762,1,1,1,1
2015-01-06 23:30:00,0,0.11287832,0.9670554,0.88553506,0.17420518,0.98465836,1,1,1,1
2015-01-07 00:00:00,0,0.12077186,0.9317103,0.9224801,0.0799973,0.98480994,1,1,0,1
2015-01-07 00:30:00,0,0.10962522,0.9317103,0.75129765,0.090397716,0.98554534,1,1,0,1
2015-01-07 01:00:00,0,0.11514334,0.74552655,0.614388,0.085534215,0.9863008,1,1,0,1
2015-01-07 01:30:00,0,0.11502293,0.61114526,0.5753296,0.09859127,0.9869422,0,0,0,1
2015-01-07 02:00:00,0,0.12055498,0.59393466,0.5026139,0.079794526,0.98699605,0,0,0,1
2015-01-07 02:30:00,0,0.1204852,0.5091125,0.4425616,0.0675413,0.9866911,0,0,0,1
2015-01-07 03:00:00,0,0.13952278,0.43828973,0.39026096,0.06977922,0.986231,0,0,0,1
2015-01-07 03:30:00,0,0.18381062,0.36977327,0.37983608,0.10733515,0.98614454,0,0,1,1
2015-01-07 04:00:00,0,0.15464942,0.3436869,0.33936495,0.060376227,0.98498154,0,0,0,1
2015-01-07 04:30:00,0,0.16859822,0.39991456,0.3329766,0.072407186,0.9838082,0,0,0,1
2015-01-07 05:00:00,0,0.13786156,0.5630713,0.37455228,0.06210637,0.9824706,0,0,0,1
2015-01-07 05:30:00,0,0.11433027,0.58297324,0.34995234,0.254331,0.98462427,0,0,1,1
2015-01-07 06:00:00,0,0.12054592,0.60671455,0.40620005,0.07895768,0.9844669,0,0,0,1
2015-01-07 06:30:00,0,0.10901241,0.60671455,0.2525607,0.1040951,0.98499644,0,0,1,1
2015-01-07 07:00:00,0,0.09788742,0.38798916,0.27857715,0.06521505,0.9844934,0,0,0,1
2015-01-07 07:30:00,0,0.0840166,0.38798916,0.3385126,0.11148548,0.98421484,0,0,1,1
2015-01-07 08:00:00,0,0.09542667,0.63513243,0.4406759,0.05658859,0.9828042,1,0,0,1
2015-01-07 08:30:00,0,0.10418951,0.7386588,0.5118233,0.10585576,0.9828985,1,0,1,1
2015-01-07 09:00:00,0,0.09086517,0.7386588,0.26885337,0.036827743,0.98233646,1,0,0,1
2015-01-07 09:30:00,0,0.08515493,0.4040275,0.31284901,0.056582868,0.9807927,0,0,0,1
2015-01-07 10:00:00,0,0.08878371,0.7359232,0.56302893,0.15512657,0.9798329,1,0,1,1
2015-01-07 10:30:00,0,0.08904566,0.7359232,0.42645103,0.074016154,0.9770033,1,0,0,1
2015-01-07 11:00:00,0,0.09588759,0.8039906,0.61027676,0.24092996,0.9748863,1,1,1,1
2015-01-07 11:30:00,0,0.08413379,0.8039906,0.38133967,0.07236767,0.96762127,1,0,0,1
2015-01-07 12:00:00,0,0.08492911,0.4885248,0.48658723,0.11846936,0.95715207,0,0,1,1
2015-01-07 12:30:00,0,0.0870995,0.4885248,0.39960474,0.06871146,0.9308681,0,0,0,1
2015-01-07 13:00:00,0,0.08566136,0.49434403,0.4484209,0.1435939,0.90673226,0,0,1,1
2015-01-07 13:30:00,0,0.08560996,0.49434403,0.32118246,0.04010141,0.8904724,0,0,0,1
2015-01-07 14:00:00,0,0.08369382,0.28228608,0.40603352,0.04879892,0.8657095,0,0,0,0
2015-01-07 14:30:00,0,0.08604978,0.51269627,0.286846,0.058087647,0.85195786,0,0,0,0
2015-01-07 15:00:00,0,0.08974611,0.65468323,0.44994426,0.09550059,0.8491861,1,0,0,0
2015-01-07 15:30:00,0,0.085116364,0.65468323,0.36952484,0.074207544,0.8469383,1,0,0,0
2015-01-07 16:00:00,0,0.087094076,0.44469526,0.550346,0.077344716,0.83452153,0,0,0,0
2015-01-07 16:30:00,0,0.08833117,0.3981085,0.41782254,0.050176263,0.80953735,0,0,0,0
2015-01-07 17:00:00,0,0.083178096,0.40417695,0.44609967,0.10639709,0.7896562,0,0,1,0
2015-01-07 17:30:00,0,0.10432271,0.7358413,0.64836603,0.077444375,0.76295596,1,1,0,0
2015-01-07 18:00:00,0,0.10833287,0.73953944,0.605835,0.06442422,0.73502976,1,1,0,0
2015-01-07 18:30:00,0,0.117314234,0.73953944,0.4820471,0.053405523,0.7134326,1,0,0,0
2015-01-07 19:00:00,0,0.12293107,0.58042425,0.43198624,0.05360645,0.6829204,0,0,0,0
2015-01-07 19:30:00,0,0.11546504,0.5522295,0.26755467,0.02272427,0.61881024,0,0,0,0
2015-01-07 20:00:00,0,0.10728257,0.4748363,0.29418808,0.045011878,0.55986357,0,0,0,0
2015-01-07 20:30:00,0,0.106211685,0.698003,0.4415194,0.093589485,0.5355026,1,0,0,0
2015-01-07 21:00:00,0,0.10792813,0.698003,0.37987995,0.052366734,0.50676674,1,0,0,0
2015-01-07 21:30:00,0,0.10802305,0.55827993,0.53780276,0.071795106,0.4799481,0,0,0,0
2015-01-07 22:00:00,0,0.10452937,0.55827993,0.53422153,0.06248933,0.4454483,0,0,0,0
2015-01-07 22:30:00,0,0.08380231,0.8493202,0.8751613,0.09929621,0.4230326,1,1,0,0
2015-01-07 23:00:00,0,0.08960302,0.9625568,0.95464784,0.104147375,0.40395305,1,1,1,0
2015-01-07 23:30:00,0,0.111554384,0.9625568,0.9422523,0.122929096,0.39546028,1,1,1,0
2015-01-08 00:00:00,0,0.12098561,0.9690861,0.9569888,0.069615304,0.35844502,1,1,0,0
2015-01-08 00:30:00,0,0.12115322,0.9690861,0.88683903,0.1071198,0.33846506,1,1,1,0
2015-01-08 01:00:00,0,0.12048176,0.9100359,0.8108548,0.10862905,0.3216487,1,1,1,0
2015-01-08 01:30:00,0,0.105952054,0.80715364,0.72490686,0.14522767,0.32057178,1,1,1,0
2015-01-08 02:00:00,0,0.11946873,0.71092993,0.63941324,0.18146825,0.3373072,1,1,1,0
2015-01-08 02:30:00,0,0.11253736,0.6139877,0.5394873,0.10658085,0.32877192,1,0,1,0
2015-01-08 03:00:00,0,0.1377309,0.50575584,0.5073637,0.15847063,0.33870226,0,0,1,0
2015-01-08 03:30:00,0,0.13873324,0.46487346,0.42710862,0.139602,0.3507146,0,0,1,0
2015-01-08 04:00:00,0,0.14516903,0.38235056,0.41595337,0.0860703,0.33708194,0,0,0,0
2015-01-08 04:30:00,0,0.17697954,0.50758594,0.41025653,0.12799501,0.34868696,0,0,1,0
2015-01-08 05:00:00,0,0.13728876,0.6174783,0.4212771,0.07803881,0.3528634,1,0,0,0
2015-01-08 05:30:00,0,0.10875924,0.6174783,0.3235389,0.24466395,0.47660184,1,0,1,0
2015-01-08 06:00:00,0,0.10975717,0.56969184,0.3558434,0.09059757,0.51138586,0,0,0,0
2015-01-08 06:30:00,0,0.10338497,0.56969184,0.3798512,0.06571615,0.54661083,0,0,0,0
2015-01-08 07:00:00,0,0.090490684,0.30793488,0.45479488,0.06530094,0.5405292,0,0,0,0
2015-01-08 07:30:00,0,0.09664071,0.68731046,0.71800417,0.11445314,0.56059206,1,1,1,0
2015-01-08 08:00:00,0,0.10360921,0.86913574,0.75464803,0.16865128,0.60048527,1,1,1,0
2015-01-08 08:30:00,0,0.109658174,0.873163,0.70897466,0.21263283,0.67844164,1,1,1,0
2015-01-08 09:00:00,0,0.09529819,0.873163,0.4790342,0.050872386,0.7000283,1,0,0,0
2015-01-08 09:30:00,0,0.09133066,0.64398986,0.41946355,0.047362328,0.70582336,1,0,0,0
2015-01-08 10:00:00,0,0.08436767,0.46120933,0.30001116,0.039009333,0.71451056,0,0,0,0
2015-01-08 10:30:00,0,0.08452783,0.4526772,0.25376055,0.025672913,0.70220083,0,0,0,0
2015-01-08 11:00:00,0,0.08740023,0.7188963,0.51316935,0.118994415,0.70786524,1,0,1,0
2015-01-08 11:30:00,0,0.08350853,0.7188963,0.26373416,0.042166173,0.7032216,1,0,0,0
2015-01-08 12:00:00,0,0.08403871,0.34091413,0.27545783,0.026629627,0.68195134,0,0,0,0
2015-01-08 12:30:00,0,0.08488638,0.45319676,0.44687602,0.092325926,0.6813225,0,0,0,0
2015-01-08 13:00:00,0,0.08728211,0.45319676,0.4274999,0.109595716,0.6666813,0,0,1,0
2015-01-08 13:30:00,0,0.086027674,0.44611353,0.38736713,0.052039087,0.6597701,0,0,0,0
2015-01-08 14:00:00,0,0.08498076,0.29717565,0.41764396,0.05261278,0.64593554,0,0,0,0
2015-01-08 14:30:00,0,0.09314799,0.73844767,0.4798957,0.1052382,0.64007837,1,0,1,0
2015-01-08 15:00:00,0,0.09562984,0.84661674,0.7101141,0.24257725,0.69311273,1,1,1,0
2015-01-08 15:30:00,0,0.08437629,0.84661674,0.6895953,0.12443787,0.71328413,1,1,1,0
2015-01-08 16:00:00,0,0.08723173,0.6955961,0.62866133,0.07751101,0.7282161,1,1,0,0
2015-01-08 16:30:00,0,0.09483097,0.42379323,0.41300747,0.035954654,0.7168751,0,0,0,0
2015-01-08 17:00:00,0,0.08293676,0.4941056,0.5296455,0.10178131,0.70764583,0,0,0,0
2015-01-08 17:30:00,0,0.10384255,0.72478795,0.68553364,0.08146316,0.69439775,1,1,0,0
2015-01-08 18:00:00,0,0.10993617,0.7407506,0.6852769,0.07448453,0.6767768,1,1,0,0
2015-01-08 18:30:00,0,0.12004458,0.7407506,0.5561078,0.06609541,0.65650517,1,0,0,0
2015-01-08 19:00:00,0,0.11986524,0.5701395,0.3787452,0.047020137,0.6280885,0,0,0,0
2015-01-08 19:30:00,0,0.12265575,0.45150015,0.28303555,0.031166315,0.5865452,0,0,0,0
2015-01-08 20:00:00,0,0.11660782,0.4109795,0.26486278,0.035569787,0.5402298,0,0,0,0
2015-01-08 20:30:00,0,0.10750038,0.57354844,0.31269392,0.08330226,0.5203663,0,0,0,0
2015-01-08 21:00:00,0,0.10787794,0.57354844,0.3954658,0.096946,0.51219696,0,0,0,0
2015-01-08 21:30:00,0,0.10760657,0.5563231,0.40510827,0.099683344,0.5069029,0,0,0,0
2015-01-08 22:00:00,0,0.108205125,0.47343153,0.418933,0.07271534,0.4865038,0,0,0,0
2015-01-08 22:30:00,0,0.10430994,0.5669647,0.6074462,0.10365248,0.47431365,0,1,1,0
2015-01-08 23:00:00,0,0.09159451,0.8140036,0.85333437,0.28880805,0.551139,1,1,1,0
2015-01-08 23:30:00,0,0.0913022,0.90900403,0.93297875,0.1649937,0.5852813,1,1,1,0
2015-01-09 00:00:00,0,0.10238478,0.9913976,0.98151565,0.0637511,0.5707355,1,1,0,0
2015-01-09 00:30:00,0,0.1196593,0.9913976,0.9694341,0.09183955,0.5629886,1,1,0,0
2015-01-09 01:00:00,0,0.122046724,0.98571116,0.9540747,0.083360076,0.5495465,1,1,0,0
2015-01-09 01:30:00,0,0.12361329,0.9713491,0.93837625,0.16346645,0.57485956,1,1,1,0
2015-01-09 02:00:00,0,0.11489748,0.94686294,0.8702204,0.14245957,0.6043023,1,1,1,0
2015-01-09 02:30:00,0,0.11567276,0.8673938,0.8283232,0.23282903,0.66932374,1,1,1,0
2015-01-09 03:00:00,0,0.12256184,0.80685145,0.737949,0.25134784,0.75031525,1,1,1,0
2015-01-09 03:30:00,0,0.11184486,0.695285,0.68212575,0.28763527,0.8307229,1,1,1,0
2015-01-09 04:00:00,0,0.11223572,0.6286964,0.60198146,0.17020363,0.8656117,1,0,1,0
2015-01-09 04:30:00,0,0.12448663,0.62047595,0.542122,0.14528114,0.8919335,1,0,1,1
2015-01-09 05:00:00,0,0.119587906,0.6403193,0.4439301,0.10203475,0.9056965,1,0,1,1
2015-01-09 05:30:00,0,0.11161299,0.6403193,0.33061087,0.08175832,0.91992295,1,0,0,1
2015-01-09 06:00:00,0,0.123406515,0.559555,0.3611158,0.11890584,0.92864746,0,0,1,1
2015-01-09 06:30:00,0,0.10888636,0.559555,0.47629577,0.085669994,0.9297676,0,0,0,1
2015-01-09 07:00:00,0,0.099410914,0.38939005,0.42384526,0.060430467,0.925252,0,0,0,1
2015-01-09 07:30:00,0,0.09622278,0.45092517,0.30800653,0.06277329,0.92082965,0,0,0,1
2015-01-09 08:00:00,0,0.0935101,0.5712874,0.55361956,0.080007374,0.9138483,0,0,0,1
2015-01-09 08:30:00,0,0.08956804,0.5712874,0.596456,0.124481976,0.9077043,0,0,1,1
2015-01-09 09:00:00,0,0.08862276,0.49556592,0.5046838,0.086256325,0.90240633,0,0,0,1
2015-01-09 09:30:00,0,0.08971455,0.4502936,0.3817721,0.06498748,0.895196,0,0,0,1
2015-01-09 10:00:00,0,0.09273197,0.62196875,0.43813577,0.08099246,0.89041835,1,0,0,1
2015-01-09 10:30:00,0,0.090652436,0.62196875,0.42310107,0.070473075,0.8853376,1,0,0,1
2015-01-09 11:00:00,0,0.09873685,0.742351,0.5947606,0.15785003,0.88920456,1,0,1,1
2015-01-09 11:30:00,0,0.090623386,0.742351,0.49715737,0.07961875,0.8864965,1,0,0,1
2015-01-09 12:00:00,0,0.08912029,0.51629746,0.52773803,0.08990514,0.8873969,0,0,0,1
2015-01-09 12:30:00,0,0.08991809,0.4791831,0.474996,0.08271682,0.8791284,0,0,0,0
2015-01-09 13:00:00,0,0.0880775,0.47231734,0.38879752,0.05307567,0.8615587,0,0,0,0
2015-01-09 13:30:00,0,0.08606286,0.4097296,0.4139082,0.046428084,0.84218913,0,0,0,0
2015-01-09 14:00:00,0,0.08438014,0.3696532,0.3740514,0.040239155,0.8167374,0,0,0,0
2015-01-09 14:30:00,0,0.08933379,0.5979281,0.33413604,0.07284933,0.78111225,0,0,0,0
2015-01-09 15:00:00,0,0.0823507,0.5979281,0.35969457,0.06434834,0.7061548,0,0,0,0
2015-01-09 15:30:00,0,0.08347686,0.58324647,0.486708,0.07868415,0.66911346,0,0,0,0
2015-01-09 16:00:00,0,0.08956088,0.5057992,0.4254892,0.04541725,0.639566,0,0,0,0
2015-01-09 16:30:00,0,0.0957624,0.39697292,0.33990127,0.036415637,0.6125887,0,0,0,0
2015-01-09 17:00:00,0,0.08459745,0.462562,0.54241085,0.12651813,0.59003145,0,0,1,0
2015-01-09 17:30:00,0,0.10224453,0.68635184,0.70268375,0.07440549,0.5595564,1,1,0,0
2015-01-09 18:00:00,0,0.11678769,0.78809994,0.7922389,0.058141828,0.5206235,1,1,0,0
2015-01-09 18:30:00,0,0.14497273,0.8179475,0.8234724,0.092619,0.48360285,1,1,0,0
2015-01-09 19:00:00,0,0.19774349,0.8215669,0.80665576,0.114589036,0.45899716,1,1,1,0
2015-01-09 19:30:00,0,0.21754529,0.8215669,0.83611375,0.12524319,0.44433597,1,1,1,0
2015-01-09 20:00:00,0,0.12036616,0.79809475,0.6217197,0.045118928,0.3979429,1,1,0,0
2015-01-09 20:30:00,0,0.106152795,0.46561918,0.33358344,0.04579258,0.3177714,0,0,0,0
2015-01-09 21:00:00,0,0.10672466,0.46561918,0.35073483,0.043300748,0.2519219,0,0,0,0
2015-01-09 21:30:00,0,0.10891867,0.4367986,0.3225166,0.04469192,0.20207559,0,0,0,0
2015-01-09 22:00:00,0,0.11533338,0.4005735,0.40260497,0.040026784,0.16780627,0,0,0,0
2015-01-09 22:30:00,0,0.118784234,0.45574617,0.38230172,0.025589049,0.13573632,0,0,0,0
2015-01-09 23:00:00,0,0.11894833,0.5340818,0.31722292,0.04835558,0.11304828,0,0,0,0
2015-01-09 23:30:00,0,0.12243454,0.6902887,0.49599683,0.07795298,0.11133314,1,0,0,0
2015-01-10 00:00:00,0,0.1147082,0.6902887,0.34499952,0.037497282,0.10278991,1,0,0,0
2015-01-10 00:30:00,0,0.10892527,0.5174435,0.2487491,0.05055082,0.09675517,0,0,0,0
2015-01-10 01:00:00,0,0.09601893,0.78349465,0.35507005,0.041882455,0.09565677,1,0,0,0
2015-01-10 01:30:00,0,0.08449772,0.8238403,0.3816221,0.062285244,0.10037664,1,0,0,0
2015-01-10 02:00:00,0,0.08709988,0.8238403,0.35321894,0.05760777,0.10635331,1,0,0,0
2015-01-10 02:30:00,0,0.10008837,0.72910017,0.42718396,0.05793917,0.11577749,1,0,0,0
2015-01-10 03:00:00,0,0.10387563,0.69568807,0.44861478,0.039150655,0.12466737,1,0,0,0
2015-01-10 03:30:00,0,0.12015642,0.6115825,0.4167989,0.05389762,0.13525955,0,0,0,0
2015-01-10 04:00:00,0,0.12275753,0.40975782,0.32992035,0.107901335,0.14173733,0,0,1,0
2015-01-10 04:30:00,0,0.11254042,0.5913975,0.53548414,0.15893275,0.16068055,0,0,1,0
2015-01-10 05:00:00,0,0.11918628,0.6084073,0.41872603,0.0659765,0.15980376,0,0,0,0
2015-01-10 05:30:00,0,0.117317304,0.6084073,0.3887818,0.066569865,0.15782847,0,0,0,0
2015-01-10 06:00:00,0,0.12141266,0.57142425,0.37985498,0.039490044,0.14689237,0,0,0,0
2015-01-10 06:30:00,0,0.11000228,0.44909468,0.38406858,0.074904025,0.14581148,0,0,0,0
2015-01-10 07:00:00,0,0.11839019,0.32321587,0.4237548,0.050953627,0.13932867,0,0,0,0
2015-01-10 07:30:00,0,0.110235386,0.32194728,0.3268065,0.0676834,0.13177013,0,0,0,0
2015-01-10 08:00:00,0,0.119829506,0.46616825,0.48160458,0.054294586,0.12574671,0,0,0,0
2015-01-10 08:30:00,0,0.112066604,0.46616825,0.32182404,0.054274023,0.11788255,0,0,0,0
2015-01-10 09:00:00,0,0.102661334,0.30693728,0.41904345,0.043317676,0.10776899,0,0,0,0
2015-01-10 09:30:00,0,0.085516304,0.58066994,0.7111899,0.07091576,0.10314731,0,1,0,0
2015-01-10 10:00:00,0,0.08519865,0.58066994,0.54041165,0.047352314,0.09250622,0,0,0,0
2015-01-10 10:30:00,0,0.09003779,0.6669094,0.7474331,0.064721584,0.08535744,1,1,0,0
2015-01-10 11:00:00,0,0.09579573,0.7362712,0.7906698,0.06252116,0.07243693,1,1,0,0
2015-01-10 11:30:00,0,0.10494603,0.93817747,0.9365175,0.11613375,0.07358333,1,1,1,0
2015-01-10 12:00:00,0,0.10562676,0.93817747,0.93175596,0.092621386,0.07436831,1,1,0,0
2015-01-10 12:30:00,0,0.10490588,0.96679884,0.9659108,0.17865866,0.08573647,1,1,1,0
2015-01-10 13:00:00,0,0.10672952,0.96679884,0.9269446,0.09881896,0.0891611,1,1,0,0
2015-01-10 13:30:00,0,0.10452183,0.93457603,0.8831807,0.06663114,0.08936999,1,1,0,0
2015-01-10 14:00:00,0,0.102878615,0.89628947,0.7641307,0.059513748,0.08778351,1,1,0,0
2015-01-10 14:30:00,0,0.10716149,0.8868033,0.8678652,0.081751525,0.079867944,1,1,0,0
2015-01-10 15:00:00,0,0.10653611,0.9355189,0.9237186,0.16174203,0.08468223,1,1,1,0
2015-01-10 15:30:00,0,0.10900626,0.9665155,0.97214746,0.2938128,0.11477403,1,1,1,0
2015-01-10 16:00:00,0,0.105397426,0.9665155,0.9688685,0.18657595,0.13947573,1,1,1,0
2015-01-10 16:30:00,0,0.0974905,0.92586416,0.8320328,0.0864557,0.14635001,1,1,0,0
2015-01-10 17:00:00,0,0.10452062,0.64464706,0.79950243,0.077403724,0.13036457,1,1,0,0
2015-01-10 17:30:00,0,0.113959976,0.8712415,0.91919464,0.094358206,0.13325018,1,1,0,0
2015-01-10 18:00:00,0,0.1455245,0.93268144,0.957221,0.11756194,0.143718,1,1,1,0
2015-01-10 18:30:00,0,0.15087734,0.93268144,0.91978407,0.10295391,0.14311102,1,1,1,0
2015-01-10 19:00:00,0,0.24037468,0.9518664,0.9394944,0.17063832,0.15365385,1,1,1,0
2015-01-10 19:30:00,0,0.14927477,0.9518664,0.88650525,0.09468001,0.15035641,1,1,0,0
2015-01-10 20:00:00,0,0.23552008,0.94967777,0.98020554,0.19155699,0.17388594,1,1,1,0
2015-01-10 20:30:00,0,0.11623318,0.94967777,0.80906475,0.041623175,0.16090894,1,1,0,0
2015-01-10 21:00:00,0,0.1076802,0.5878755,0.67860454,0.032611728,0.13701844,0,1,0,0
2015-01-10 21:30:00,0,0.11734815,0.6343876,0.8311685,0.052122712,0.11559081,1,1,0,0
2015-01-10 22:00:00,0,0.13196997,0.7675233,0.87712276,0.057077646,0.09667179,1,1,0,0
2015-01-10 22:30:00,0,0.21013102,0.8911263,0.91154015,0.11342895,0.08724718,1,1,1,0
2015-01-10 23:00:00,0,0.25424027,0.9164886,0.9186226,0.15763319,0.0875527,1,1,1,0
2015-01-10 23:30:00,0,0.26069832,0.9164886,0.91872984,0.16892904,0.09128887,1,1,1,0
2015-01-11 00:00:00,0,0.14451523,0.9882244,0.9614274,0.12235969,0.08892574,1,1,1,0
2015-01-11 00:30:00,0,0.1155377,0.9882244,0.7510743,0.04980302,0.0792603,1,1,0,0
2015-01-11 01:00:00,0,0.10738475,0.92668056,0.7084934,0.030110955,0.06904507,1,1,0,0
2015-01-11 01:30:00,0,0.09878735,0.71934724,0.5460014,0.044182956,0.060601745,1,0,0,0
2015-01-11 02:00:00,0,0.09144784,0.3770726,0.56098354,0.045589447,0.05011832,0,0,0,0
2015-01-11 02:30:00,0,0.08215135,0.33717167,0.49112082,0.057866395,0.042434044,0,0,0,0
2015-01-11 03:00:00,0,0.09809287,0.3048941,0.43456107,0.035895705,0.035486225,0,0,0,0
2015-01-11 03:30:00,0,0.109372094,0.3048941,0.34853423,0.047520697,0.03097728,0,0,0,0
2015-01-11 04:00:00,0,0.12164237,0.3028756,0.24700186,0.08030838,0.029199256,0,0,0,0
2015-01-11 04:30:00,0,0.12345369,0.5035836,0.37342936,0.16636765,0.03242876,0,0,1,0
2015-01-11 05:00:00,0,0.11286151,0.5284695,0.37821966,0.09498048,0.033509806,0,0,0,0
2015-01-11 05:30:00,0,0.11919934,0.5284695,0.33982188,0.058743536,0.032662246,0,0,0,0
2015-01-11 06:00:00,0,0.11452857,0.5220905,0.41068277,0.05649525,0.03270854,0,0,0,0
2015-01-11 06:30:00,0,0.112330385,0.5220905,0.37382594,0.036112547,0.03148235,0,0,0,0
2015-01-11 07:00:00,0,0.111790255,0.43876868,0.48635674,0.060916424,0.033064842,0,0,0,0
2015-01-11 07:30:00,0,0.11498391,0.43876868,0.41735193,0.06206268,0.03323759,0,0,0,0
2015-01-11 08:00:00,0,0.124491856,0.39895037,0.46735454,0.04749638,0.034583718,0,0,0,0
2015-01-11 08:30:00,0,0.122119665,0.39895037,0.24528776,0.061472774,0.035321187,0,0,0,0
2015-01-11 09:00:00,0,0.121549904,0.42175546,0.3007884,0.055844545,0.043488096,0,0,0,0
2015-01-11 09:30:00,0,0.103356056,0.42175546,0.41496915,0.050305486,0.052423753,0,0,0,0
2015-01-11 10:00:00,0,0.09839133,0.35126886,0.2975485,0.04110068,0.05754381,0,0,0,0
2015-01-11 10:30:00,0,0.08469792,0.5952624,0.6567253,0.08928442,0.068312906,0,1,0,0
2015-01-11 11:00:00,0,0.08354995,0.5952624,0.5273494,0.062745154,0.07189147,0,0,0,0
2015-01-11 11:30:00,0,0.096009105,0.7900516,0.76249,0.07186347,0.07132232,1,1,0,0
2015-01-11 12:00:00,0,0.092163764,0.7900516,0.63127226,0.0493626,0.0692782,1,1,0,0
2015-01-11 12:30:00,0,0.10324505,0.8966742,0.85465115,0.1011067,0.066871144,1,1,0,0
2015-01-11 13:00:00,0,0.10369164,0.8966742,0.8088533,0.08250016,0.06825334,1,1,0,0
2015-01-11 13:30:00,0,0.09479841,0.84426165,0.6644608,0.060845077,0.068173654,1,1,0,0
2015-01-11 14:00:00,0,0.09084688,0.7174365,0.45338067,0.043807685,0.06428053,1,0,0,0
2015-01-11 14:30:00,0,0.090223745,0.55938697,0.41042092,0.04903716,0.059768137,0,0,0,0
2015-01-11 15:00:00,0,0.084605545,0.5050147,0.3256482,0.04036987,0.05180132,0,0,0,0
2015-01-11 15:30:00,0,0.0899546,0.53562933,0.6043948,0.06949866,0.03812132,0,1,0,0
2015-01-11 16:00:00,0,0.0879927,0.53562933,0.64987093,0.06539816,0.032206733,0,1,0,0
2015-01-11 16:30:00,0,0.09388558,0.62485945,0.8022821,0.087319195,0.03278782,1,1,0,0
2015-01-11 17:00:00,0,0.09248119,0.62485945,0.7295741,0.07106215,0.03437726,1,1,0,0
2015-01-11 17:30:00,0,0.09327133,0.60853213,0.44801947,0.049412787,0.033695403,0,0,0,0
2015-01-11 18:00:00,0,0.09385617,0.478928,0.2894426,0.040405095,0.03167725,0,0,0,0
2015-01-11 18:30:00,0,0.08983093,0.39204532,0.28228754,0.025043547,0.029619649,0,0,0,0
2015-01-11 19:00:00,0,0.082451895,0.3814971,0.43504593,0.03573376,0.0255716,0,0,0,0
2015-01-11 19:30:00,0,0.084735215,0.51296085,0.5099022,0.047723055,0.025368147,0,0,0,0
2015-01-11 20:00:00,0,0.092400804,0.7898401,0.7781285,0.12127811,0.026265249,1,1,1,0
2015-01-11 20:30:00,0,0.10016718,0.86355126,0.8754996,0.31301683,0.04290379,1,1,1,0
2015-01-11 21:00:00,0,0.09834318,0.86355126,0.8874021,0.28073728,0.066523336,1,1,1,0
2015-01-11 21:30:00,0,0.09957627,0.85314465,0.8278643,0.09586209,0.07490164,1,1,0,0
2015-01-11 22:00:00,0,0.10287888,0.8818846,0.8485818,0.056657016,0.07479121,1,1,0,0
2015-01-11 22:30:00,0,0.1094651,0.9685485,0.8873248,0.12273955,0.07684642,1,1,1,0
2015-01-11 23:00:00,0,0.10314369,0.97146446,0.64841354,0.08587825,0.073481925,1,1,0,0
2015-01-11 23:30:00,0,0.12124999,0.9983621,0.97653633,0.35069692,0.10637273,1,1,1,0
2015-01-12 00:00:00,0,0.109903954,0.9983621,0.8666058,0.07155204,0.10722631,1,1,0,0
2015-01-12 00:30:00,0,0.11515327,0.75665575,0.8478351,0.09218788,0.1081288,1,1,0,0
2015-01-12 01:00:00,0,0.11309491,0.7615103,0.8362882,0.103614986,0.112665474,1,1,1,0
2015-01-12 01:30:00,0,0.12145485,0.7615103,0.74940574,0.06815785,0.10941568,1,1,0,0
2015-01-12 02:00:00,0,0.11250299,0.6519678,0.6757268,0.056999385,0.107208766,1,1,0,0
2015-01-12 02:30:00,0,0.1221461,0.5452239,0.58519185,0.04867959,0.098779924,0,0,0,0
2015-01-12 03:00:00,0,0.14578566,0.4912173,0.51424176,0.04986179,0.09001606,0,0,0,0
2015-01-12 03:30:00,0,0.19749421,0.52314353,0.5067009,0.057016015,0.081386596,0,0,0,0
2015-01-12 04:00:00,0,0.14526442,0.52314353,0.43798658,0.037816763,0.070796624,0,0,0,0
2015-01-12 04:30:00,0,0.15264367,0.53337103,0.41367242,0.05473739,0.06073941,0,0,0,0
2015-01-12 05:00:00,0,0.12318187,0.5355411,0.3857713,0.07099831,0.057456482,0,0,0,0
2015-01-12 05:30:00,0,0.10606362,0.5355411,0.25122896,0.155765,0.065583296,0,0,1,0
2015-01-12 06:00:00,0,0.113016024,0.3474781,0.24513163,0.123185575,0.07194586,0,0,1,0
2015-01-12 06:30:00,0,0.10968417,0.6593197,0.55750996,0.07539058,0.07782927,1,0,0,0
2015-01-12 07:00:00,0,0.100190915,0.67784935,0.6390105,0.061598837,0.08187258,1,1,0,0
2015-01-12 07:30:00,0,0.082839325,0.8448112,0.88068026,0.08113849,0.08607387,1,1,0,0
2015-01-12 08:00:00,0,0.09111267,0.8593271,0.9020647,0.13586849,0.10087049,1,1,1,0
2015-01-12 08:30:00,0,0.09059497,0.8593271,0.8380076,0.11703646,0.10285242,1,1,1,0
2015-01-12 09:00:00,0,0.08313904,0.836297,0.6902761,0.04601741,0.09872429,1,1,0,0
2015-01-12 09:30:00,0,0.08464113,0.68681514,0.6250431,0.053722262,0.101662055,1,1,0,0
2015-01-12 10:00:00,0,0.08775956,0.5507656,0.4287364,0.05752504,0.104532585,0,0,0,0
2015-01-12 10:30:00,0,0.09014905,0.31478965,0.36650822,0.03606212,0.10003637,0,0,0,0
2015-01-12 11:00:00,0,0.094458565,0.45490015,0.25497955,0.030289173,0.09896742,0,0,0,0
2015-01-12 11:30:00,0,0.08472153,0.45490015,0.42412564,0.104880035,0.114465274,0,0,1,0
2015-01-12 12:00:00,0,0.083676256,0.48625395,0.49185726,0.19818658,0.14778464,0,0,1,0
2015-01-12 12:30:00,0,0.08671521,0.48625395,0.28539443,0.03198272,0.14745428,0,0,0,0
2015-01-12 13:00:00,0,0.089543395,0.303007,0.2464156,0.03145659,0.14784327,0,0,0,0
2015-01-12 13:30:00,0,0.08511486,0.3772306,0.3127688,0.059838235,0.15422297,0,0,0,0
2015-01-12 14:00:00,0,0.0866161,0.38949108,0.26025254,0.041472018,0.15335733,0,0,0,0
2015-01-12 14:30:00,0,0.083580986,0.6534219,0.46427253,0.16260034,0.190185,1,0,1,0
2015-01-12 15:00:00,0,0.09238917,0.78765804,0.65475744,0.29887742,0.284953,1,1,1,0
2015-01-12 15:30:00,0,0.08840696,0.78765804,0.2871483,0.049983025,0.33170852,1,0,0,0
2015-01-12 16:00:00,0,0.09070786,0.429509,0.31443673,0.03461677,0.35230923,0,0,0,0
2015-01-12 16:30:00,0,0.10316946,0.6314008,0.39163643,0.071636915,0.37567,1,0,0,0
2015-01-12 17:00:00,0,0.08567951,0.6314008,0.32903618,0.08279437,0.39740983,1,0,0,0
2015-01-12 17:30:00,0,0.08961786,0.47627404,0.25610834,0.07344526,0.4094731,0,0,0,0
2015-01-12 18:00:00,0,0.10169203,0.4153282,0.2674989,0.052563667,0.40870473,0,0,0,0
2015-01-12 18:30:00,0,0.11023686,0.4153282,0.26951057,0.03552878,0.3960295,0,0,0,0
2015-01-12 19:00:00,0,0.1028703,0.41446596,0.38239047,0.024743736,0.37063503,0,0,0,0
2015-01-12 19:30:00,0,0.09632805,0.47452572,0.5094668,0.056838572,0.35105756,0,0,0,0
2015-01-12 20:00:00,0,0.09835928,0.5042262,0.42751303,0.050800383,0.33012396,0,0,0,0
2015-01-12 20:30:00,0,0.084534325,0.73648965,0.61470324,0.095641375,0.32850057,1,1,0,0
2015-01-12 21:00:00,0,0.08896399,0.73648965,0.5228606,0.04970163,0.27641797,1,0,0,0
2015-01-12 21:30:00,0,0.08522536,0.6485425,0.5921149,0.059993148,0.27207583,1,0,0,0
2015-01-12 22:00:00,0,0.083912045,0.6485425,0.5188747,0.0541234,0.27274323,1,0,0,0
2015-01-12 22:30:00,0,0.099007264,0.7806182,0.69491357,0.038838685,0.2430089,1,1,0,0
2015-01-12 23:00:00,0,0.108608454,0.81768394,0.7187948,0.056212127,0.2103688,1,1,0,0
2015-01-12 23:30:00,0,0.12014513,0.81768394,0.70355076,0.071927965,0.11089689,1,1,0,0
2015-01-13 00:00:00,0,0.11280606,0.68604845,0.3337358,0.17189765,0.14405099,1,0,1,0
2015-01-13 00:30:00,0,0.11701377,0.3398685,0.33129564,0.048132718,0.15638523,0,0,0,0
2015-01-13 01:00:00,0,0.11424096,0.30790552,0.40588206,0.07291424,0.16553706,0,0,0,0
2015-01-13 01:30:00,0,0.11539444,0.30790552,0.34967592,0.050749898,0.17692575,0,0,0,0
2015-01-13 02:00:00,0,0.11846117,0.3058426,0.31270695,0.05320555,0.18822393,0,0,0,0
2015-01-13 02:30:00,0,0.12157335,0.3058426,0.32760134,0.05443698,0.19222078,0,0,0,0
2015-01-13 03:00:00,0,0.17415844,0.2885998,0.3285674,0.049859524,0.1844979,0,0,0,0
2015-01-13 03:30:00,0,0.18246399,0.27578503,0.29740375,0.053013146,0.17176853,0,0,0,0
2015-01-13 04:00:00,0,0.15147467,0.2947071,0.27943408,0.049577653,0.15835017,0,0,0,0
2015-01-13 04:30:00,0,0.19411245,0.43630737,0.32376432,0.06492901,0.15120782,0,0,0,0
2015-01-13 05:00:00,0,0.13667677,0.5481112,0.35624525,0.060115516,0.14645396,0,0,0,0
2015-01-13 05:30:00,0,0.10960537,0.5481112,0.2612799,0.27005523,0.18371291,0,0,1,0
2015-01-13 06:00:00,0,0.114148915,0.55262786,0.3528277,0.07527155,0.18295217,0,0,0,0
2015-01-13 06:30:00,0,0.11012611,0.55262786,0.3138698,0.074029446,0.19490075,0,0,0,0
2015-01-13 07:00:00,0,0.09752301,0.29558045,0.35841486,0.060313463,0.19919509,0,0,0,0
2015-01-13 07:30:00,0,0.09185363,0.7180958,0.7503199,0.093721986,0.21329562,1,1,0,0
2015-01-13 08:00:00,0,0.10273044,0.8657383,0.74937034,0.19502759,0.25378242,1,1,1,0
2015-01-13 08:30:00,0,0.102743685,0.8657383,0.6428674,0.17753518,0.3019138,1,1,1,0
2015-01-13 09:00:00,0,0.095699385,0.8491993,0.5327564,0.077920735,0.3264243,1,0,0,0
2015-01-13 09:30:00,0,0.0927766,0.7181003,0.5235898,0.07830697,0.3410438,1,0,0,0
2015-01-13 10:00:00,0,0.08301223,0.5869481,0.45774734,0.06943345,0.34492755,0,0,0,0
2015-01-13 10:30:00,0,0.08476256,0.34994188,0.4822473,0.09064931,0.3374456,0,0,0,0
2015-01-13 11:00:00,0,0.08568251,0.33840922,0.39490473,0.051060915,0.31525245,0,0,0,0
2015-01-13 11:30:00,0,0.08950852,0.527656,0.5819164,0.15371478,0.33763948,0,0,1,0
2015-01-13 12:00:00,0,0.08970994,0.5518231,0.5186872,0.13195837,0.36446956,0,0,1,0
2015-01-13 12:30:00,0,0.0837809,0.5518231,0.37950736,0.04004842,0.3509884,0,0,0,0
2015-01-13 13:00:00,0,0.08345228,0.41421068,0.32182392,0.040501177,0.3289151,0,0,0,0
2015-01-13 13:30:00,0,0.08362013,0.5239233,0.41362208,0.062375307,0.316888,0,0,0,0
2015-01-13 14:00:00,0,0.088264175,0.59996086,0.3817148,0.03333813,0.2979131,0,0,0,0
2015-01-13 14:30:00,0,0.095278844,0.81938994,0.62585115,0.22037011,0.35647258,1,1,1,0
2015-01-13 15:00:00,0,0.09545502,0.82151943,0.69442743,0.22080392,0.38685688,1,1,1,0
2015-01-13 15:30:00,0,0.08576963,0.82151943,0.6383878,0.12465984,0.41485775,1,1,1,0
2015-01-13 16:00:00,0,0.08502757,0.6793266,0.5654621,0.074346244,0.4477314,1,0,0,0
2015-01-13 16:30:00,0,0.10179946,0.43816677,0.28785378,0.028700173,0.43201944,0,0,0,0
2015-01-13 17:00:00,0,0.08442414,0.43816677,0.3048296,0.10321772,0.42911702,0,0,1,0
2015-01-13 17:30:00,0,0.09519821,0.38098451,0.38118708,0.110881805,0.4375339,0,0,1,0
2015-01-13 18:00:00,0,0.10684431,0.53332967,0.42366982,0.052859247,0.4537317,0,0,0,0
2015-01-13 18:30:00,0,0.1143785,0.53332967,0.39059097,0.037564695,0.47893167,0,0,0,0
2015-01-13 19:00:00,0,0.1155257,0.47890887,0.34370148,0.037421048,0.52398944,0,0,0,0
2015-01-13 19:30:00,0,0.11052521,0.41701412,0.2906049,0.034101725,0.5387612,0,0,0,0
2015-01-13 20:00:00,0,0.107738495,0.28216633,0.4068205,0.0462963,0.5234956,0,0,0,0
2015-01-13 20:30:00,0,0.106519714,0.29487166,0.44635034,0.032561302,0.4695868,0,0,0,0
2015-01-13 21:00:00,0,0.1054072,0.3167134,0.3881327,0.03263873,0.4243399,0,0,0,0
2015-01-13 21:30:00,0,0.10973176,0.38499767,0.36572018,0.033920765,0.38233727,0,0,0,0
2015-01-13 22:00:00,0,0.10145265,0.38499767,0.25321138,0.05448425,0.3469863,0,0,0,0
2015-01-13 22:30:00,0,0.08916045,0.58576024,0.50261545,0.05729586,0.31986776,0,0,0,0
2015-01-13 23:00:00,0,0.08786183,0.78679395,0.7219477,0.09276736,0.30286637,1,1,0,0
2015-01-13 23:30:00,0,0.103049114,0.78679395,0.618388,0.13947749,0.30602592,1,1,1,0
2015-01-14 00:00:00,0,0.11697705,0.7147404,0.6561558,0.08729148,0.28977674,1,1,0,0
2015-01-14 00:30:00,0,0.12689045,0.7147404,0.539398,0.058542907,0.26864338,1,0,0,0
2015-01-14 01:00:00,0,0.12289113,0.54920596,0.44348052,0.056380272,0.2423695,0,0,0,0
2015-01-14 01:30:00,0,0.116885394,0.4527928,0.3920923,0.049969196,0.21246062,0,0,0,0
2015-01-14 02:00:00,0,0.10996184,0.42386523,0.3537342,0.05714494,0.18737149,0,0,0,0
2015-01-14 02:30:00,0,0.11981293,0.37022525,0.31809777,0.057029307,0.16491254,0,0,0,0
2015-01-14 03:00:00,0,0.113180034,0.32290095,0.26472944,0.04821223,0.14360158,0,0,0,0
2015-01-14 03:30:00,0,0.1217866,0.28741392,0.26946422,0.043064773,0.12496958,0,0,0,0
2015-01-14 04:00:00,0,0.121672235,0.2911329,0.26511842,0.046748877,0.11062806,0,0,0,0
2015-01-14 04:30:00,0,0.13791278,0.35733756,0.29103556,0.048012555,0.10133834,0,0,0,0
2015-01-14 05:00:00,0,0.12174943,0.5200214,0.33178455,0.054771364,0.097806394,0,0,0,0
2015-01-14 05:30:00,0,0.10686318,0.5200214,0.25297266,0.26035666,0.14287578,0,0,1,0
2015-01-14 06:00:00,0,0.11051855,0.5507499,0.34798595,0.09252375,0.1535219,0,0,0,0
2015-01-14 06:30:00,0,0.10269905,0.5507499,0.35683596,0.07504225,0.1595291,0,0,0,0
2015-01-14 07:00:00,0,0.091864415,0.34723276,0.35112292,0.09105873,0.15831357,0,0,0,0
2015-01-14 07:30:00,0,0.09556049,0.64063567,0.6645647,0.102498055,0.1644867,1,1,1,0
2015-01-14 08:00:00,0,0.10428841,0.73998755,0.57261145,0.09250289,0.17991045,1,0,0,0
2015-01-14 08:30:00,0,0.102421574,0.76188684,0.54519343,0.13477552,0.20609912,1,0,1,0
2015-01-14 09:00:00,0,0.0951744,0.76188684,0.4876187,0.07058221,0.21363302,1,0,0,0
2015-01-14 09:30:00,0,0.09099046,0.62052166,0.36027825,0.044003487,0.21083784,1,0,0,0
2015-01-14 10:00:00,0,0.08598314,0.47410452,0.27580214,0.03646332,0.20206545,0,0,0,0
2015-01-14 10:30:00,0,0.08570481,0.47410452,0.2975119,0.032538295,0.1914056,0,0,0,0
2015-01-14 11:00:00,0,0.086264074,0.5970551,0.34271988,0.07037443,0.19188704,0,0,0,0
2015-01-14 11:30:00,0,0.08391114,0.5970551,0.31269732,0.052663982,0.1948452,0,0,0,0
2015-01-14 12:00:00,0,0.083711505,0.32010186,0.2906401,0.05256623,0.1875096,0,0,0,0
2015-01-14 12:30:00,0,0.08549448,0.3593996,0.3246297,0.05056405,0.17709705,0,0,0,0
2015-01-14 13:00:00,0,0.08641983,0.45942727,0.4113764,0.1092186,0.18117446,0,0,1,0
2015-01-14 13:30:00,0,0.084168665,0.45942727,0.24728031,0.038203537,0.17145067,0,0,0,0
2015-01-14 14:00:00,0,0.083658144,0.37920824,0.2641052,0.025590599,0.15696543,0,0,0,0
2015-01-14 14:30:00,0,0.08808261,0.52219677,0.29532543,0.06233859,0.15172742,0,0,0,0
2015-01-14 15:00:00,0,0.088578254,0.6148401,0.40452638,0.0690431,0.14053252,1,0,0,0
2015-01-14 15:30:00,0,0.08434191,0.6148401,0.38574868,0.07086462,0.13890974,1,0,0,0
2015-01-14 16:00:00,0,0.09244383,0.4605313,0.3221491,0.035452902,0.13635176,0,0,0,0
2015-01-14 16:30:00,0,0.10359201,0.534615,0.28967792,0.04741907,0.13998154,0,0,0,0
2015-01-14 17:00:00,0,0.08630789,0.534615,0.3168844,0.13611126,0.15014929,0,0,1,0
2015-01-14 17:30:00,0,0.09869026,0.41580805,0.2969712,0.095115066,0.15514563,0,0,0,0
2015-01-14 18:00:00,0,0.10506867,0.5372816,0.36914924,0.049918115,0.16635735,0,0,0,0
2015-01-14 18:30:00,0,0.10797331,0.5372816,0.27863312,0.041295707,0.18068753,0,0,0,0
2015-01-14 19:00:00,0,0.114638284,0.37995175,0.2832057,0.031144917,0.18969138,0,0,0,0
2015-01-14 19:30:00,0,0.112676114,0.33936074,0.32656342,0.023534894,0.1959276,0,0,0,0
2015-01-14 20:00:00,0,0.10803827,0.7211551,0.5646076,0.112252355,0.24920203,1,0,1,0
2015-01-14 20:30:00,0,0.1098555,0.74515855,0.50474054,0.11443615,0.31738093,1,0,1,0
2015-01-14 21:00:00,0,0.10548503,0.74515855,0.45669994,0.06841135,0.35800242,1,0,0,0
2015-01-14 21:30:00,0,0.109999746,0.58893925,0.5516619,0.072556496,0.3758463,0,0,0,0
2015-01-14 22:00:00,0,0.103285804,0.57099986,0.4053679,0.050797045,0.36995405,0,0,0,0
2015-01-14 22:30:00,0,0.09142774,0.7191246,0.7493405,0.0964365,0.3792485,1,1,0,0
2015-01-14 23:00:00,0,0.086091325,0.9057487,0.87912786,0.11674577,0.39175344,1,1,1,0
2015-01-14 23:30:00,0,0.09924179,0.9057487,0.8326569,0.11033106,0.38972908,1,1,1,0
2015-01-15 00:00:00,0,0.11366876,0.9356738,0.9066209,0.05536735,0.37823147,1,1,0,0
2015-01-15 00:30:00,0,0.12053433,0.9356738,0.8207364,0.08130181,0.37478793,1,1,0,0
2015-01-15 01:00:00,0,0.12044233,0.86013126,0.7307852,0.099656284,0.37816817,1,1,0,0
2015-01-15 01:30:00,0,0.117618494,0.7327276,0.625653,0.078660905,0.3707827,1,1,0,0
2015-01-15 02:00:00,0,0.114762,0.6173491,0.5471103,0.0814985,0.358979,1,0,0,0
2015-01-15 02:30:00,0,0.120990545,0.5271532,0.49580482,0.07038194,0.3391027,0,0,0,0
2015-01-15 03:00:00,0,0.1162745,0.4652888,0.41292316,0.067821264,0.3165433,0,0,0,0
2015-01-15 03:30:00,0,0.12141395,0.37898916,0.38181108,0.08134371,0.29604796,0,0,0,0
2015-01-15 04:00:00,0,0.118389145,0.34212202,0.33725396,0.058847845,0.2689392,0,0,0,0
2015-01-15 04:30:00,0,0.12930612,0.44277304,0.34434575,0.06486958,0.25016174,0,0,0,0
2015-01-15 05:00:00,0,0.12139793,0.5585648,0.35880983,0.057836473,0.23828249,0,0,0,0
2015-01-15 05:30:00,0,0.10534142,0.5585648,0.28462052,0.25825185,0.3011523,0,0,1,0
2015-01-15 06:00:00,0,0.11031506,0.57472146,0.3609461,0.08906406,0.31602812,0,0,0,0
2015-01-15 06:30:00,0,0.10238124,0.57472146,0.3240767,0.073635995,0.32675537,0,0,0,0
2015-01-15 07:00:00,0,0.09025532,0.3303627,0.36673966,0.052005887,0.31871173,0,0,0,0
2015-01-15 07:30:00,0,0.08947421,0.5712219,0.5971941,0.108487725,0.33130515,0,0,1,0
2015-01-15 08:00:00,0,0.10278821,0.7432804,0.5564802,0.079175055,0.33552918,1,0,0,0
2015-01-15 08:30:00,0,0.10354348,0.7789472,0.54169226,0.09881586,0.33844182,1,0,0,0
2015-01-15 09:00:00,0,0.09731081,0.7789472,0.4000476,0.036765456,0.33941272,1,0,0,0
2015-01-15 09:30:00,0,0.08882054,0.5732622,0.36525297,0.04156059,0.34043354,0,0,0,0
2015-01-15 10:00:00,0,0.086454585,0.5356138,0.38034502,0.058131397,0.34563446,0,0,0,0
2015-01-15 10:30:00,0,0.08455336,0.5356138,0.2968006,0.03712219,0.34500533,0,0,0,0
2015-01-15 11:00:00,0,0.08754195,0.71935743,0.51378524,0.119383335,0.36738992,1,0,1,0
2015-01-15 11:30:00,0,0.08401679,0.71935743,0.30377227,0.047187567,0.3755378,1,0,0,0
2015-01-15 12:00:00,0,0.083587915,0.38305923,0.24868637,0.031678855,0.3736356,0,0,0,0
2015-01-15 12:30:00,0,0.08631153,0.41822374,0.40926802,0.07091516,0.37745512,0,0,0,0
2015-01-15 13:00:00,0,0.08811332,0.51533973,0.5019816,0.15957278,0.40435648,0,0,1,0
2015-01-15 13:30:00,0,0.08520716,0.51533973,0.31189957,0.039627135,0.4010365,0,0,0,0
2015-01-15 14:00:00,0,0.0843382,0.38701585,0.31512508,0.020684063,0.38516843,0,0,0,0
2015-01-15 14:30:00,0,0.08581528,0.5485292,0.27069464,0.036423266,0.36959824,0,0,0,0
2015-01-15 15:00:00,0,0.08781684,0.6383783,0.4169675,0.06322914,0.3677458,1,0,0,0
2015-01-15 15:30:00,0,0.08612916,0.6383783,0.42842138,0.094450295,0.37794104,1,0,0,0
2015-01-15 16:00:00,0,0.09117439,0.45521384,0.3901634,0.029750407,0.3641419,0,0,0,0
2015-01-15 16:30:00,0,0.09782302,0.5423915,0.2775107,0.042779148,0.35034555,0,0,0,0
2015-01-15 17:00:00,0,0.08510484,0.5423915,0.24484394,0.12112844,0.34958524,0,0,1,0
2015-01-15 17:30:00,0,0.091388255,0.37227753,0.303489,0.08607072,0.34855896,0,0,0,0
2015-01-15 18:00:00,0,0.104690105,0.5077237,0.4200997,0.055559814,0.35590005,0,0,0,0
2015-01-15 18:30:00,0,0.109812304,0.5077237,0.33435634,0.039176106,0.35082117,0,0,0,0
2015-01-15 19:00:00,0,0.114455566,0.36266655,0.2536512,0.035250187,0.3495071,0,0,0,0
2015-01-15 19:30:00,0,0.11200683,0.3806475,0.30326656,0.027053475,0.34149966,0,0,0,0
2015-01-15 20:00:00,0,0.113736674,0.43811595,0.24447027,0.036044538,0.3115612,0,0,0,0
2015-01-15 20:30:00,0,0.104554944,0.5548394,0.29530782,0.07732552,0.29592878,0,0,0,0
2015-01-15 21:00:00,0,0.112128004,0.5548394,0.2524938,0.041176796,0.28699875,0,0,0,0
2015-01-15 21:30:00,0,0.110211566,0.3896405,0.31993505,0.061564088,0.29228103,0,0,0,0
2015-01-15 22:00:00,0,0.10916317,0.3896405,0.30745098,0.05300647,0.28798136,0,0,0,0
2015-01-15 22:30:00,0,0.10375015,0.4025446,0.43023074,0.064486444,0.28288242,0,0,0,0
2015-01-15 23:00:00,0,0.105437025,0.5351134,0.57898307,0.16029787,0.30573767,0,0,1,0
2015-01-15 23:30:00,0,0.08380916,0.66726196,0.71078724,0.24172872,0.36833653,1,1,1,0
2015-01-16 00:00:00,0,0.10352496,0.9720782,0.93579775,0.05333501,0.37661892,1,1,0,0
2015-01-16 00:30:00,0,0.103139006,0.9720782,0.9010007,0.06656051,0.37091509,1,1,0,0
2015-01-16 01:00:00,0,0.12098364,0.955973,0.89051014,0.07016522,0.35996467,1,1,0,0
2015-01-16 01:30:00,0,0.11011516,0.9343311,0.8692851,0.0693742,0.34593993,1,1,0,0
2015-01-16 02:00:00,0,0.123455144,0.89217883,0.7586217,0.09378916,0.34122726,1,1,0,0
2015-01-16 02:30:00,0,0.118065365,0.7643123,0.6833417,0.12085897,0.34574828,1,1,1,0
2015-01-16 03:00:00,0,0.1091378,0.6647786,0.58419704,0.08404231,0.33594644,1,0,0,0
2015-01-16 03:30:00,0,0.11836213,0.5496853,0.60112405,0.15401244,0.34846026,0,0,1,0
2015-01-16 04:00:00,0,0.116826616,0.5496853,0.44523564,0.04698789,0.32558784,0,0,0,0
2015-01-16 04:30:00,0,0.12175356,0.47527874,0.38487917,0.04625559,0.30137157,0,0,0,0
2015-01-16 05:00:00,0,0.11409234,0.56318223,0.36038283,0.054708064,0.2861527,0,0,0,0
2015-01-16 05:30:00,0,0.10878979,0.56318223,0.24435154,0.14726913,0.30344442,0,0,1,0
2015-01-16 06:00:00,0,0.112008564,0.46155617,0.26983988,0.14458954,0.32956868,0,0,1,0
2015-01-16 06:30:00,0,0.10981994,0.46155617,0.48491228,0.08455449,0.33311415,0,0,0,0
2015-01-16 07:00:00,0,0.09878012,0.4247954,0.59032,0.05676508,0.32841477,0,0,0,0
2015-01-16 07:30:00,0,0.08924516,0.74855906,0.8445123,0.0849058,0.32066217,1,1,0,0
2015-01-16 08:00:00,0,0.095818475,0.79419476,0.81311905,0.072933316,0.30600792,1,1,0,0
2015-01-16 08:30:00,0,0.09565438,0.81206274,0.7479821,0.06394583,0.28341654,1,1,0,0
2015-01-16 09:00:00,0,0.09007921,0.81206274,0.5797048,0.030856311,0.26162118,1,0,0,0
2015-01-16 09:30:00,0,0.084504575,0.6436483,0.5095637,0.040964246,0.24238333,1,0,0,0
2015-01-16 10:00:00,0,0.08263047,0.48288172,0.32157946,0.03915578,0.2196454,0,0,0,0
2015-01-16 10:30:00,0,0.08684175,0.40883878,0.2537185,0.034861863,0.19816609,0,0,0,0
2015-01-16 11:00:00,0,0.09081157,0.6039687,0.42472434,0.06610185,0.18371335,0,0,0,0
2015-01-16 11:30:00,0,0.08484431,0.6039687,0.26421884,0.04794079,0.17444767,0,0,0,0
2015-01-16 12:00:00,0,0.08452002,0.29644352,0.2588621,0.0452469,0.16606882,0,0,0,0
2015-01-16 12:30:00,0,0.083850324,0.29900166,0.28892547,0.027599573,0.15081796,0,0,0,0
2015-01-16 13:00:00,0,0.08661286,0.37669855,0.3538974,0.044434667,0.13061896,0,0,0,0
2015-01-16 13:30:00,0,0.08504986,0.37669855,0.29796636,0.04386884,0.12387736,0,0,0,0
2015-01-16 14:00:00,0,0.08849168,0.59512126,0.3815807,0.08006549,0.13180076,0,0,0,0
2015-01-16 14:30:00,0,0.08890686,0.72021323,0.47577825,0.11711061,0.14461057,1,0,1,0
2015-01-16 15:00:00,0,0.09010247,0.7233008,0.5244983,0.09906083,0.15383741,1,0,0,0
2015-01-16 15:30:00,0,0.08462831,0.7233008,0.44095644,0.07670343,0.15591562,1,0,0,0
2015-01-16 16:00:00,0,0.090193674,0.46324986,0.42528832,0.04538715,0.15403055,0,0,0,0
2015-01-16 16:30:00,0,0.10347023,0.4526933,0.28693897,0.036493897,0.14343266,0,0,0,0
2015-01-16 17:00:00,0,0.08443886,0.4526933,0.3128962,0.16565716,0.14958982,0,0,1,0
2015-01-16 17:30:00,0,0.10377613,0.6585396,0.6734166,0.076569855,0.1522078,1,1,0,0
2015-01-16 18:00:00,0,0.10738978,0.6980198,0.6952543,0.054027557,0.15343663,1,1,0,0
2015-01-16 18:30:00,0,0.13319145,0.7688641,0.7712551,0.07170004,0.15484658,1,1,0,0
2015-01-16 19:00:00,0,0.19471134,0.82367665,0.80907965,0.11662918,0.16547729,1,1,1,0
2015-01-16 19:30:00,0,0.21351047,0.82367665,0.83667606,0.12578696,0.17844,1,1,1,0
2015-01-16 20:00:00,0,0.14417332,0.7987071,0.765951,0.05556637,0.16765162,1,1,0,0
2015-01-16 20:30:00,0,0.11887181,0.5601952,0.6662335,0.03598243,0.14043215,0,1,0,0
2015-01-16 21:00:00,0,0.12173727,0.35299066,0.6085269,0.038641334,0.115194716,0,1,0,0
2015-01-16 21:30:00,0,0.12010761,0.3740568,0.61130005,0.041386127,0.09563779,0,1,0,0
2015-01-16 22:00:00,0,0.13198547,0.53006524,0.62909734,0.029724479,0.08009726,0,1,0,0
2015-01-16 22:30:00,0,0.14413175,0.6397747,0.58230066,0.028472722,0.06927399,1,0,0,0
2015-01-16 23:00:00,0,0.12557194,0.6412887,0.42883956,0.04821837,0.058656737,1,0,0,0
2015-01-16 23:30:00,0,0.1200025,0.742585,0.56527627,0.06725609,0.04607972,1,0,0,0
2015-01-17 00:00:00,0,0.11402074,0.742585,0.46103302,0.03316164,0.050272968,1,0,0,0
2015-01-17 00:30:00,0,0.11026237,0.5498174,0.2643795,0.050589085,0.05186651,0,0,0,0
2015-01-17 01:00:00,0,0.09700217,0.7665159,0.33136296,0.043514192,0.054934613,1,0,0,0
2015-01-17 01:30:00,0,0.0848768,0.8212858,0.3771713,0.058820307,0.05951258,1,0,0,0
2015-01-17 02:00:00,0,0.090547346,0.8212858,0.4457604,0.06699544,0.06281636,1,0,0,0
2015-01-17 02:30:00,0,0.10081023,0.79388297,0.38110813,0.061010957,0.06439119,1,0,0,0
2015-01-17 03:00:00,0,0.104045,0.6569058,0.37916246,0.030454755,0.062589586,1,0,0,0
2015-01-17 03:30:00,0,0.12040147,0.5469565,0.38308617,0.052392244,0.059136584,0,0,0,0
2015-01-17 04:00:00,0,0.12052409,0.37869352,0.2771994,0.10107678,0.061762627,0,0,0,0
2015-01-17 04:30:00,0,0.11478589,0.48190936,0.416943,0.16854537,0.071959205,0,0,1,0
2015-01-17 05:00:00,0,0.113365546,0.5697454,0.37739977,0.06482607,0.070950896,0,0,0,0
2015-01-17 05:30:00,0,0.1172814,0.5697454,0.334408,0.05389893,0.062105853,0,0,0,0
2015-01-17 06:00:00,0,0.116708025,0.51730746,0.34048933,0.029089153,0.052823376,0,0,0,0
2015-01-17 06:30:00,0,0.10805944,0.41032624,0.37343293,0.07133269,0.05360397,0,0,0,0
2015-01-17 07:00:00,0,0.10700663,0.42471233,0.5422269,0.05514282,0.056315724,0,0,0,0
2015-01-17 07:30:00,0,0.11674819,0.42471233,0.45628828,0.049186647,0.056256052,0,0,0,0
2015-01-17 08:00:00,0,0.120848455,0.4586014,0.47340256,0.05484885,0.05666514,0,0,0,0
2015-01-17 08:30:00,0,0.10769149,0.4586014,0.44536895,0.05316347,0.056284852,0,0,0,0
2015-01-17 09:00:00,0,0.10339709,0.418864,0.24788931,0.046797097,0.055615406,0,0,0,0
2015-01-17 09:30:00,0,0.096640356,0.39449516,0.44667402,0.046820104,0.05411132,0,0,0,0
2015-01-17 10:00:00,0,0.091140226,0.35453868,0.30835608,0.04371935,0.051129896,0,0,0,0
2015-01-17 10:30:00,0,0.08528809,0.35453868,0.42217106,0.045923233,0.048327528,0,0,0,0
2015-01-17 11:00:00,0,0.08491751,0.3541197,0.34947473,0.038353384,0.04470882,0,0,0,0
2015-01-17 11:30:00,0,0.08984623,0.6083739,0.5572179,0.041268468,0.042794097,0,0,0,0
2015-01-17 12:00:00,0,0.09492525,0.64628386,0.59607977,0.043789983,0.04195594,1,0,0,0
2015-01-17 12:30:00,0,0.10035847,0.72611904,0.68048424,0.04938972,0.041665502,1,1,0,0
2015-01-17 13:00:00,0,0.10479306,0.7382238,0.6874947,0.042499363,0.03986794,1,1,0,0
2015-01-17 13:30:00,0,0.09998336,0.7382238,0.63891155,0.045007825,0.03789294,1,1,0,0
2015-01-17 14:00:00,0,0.09110002,0.6925304,0.3893101,0.04299426,0.035932593,1,0,0,0
2015-01-17 14:30:00,0,0.094646215,0.5646997,0.4850337,0.06420976,0.034200095,0,0,0,0
2015-01-17 15:00:00,0,0.10076942,0.70641005,0.6349526,0.08629286,0.03469788,1,1,0,0
2015-01-17 15:30:00,0,0.10560275,0.7642755,0.7669785,0.12709302,0.03708444,1,1,1,0
2015-01-17 16:00:00,0,0.095493875,0.7642755,0.81084967,0.12446165,0.04023149,1,1,1,0
2015-01-17 16:30:00,0,0.08979956,0.6658114,0.7065102,0.053540826,0.037261866,1,1,0,0
2015-01-17 17:00:00,0,0.09585022,0.5176184,0.69340605,0.08026481,0.03144452,0,1,0,0
2015-01-17 17:30:00,0,0.10716035,0.7180602,0.7983741,0.0674355,0.030932928,1,1,0,0
2015-01-17 18:00:00,0,0.1050445,0.7180602,0.6725208,0.055431962,0.030815993,1,1,0,0
2015-01-17 18:30:00,0,0.12022963,0.785545,0.7968732,0.068107605,0.03125756,1,1,0,0
2015-01-17 19:00:00,0,0.1628652,0.9043945,0.8750322,0.10003579,0.032242674,1,1,0,0
2015-01-17 19:30:00,0,0.118764795,0.9043945,0.717652,0.064106464,0.031981766,1,1,0,0
2015-01-17 20:00:00,0,0.105208576,0.7344897,0.34168988,0.04433942,0.033435594,1,0,0,0
2015-01-17 20:30:00,0,0.10360853,0.47320846,0.2669441,0.04379964,0.03551784,0,0,0,0
2015-01-17 21:00:00,0,0.10180487,0.47584182,0.28074452,0.039732337,0.037892774,0,0,0,0
2015-01-17 21:30:00,0,0.106165506,0.47584182,0.4292574,0.029922247,0.037905145,0,0,0,0
2015-01-17 22:00:00,0,0.104100235,0.3590456,0.5124134,0.04469192,0.035500597,0,0,0,0
2015-01-17 22:30:00,0,0.1227787,0.5437501,0.56256825,0.041732788,0.032787185,0,0,0,0
2015-01-17 23:00:00,0,0.12023967,0.5437501,0.49097544,0.03728795,0.030125473,0,0,0,0
2015-01-17 23:30:00,0,0.11955248,0.5294404,0.45916548,0.029982448,0.027668513,0,0,0,0
2015-01-18 00:00:00,0,0.11852412,0.9705123,0.90069485,0.073937476,0.028664635,1,1,0,0
2015-01-18 00:30:00,0,0.10868959,0.9705123,0.6047936,0.033020437,0.027953744,1,1,0,0
2015-01-18 01:00:00,0,0.11015462,0.87081665,0.5151071,0.040590942,0.027668428,1,0,0,0
2015-01-18 01:30:00,0,0.095148966,0.5436139,0.463802,0.043756366,0.026083637,0,0,0,0
2015-01-18 02:00:00,0,0.09088652,0.36754826,0.59603786,0.047555983,0.023652993,0,0,0,0
2015-01-18 02:30:00,0,0.086729825,0.36754826,0.61068904,0.05504006,0.02146097,0,1,0,0
2015-01-18 03:00:00,0,0.098530434,0.3471192,0.49972835,0.03724003,0.019183438,0,0,0,0
2015-01-18 03:30:00,0,0.103347555,0.33690786,0.4823271,0.03861344,0.017476087,0,0,0,0
2015-01-18 04:00:00,0,0.116147846,0.37404972,0.39352754,0.07899916,0.01737078,0,0,0,0
2015-01-18 04:30:00,0,0.122597344,0.46672454,0.33693635,0.1690517,0.020291021,0,0,1,0
2015-01-18 05:00:00,0,0.11276948,0.46672454,0.3019159,0.093263805,0.02128692,0,0,0,0
2015-01-18 05:30:00,0,0.11737887,0.4935014,0.31966406,0.054931402,0.021171788,0,0,0,0
2015-01-18 06:00:00,0,0.11976392,0.4935014,0.37791732,0.048801184,0.02098839,0,0,0,0
2015-01-18 06:30:00,0,0.118586615,0.4932558,0.49350053,0.055900633,0.020740494,0,0,0,0
2015-01-18 07:00:00,0,0.116975576,0.4932558,0.5415287,0.06350571,0.020682286,0,0,0,0
2015-01-18 07:30:00,0,0.11393386,0.4896384,0.52935565,0.054400265,0.020153265,0,0,0,0
2015-01-18 08:00:00,0,0.11732782,0.4214848,0.4354123,0.047893405,0.019368391,0,0,0,0
2015-01-18 08:30:00,0,0.121393755,0.3706761,0.3307607,0.054784358,0.01901357,0,0,0,0
2015-01-18 09:00:00,0,0.12192276,0.41527364,0.2947734,0.055844486,0.019049553,0,0,0,0
2015-01-18 09:30:00,0,0.100437306,0.4213002,0.49406278,0.058308244,0.019301893,0,0,0,0
2015-01-18 10:00:00,0,0.09484622,0.4213002,0.53483903,0.04637921,0.018743737,0,0,0,0
2015-01-18 10:30:00,0,0.090888605,0.81006,0.8579713,0.104267955,0.020930536,1,1,1,0
2015-01-18 11:00:00,0,0.094375975,0.8622185,0.89545965,0.09732926,0.022504847,1,1,0,0
2015-01-18 11:30:00,0,0.10628762,0.9583699,0.9578093,0.21527898,0.029115183,1,1,1,0
2015-01-18 12:00:00,0,0.10438051,0.9611877,0.95261234,0.21289295,0.036825154,1,1,1,0
2015-01-18 12:30:00,0,0.10491478,0.9611877,0.9254953,0.1663152,0.042709775,1,1,1,0
2015-01-18 13:00:00,0,0.1029433,0.94897664,0.94125557,0.19820029,0.0516708,1,1,1,0
2015-01-18 13:30:00,0,0.1039664,0.94897664,0.9169632,0.1567303,0.05759742,1,1,1,0
2015-01-18 14:00:00,0,0.106875636,0.92574054,0.86685437,0.12568414,0.05881858,1,1,1,0
2015-01-18 14:30:00,0,0.103300415,0.9720658,0.96922046,0.40754485,0.09652691,1,1,1,0
2015-01-18 15:00:00,0,0.109803736,0.9720658,0.92218834,0.24504817,0.12308078,1,1,1,0
2015-01-18 15:30:00,0,0.09178796,0.9118671,0.71709305,0.10715526,0.12613027,1,1,1,0
2015-01-18 16:00:00,0,0.08374685,0.6482907,0.580157,0.052496195,0.11773113,1,0,0,0
2015-01-18 16:30:00,0,0.08312002,0.4125322,0.61486,0.049494088,0.111518,0,1,0,0
2015-01-18 17:00:00,0,0.084980205,0.4125322,0.30790854,0.0367375,0.10453219,0,0,0,0
2015-01-18 17:30:00,0,0.08352903,0.3107325,0.2645491,0.04207456,0.10058598,0,0,0,0
2015-01-18 18:00:00,0,0.08376349,0.352558,0.42190477,0.039022505,0.09527819,0,0,0,0
2015-01-18 18:30:00,0,0.099095784,0.5073125,0.39052492,0.053286076,0.095307864,0,0,0,0
2015-01-18 19:00:00,0,0.0869295,0.704082,0.7679406,0.06413019,0.094920635,1,1,0,0
2015-01-18 19:30:00,0,0.09739763,0.9123331,0.92508054,0.28744113,0.13428146,1,1,1,0
2015-01-18 20:00:00,0,0.10218111,0.9123331,0.9083495,0.3527636,0.19908485,1,1,1,0
2015-01-18 20:30:00,0,0.09692766,0.90769947,0.81062424,0.18077666,0.24014828,1,1,1,0
2015-01-18 21:00:00,0,0.097953066,0.8229565,0.86100537,0.241831,0.31322733,1,1,1,0
2015-01-18 21:30:00,0,0.098313145,0.8229565,0.75463074,0.06625712,0.36558473,1,1,0,0
2015-01-18 22:00:00,0,0.0886229,0.70553327,0.40600964,0.04554802,0.44360211,1,0,0,0
2015-01-18 22:30:00,0,0.10132717,0.79694843,0.4598065,0.040875435,0.526641,1,0,0,0
2015-01-18 23:00:00,0,0.10851939,0.9569543,0.5378827,0.048505843,0.60576963,1,0,0,0
2015-01-18 23:30:00,0,0.10219672,0.98517793,0.7917074,0.1117968,0.6934241,1,1,1,0
2015-01-19 00:00:00,0,0.11252081,0.98517793,0.26411262,0.0639444,0.76585495,1,0,0,0
2015-01-19 00:30:00,0,0.12116159,0.44551826,0.29930693,0.07009202,0.800963,0,0,0,0
2015-01-19 01:00:00,0,0.1254165,0.44551826,0.32825777,0.06862122,0.8182614,0,0,0,0
2015-01-19 01:30:00,0,0.11872012,0.4409542,0.31773752,0.08205104,0.8423628,0,0,0,0
2015-01-19 02:00:00,0,0.11621726,0.47498858,0.3253635,0.11451149,0.8741732,0,0,1,0
2015-01-19 02:30:00,0,0.10954716,0.47498858,0.26445237,0.13587135,0.8983403,0,0,1,1
2015-01-19 03:00:00,0,0.110703446,0.37361175,0.30741164,0.26539105,0.92976195,0,0,1,1
2015-01-19 03:30:00,0,0.120560355,0.3622119,0.2872782,0.25499249,0.95030314,0,0,1,1
2015-01-19 04:00:00,0,0.12155461,0.30311772,0.28092465,0.13478273,0.95473826,0,0,1,1
2015-01-19 04:30:00,0,0.11834969,0.41054145,0.29238114,0.06149131,0.9492949,0,0,0,1
2015-01-19 05:00:00,0,0.12145534,0.5283412,0.37839785,0.07032144,0.94571954,0,0,0,1
2015-01-19 05:30:00,0,0.11197406,0.65800637,0.55236584,0.15996927,0.95095897,1,0,1,1
2015-01-19 06:00:00,0,0.116925985,0.7962022,0.79492265,0.17854863,0.95749176,1,1,1,1
2015-01-19 06:30:00,0,0.116660915,0.8713005,0.9216324,0.104003966,0.9588426,1,1,1,1
2015-01-19 07:00:00,0,0.11909102,0.9777543,0.9857312,0.16258013,0.9641392,1,1,1,1
2015-01-19 07:30:00,0,0.11009018,0.98986244,0.9909524,0.15500283,0.9693587,1,1,1,1
2015-01-19 08:00:00,0,0.12287925,0.98986244,0.9899385,0.15893418,0.97408617,1,1,1,1
2015-01-19 08:30:00,0,0.10950215,0.989767,0.9514177,0.12803662,0.97658235,1,1,1,1
2015-01-19 09:00:00,0,0.103525385,0.93830174,0.9244372,0.3695662,0.9857384,1,1,1,1
2015-01-19 09:30:00,0,0.10413547,0.9131057,0.72692865,0.21776938,0.9896067,1,1,1,1
2015-01-19 10:00:00,0,0.10365292,0.8199372,0.6744534,0.24577731,0.9923942,1,1,1,1
2015-01-19 10:30:00,0,0.10128267,0.8199372,0.38242707,0.047112107,0.9921886,1,0,0,1
2015-01-19 11:00:00,0,0.10107271,0.6414422,0.43814182,0.066200435,0.99168324,1,0,0,1
2015-01-19 11:30:00,0,0.08962019,0.6414422,0.27587706,0.04557991,0.9901258,1,0,0,1
2015-01-19 12:00:00,0,0.08701586,0.29414138,0.28525177,0.06485444,0.988089,0,0,0,1
2015-01-19 12:30:00,0,0.08585068,0.46938908,0.47233468,0.18986195,0.9880953,0,0,1,1
2015-01-19 13:00:00,0,0.08437544,0.46938908,0.46372268,0.15352416,0.9876445,0,0,1,1
2015-01-19 13:30:00,0,0.083777875,0.53366774,0.4749917,0.14113623,0.98740435,0,0,1,1
2015-01-19 14:00:00,0,0.08455967,0.53366774,0.31929815,0.06443715,0.9862949,0,0,0,1
2015-01-19 14:30:00,0,0.084274784,0.5855736,0.38825682,0.114824176,0.98371416,0,0,1,1
2015-01-19 15:00:00,0,0.08473582,0.5855736,0.3584461,0.06945658,0.9814633,0,0,0,1
2015-01-19 15:30:00,0,0.08362641,0.63580817,0.564644,0.12796032,0.9817328,1,0,1,1
2015-01-19 16:00:00,0,0.0848923,0.63580817,0.5727173,0.07465738,0.9815962,1,0,0,1
2015-01-19 16:30:00,0,0.08317395,0.4775252,0.50019354,0.05557573,0.98120946,0,0,0,1
2015-01-19 17:00:00,0,0.083488144,0.36144984,0.2602659,0.0968622,0.9816549,0,0,0,1
2015-01-19 17:30:00,0,0.0833684,0.3916288,0.3997932,0.07400745,0.9805505,0,0,0,1
2015-01-19 18:00:00,0,0.09064997,0.49946138,0.63480604,0.08067143,0.9789973,0,1,0,1
2015-01-19 18:30:00,0,0.09290094,0.59304553,0.7725533,0.07578772,0.9759838,0,1,0,1
2015-01-19 19:00:00,0,0.08458428,0.7778231,0.8868082,0.12930924,0.9752702,1,1,1,1
2015-01-19 19:30:00,0,0.08587282,0.90552276,0.93014896,0.26264966,0.97727394,1,1,1,1
2015-01-19 20:00:00,0,0.09001982,0.95512044,0.95222133,0.3346538,0.9811292,1,1,1,1
2015-01-19 20:30:00,0,0.09241,0.97330374,0.96234703,0.3189767,0.98596823,1,1,1,1
2015-01-19 21:00:00,0,0.10344306,0.98185503,0.97887576,0.2732811,0.98813766,1,1,1,1
2015-01-19 21:30:00,0,0.10245234,0.98185503,0.97289366,0.15779662,0.9894348,1,1,1,1
2015-01-19 22:00:00,0,0.09871835,0.97295445,0.9605357,0.07777405,0.9887552,1,1,0,1
2015-01-19 22:30:00,0,0.10249481,0.95930827,0.90343606,0.057803452,0.98776066,1,1,0,1
2015-01-19 23:00:00,0,0.119887665,0.9527755,0.92841023,0.07492828,0.98681056,1,1,0,1
2015-01-19 23:30:00,0,0.12295262,0.9527755,0.9248165,0.074123204,0.98575854,1,1,0,1
2015-01-20 00:00:00,0,0.111226045,0.9093091,0.8667375,0.06748515,0.9840859,1,1,0,1
2015-01-20 00:30:00,0,0.11448566,0.8622531,0.7449967,0.11914796,0.9848689,1,1,1,1
2015-01-20 01:00:00,0,0.11723939,0.6956939,0.64722925,0.10801941,0.9853436,1,1,1,1
2015-01-20 01:30:00,0,0.119227216,0.52617365,0.5326367,0.06275016,0.984177,0,0,0,1
2015-01-20 02:00:00,0,0.11356391,0.40873182,0.40834728,0.05234909,0.9817664,0,0,0,1
2015-01-20 02:30:00,0,0.138628,0.3059833,0.38987586,0.053085327,0.97747517,0,0,0,1
2015-01-20 03:00:00,0,0.21186426,0.2995825,0.36885187,0.06176001,0.96834433,0,0,0,1
2015-01-20 03:30:00,0,0.22629791,0.31485876,0.34148383,0.07824707,0.9538259,0,0,0,1
2015-01-20 04:00:00,0,0.18954745,0.32880777,0.31529105,0.054138243,0.9411599,0,0,0,1
2015-01-20 04:30:00,0,0.19448672,0.43967912,0.32701162,0.066749275,0.9342254,0,0,0,1
2015-01-20 05:00:00,0,0.12058416,0.50279087,0.312571,0.059759438,0.924487,0,0,0,1
2015-01-20 05:30:00,0,0.10693553,0.50279087,0.246829,0.25009906,0.92613655,0,0,1,1
2015-01-20 06:00:00,0,0.11233498,0.55262786,0.3528277,0.07527155,0.9081382,0,0,0,1
2015-01-20 06:30:00,0,0.10762498,0.55262786,0.36198542,0.065054536,0.904735,0,0,0,1
2015-01-20 07:00:00,0,0.10181003,0.33409324,0.26995844,0.049870074,0.8791213,0,0,0,0
2015-01-20 07:30:00,0,0.08592602,0.5164879,0.5403457,0.087159574,0.84964424,0,0,0,0
2015-01-20 08:00:00,0,0.08962474,0.6340305,0.41967046,0.046858788,0.8096241,1,0,0,0
2015-01-20 08:30:00,0,0.09746146,0.69481915,0.40366828,0.052286446,0.7721144,1,0,0,0
2015-01-20 09:00:00,0,0.08822101,0.69481915,0.29018408,0.034568906,0.68869615,1,0,0,0
2015-01-20 09:30:00,0,0.084316306,0.49633315,0.24947712,0.056188285,0.6470427,0,0,0,0
2015-01-20 10:00:00,0,0.090172105,0.5724615,0.43365306,0.07725388,0.60908145,0,0,0,0
2015-01-20 10:30:00,0,0.089803495,0.5724615,0.36485153,0.05432582,0.5827322,0,0,0,0
2015-01-20 11:00:00,0,0.10221613,0.7184125,0.53104264,0.18029654,0.61553353,1,0,1,0
2015-01-20 11:30:00,0,0.08917726,0.7184125,0.42832473,0.100927174,0.6274233,1,0,0,0
2015-01-20 12:00:00,0,0.08969395,0.53899926,0.55870956,0.1760267,0.66334003,0,0,1,0
2015-01-20 12:30:00,0,0.08980915,0.53899926,0.5483881,0.16884822,0.68703294,0,0,1,0
2015-01-20 13:00:00,0,0.103631176,0.6974578,0.68176174,0.3565427,0.7840878,1,1,1,0
2015-01-20 13:30:00,0,0.086425506,0.6974578,0.43881133,0.10224211,0.812501,1,0,1,0
2015-01-20 14:00:00,0,0.08543108,0.3952606,0.5933757,0.16024286,0.8387539,0,0,1,0
2015-01-20 14:30:00,0,0.08514713,0.3952606,0.34224263,0.020762324,0.83139634,0,0,0,0
2015-01-20 15:00:00,0,0.08511858,0.38691756,0.28741348,0.06381613,0.829278,0,0,0,0
2015-01-20 15:30:00,0,0.08738729,0.3790048,0.25343728,0.070506275,0.8264422,0,0,0,0
2015-01-20 16:00:00,0,0.09093693,0.38784242,0.27270073,0.03145641,0.8113349,0,0,0,0
2015-01-20 16:30:00,0,0.10299244,0.5553849,0.29847053,0.037460744,0.7963785,0,0,0,0
2015-01-20 17:00:00,0,0.085457355,0.5553849,0.28054264,0.08925003,0.7952991,0,0,0,0
2015-01-20 17:30:00,0,0.09123099,0.4588732,0.24910586,0.079815745,0.7932909,0,0,0,0
2015-01-20 18:00:00,0,0.10521001,0.42122287,0.31107458,0.053179026,0.7786649,0,0,0,0
2015-01-20 18:30:00,0,0.10744433,0.42122287,0.28339824,0.035848796,0.75363934,0,0,0,0
2015-01-20 19:00:00,0,0.105684526,0.5157953,0.5672065,0.043583095,0.712256,0,0,0,0
2015-01-20 19:30:00,0,0.10374429,0.69653285,0.6678606,0.10033548,0.6857752,1,1,0,0
2015-01-20 20:00:00,0,0.10179235,0.7430441,0.570397,0.111530304,0.66784674,1,0,1,0
2015-01-20 20:30:00,0,0.0990754,0.81151116,0.6140804,0.18490446,0.6606766,1,1,1,0
2015-01-20 21:00:00,0,0.10439007,0.81151116,0.56312335,0.11624122,0.6086839,1,0,1,0
2015-01-20 21:30:00,0,0.104675055,0.65907365,0.5501715,0.06782359,0.5922873,1,0,0,0
2015-01-20 22:00:00,0,0.0969219,0.5987968,0.5932158,0.06335145,0.62087893,0,0,0,0
2015-01-20 22:30:00,0,0.083555765,0.8714816,0.84599525,0.07831484,0.63363856,1,1,0,0
2015-01-20 23:00:00,0,0.10252032,0.9109626,0.8864982,0.13717401,0.6541859,1,1,1,0
2015-01-20 23:30:00,0,0.110595554,0.9109626,0.8734355,0.16560328,0.6836974,1,1,1,0
2015-01-21 00:00:00,0,0.11941921,0.8941485,0.87639743,0.08936101,0.67958003,1,1,0,0
2015-01-21 00:30:00,0,0.10950229,0.8941485,0.7767641,0.0958572,0.6731095,1,1,0,0
2015-01-21 01:00:00,0,0.11745404,0.76955247,0.60813856,0.08608025,0.6669953,1,1,0,0
2015-01-21 01:30:00,0,0.11001436,0.6053426,0.521855,0.058877528,0.6454249,0,0,0,0
2015-01-21 02:00:00,0,0.11895738,0.5449068,0.43376216,0.057605565,0.61693525,0,0,0,0
2015-01-21 02:30:00,0,0.113392375,0.44522002,0.3875527,0.052861035,0.57885265,0,0,0,0
2015-01-21 03:00:00,0,0.124625765,0.3874267,0.36040494,0.05630517,0.53517514,0,0,0,0
2015-01-21 03:30:00,0,0.14970903,0.3427316,0.34826472,0.07799816,0.49677634,0,0,0,0
2015-01-21 04:00:00,0,0.1293525,0.31578028,0.30493096,0.055633247,0.44913733,0,0,0,0
2015-01-21 04:30:00,0,0.14151408,0.37090364,0.3042638,0.054011106,0.40509295,0,0,0,0
2015-01-21 05:00:00,0,0.12391588,0.5302686,0.3416965,0.05689323,0.3732037,0,0,0,0
2015-01-21 05:30:00,0,0.109378256,0.5302686,0.28797033,0.2695772,0.45993987,0,0,1,0
2015-01-21 06:00:00,0,0.1114167,0.56949747,0.36685893,0.085863054,0.47335082,0,0,0,0
2015-01-21 06:30:00,0,0.1105926,0.56949747,0.27038586,0.090063274,0.48927978,0,0,0,0
2015-01-21 07:00:00,0,0.08927026,0.2746875,0.31838077,0.06866741,0.47826275,0,0,0,0
2015-01-21 07:30:00,0,0.09019285,0.47579864,0.4886763,0.10503262,0.48130727,0,0,1,0
2015-01-21 08:00:00,0,0.0944421,0.64547276,0.45266008,0.0569973,0.47243473,1,0,0,0
2015-01-21 08:30:00,0,0.10454548,0.74622536,0.52249473,0.11354226,0.4934265,1,0,1,0
2015-01-21 09:00:00,0,0.092800565,0.74622536,0.34476987,0.031462073,0.49089247,1,0,0,0
2015-01-21 09:30:00,0,0.08394967,0.48577476,0.2696101,0.057476997,0.49039188,0,0,0,0
2015-01-21 10:00:00,0,0.08493354,0.48683104,0.28693533,0.03646326,0.47862446,0,0,0,0
2015-01-21 10:30:00,0,0.08425274,0.48683104,0.28512678,0.029019773,0.4602924,0,0,0,0
2015-01-21 11:00:00,0,0.08934194,0.7013246,0.46158567,0.12738955,0.50413406,1,0,1,0
2015-01-21 11:30:00,0,0.08631495,0.7013246,0.41121608,0.08161461,0.52731174,1,0,0,0
2015-01-21 12:00:00,0,0.08557803,0.49269366,0.38433746,0.045086443,0.5292036,0,0,0,0
2015-01-21 12:30:00,0,0.08669464,0.5109394,0.4847293,0.12281555,0.55239135,0,0,1,0
2015-01-21 13:00:00,0,0.08846296,0.64493024,0.61347806,0.3750736,0.6756861,1,1,1,0
2015-01-21 13:30:00,0,0.08433783,0.64493024,0.35613343,0.054529548,0.6937867,1,0,0,0
2015-01-21 14:00:00,0,0.08420504,0.31247792,0.3341636,0.046684146,0.6931483,0,0,0,0
2015-01-21 14:30:00,0,0.08373852,0.45234472,0.250292,0.025088906,0.6966427,0,0,0,0
2015-01-21 15:00:00,0,0.08285183,0.57376766,0.36106595,0.057447493,0.695922,0,0,0,0
2015-01-21 15:30:00,0,0.08746173,0.57376766,0.25836107,0.0770517,0.7047772,0,0,0,0
2015-01-21 16:00:00,0,0.089900605,0.3309615,0.43459833,0.059443235,0.6953997,0,0,0,0
2015-01-21 16:30:00,0,0.09847246,0.4833093,0.24622355,0.03525901,0.6766641,0,0,0,0
2015-01-21 17:00:00,0,0.08466773,0.4833093,0.28229216,0.13755703,0.6907845,0,0,1,0
2015-01-21 17:30:00,0,0.103526056,0.58242023,0.46624583,0.07362163,0.68480164,0,0,0,0
2015-01-21 18:00:00,0,0.11011006,0.6393441,0.48028412,0.05380857,0.67630094,1,0,0,0
2015-01-21 18:30:00,0,0.10648088,0.6393441,0.27797288,0.04133582,0.66910166,1,0,0,0
2015-01-21 19:00:00,0,0.109523155,0.3792349,0.33543688,0.031552553,0.6436646,0,0,0,0
2015-01-21 19:30:00,0,0.105934955,0.5276804,0.5288099,0.06508583,0.61465496,0,0,0,0
2015-01-21 20:00:00,0,0.102745116,0.6934424,0.52877635,0.09832078,0.60289496,1,0,0,0
2015-01-21 20:30:00,0,0.10492884,0.76974833,0.54081225,0.12850147,0.604636,1,0,1,0
2015-01-21 21:00:00,0,0.10512347,0.76974833,0.4839243,0.08484292,0.6024981,1,0,0,0
2015-01-21 21:30:00,0,0.104695104,0.6313057,0.61761314,0.09348476,0.6074614,1,1,0,0
2015-01-21 22:00:00,0,0.10534606,0.6456794,0.6921561,0.08976978,0.60271,1,1,0,0
2015-01-21 22:30:00,0,0.09041767,0.72264636,0.75287426,0.0973869,0.59326434,1,1,0,0
2015-01-21 23:00:00,0,0.08935125,0.9373174,0.92141336,0.10919142,0.5845073,1,1,1,0
2015-01-21 23:30:00,0,0.11141909,0.95259255,0.94089586,0.124206424,0.58259547,1,1,1,0
2015-01-22 00:00:00,0,0.12013879,0.96060854,0.94433403,0.07379252,0.5611827,1,1,0,0
2015-01-22 00:30:00,0,0.12758388,0.96060854,0.86023223,0.10919672,0.5536478,1,1,1,0
2015-01-22 01:00:00,0,0.117435426,0.88996065,0.7252521,0.10071319,0.5477547,1,1,0,0
2015-01-22 01:30:00,0,0.11310232,0.7276299,0.6560938,0.08509433,0.5293436,1,1,0,0
2015-01-22 02:00:00,0,0.113511875,0.64584666,0.5933987,0.111189544,0.51860493,1,0,1,0
2015-01-22 02:30:00,0,0.11239957,0.5704652,0.53335595,0.095944285,0.49941948,0,0,0,0
2015-01-22 03:00:00,0,0.120078444,0.5000485,0.43782803,0.082621634,0.4741743,0,0,0,0
2015-01-22 03:30:00,0,0.12273321,0.4014379,0.391165,0.09117705,0.45249698,0,0,0,0
2015-01-22 04:00:00,0,0.12005369,0.3503903,0.35755986,0.05599004,0.41321987,0,0,0,0
2015-01-22 04:30:00,0,0.13472052,0.4580304,0.3595276,0.076508224,0.38923588,0,0,0,0
2015-01-22 05:00:00,0,0.117308915,0.5525519,0.35278168,0.05708927,0.37064192,0,0,0,0
2015-01-22 05:30:00,0,0.10975622,0.5525519,0.3037284,0.26071197,0.48299995,0,0,1,0
2015-01-22 06:00:00,0,0.11587548,0.62739784,0.41733152,0.076242566,0.5022568,1,0,0,0
2015-01-22 06:30:00,0,0.108881794,0.62739784,0.28898948,0.0792619,0.528801,1,0,0,0
2015-01-22 07:00:00,0,0.100297816,0.42942658,0.26847538,0.04865229,0.5230291,0,0,0,0
2015-01-22 07:30:00,0,0.0917145,0.605124,0.6329777,0.11124861,0.5387318,0,1,1,0
2015-01-22 08:00:00,0,0.09778725,0.71427053,0.51706004,0.074756145,0.54220015,1,0,0,0
2015-01-22 08:30:00,0,0.10127979,0.72230077,0.4598933,0.06866735,0.5565452,1,0,0,0
2015-01-22 09:00:00,0,0.091346614,0.72230077,0.27326575,0.02912277,0.5530081,1,0,0,0
2015-01-22 09:30:00,0,0.083359554,0.4414591,0.27010345,0.048211098,0.54607457,0,0,0,0
2015-01-22 10:00:00,0,0.089581706,0.6430535,0.49838412,0.099318445,0.55333155,1,0,0,0
2015-01-22 10:30:00,0,0.0876688,0.6430535,0.405103,0.06456715,0.55013424,1,0,0,0
2015-01-22 11:00:00,0,0.095944114,0.80124134,0.6327825,0.20285976,0.62202334,1,1,1,0
2015-01-22 11:30:00,0,0.08453238,0.80124134,0.2999618,0.046861768,0.64205974,1,0,0,0
2015-01-22 12:00:00,0,0.08500322,0.3791105,0.31243542,0.02223593,0.62670237,0,0,0,0
2015-01-22 12:30:00,0,0.08545044,0.41286397,0.4035183,0.068722546,0.6217984,0,0,0,0
2015-01-22 13:00:00,0,0.08773789,0.61467105,0.6096848,0.30681252,0.6871885,1,1,1,0
2015-01-22 13:30:00,0,0.08646887,0.61467105,0.38717207,0.052031875,0.7015306,1,0,0,0
2015-01-22 14:00:00,0,0.08348225,0.31344584,0.39504683,0.03897345,0.7020622,0,0,0,0
2015-01-22 14:30:00,0,0.08479622,0.51785445,0.24522464,0.033801675,0.69569767,0,0,0,0
2015-01-22 15:00:00,0,0.08891461,0.64937097,0.4296066,0.06366986,0.6918097,1,0,0,0
2015-01-22 15:30:00,0,0.08356339,0.64937097,0.45048532,0.09281993,0.69247,1,0,0,0
2015-01-22 16:00:00,0,0.089433305,0.4758495,0.45626068,0.050908387,0.6849565,0,0,0,0
2015-01-22 16:30:00,0,0.10237662,0.39365464,0.34024194,0.023516119,0.65072364,0,0,0,0
2015-01-22 17:00:00,0,0.083596446,0.39365464,0.34657717,0.11732793,0.6315157,0,0,1,0
2015-01-22 17:30:00,0,0.098413125,0.5593538,0.49778494,0.08898741,0.6247275,0,0,0,0
2015-01-22 18:00:00,0,0.10660526,0.58119637,0.49954206,0.054621637,0.6054176,0,0,0,0
2015-01-22 18:30:00,0,0.12020002,0.58119637,0.5265272,0.064796865,0.57858765,0,0,0,0
2015-01-22 19:00:00,0,0.12063383,0.54291326,0.3379589,0.04175508,0.55225885,0,0,0,0
2015-01-22 19:30:00,0,0.12428118,0.41120481,0.4171671,0.048886538,0.51232505,0,0,0,0
2015-01-22 20:00:00,0,0.11295068,0.43886536,0.24507794,0.036044538,0.4669386,0,0,0,0
2015-01-22 20:30:00,0,0.10635496,0.5739207,0.31304735,0.083432734,0.44800574,0,0,0,0
2015-01-22 21:00:00,0,0.11600907,0.5739207,0.2825871,0.035393834,0.42043465,0,0,0,0
2015-01-22 21:30:00,0,0.118114784,0.34995973,0.35088792,0.02710253,0.3815075,0,0,0,0
2015-01-22 22:00:00,0,0.1141396,0.32250062,0.24779543,0.037004948,0.34374407,0,0,0,0
2015-01-22 22:30:00,0,0.10396002,0.40291074,0.43063375,0.0645352,0.31516138,0,0,0,0
2015-01-22 23:00:00,0,0.10266422,0.4091061,0.44264996,0.109160185,0.3032278,0,0,1,0
2015-01-22 23:30:00,0,0.08478777,0.6691179,0.7126422,0.2421115,0.35159576,1,1,1,0
2015-01-23 00:00:00,0,0.10257513,0.9722224,0.93614256,0.053305924,0.33195427,1,1,0,0
2015-01-23 00:30:00,0,0.10340879,0.9722224,0.9009273,0.066582024,0.31414935,1,1,0,0
2015-01-23 01:00:00,0,0.12296627,0.955941,0.8861902,0.0717563,0.29572016,1,1,0,0
2015-01-23 01:30:00,0,0.1144505,0.93181264,0.8502866,0.070139706,0.27337962,1,1,0,0
2015-01-23 02:00:00,0,0.12251264,0.8772972,0.74606675,0.096369445,0.26302302,1,1,0,0
2015-01-23 02:30:00,0,0.11807885,0.7528866,0.68600315,0.12064123,0.25900897,1,1,1,0
2015-01-23 03:00:00,0,0.11034876,0.66731757,0.59354866,0.087117195,0.24470317,1,0,0,0
2015-01-23 03:30:00,0,0.1160041,0.55401516,0.54875475,0.08439076,0.22799659,0,0,0,0
2015-01-23 04:00:00,0,0.11647724,0.5001947,0.4535735,0.046987653,0.19928157,0,0,0,0
2015-01-23 04:30:00,0,0.112441674,0.51634663,0.42767006,0.05739093,0.18069367,0,0,0,0
2015-01-23 05:00:00,0,0.11677246,0.6226121,0.42374584,0.08637124,0.17616461,1,0,0,0
2015-01-23 05:30:00,0,0.107331604,0.6226121,0.27127782,0.1270842,0.20662373,1,0,1,0
2015-01-23 06:00:00,0,0.11028243,0.49088708,0.2716247,0.143807,0.2278494,0,0,1,0
2015-01-23 06:30:00,0,0.11064768,0.46363702,0.44506386,0.08818996,0.23450616,0,0,0,0
2015-01-23 07:00:00,0,0.09792012,0.39407742,0.55676293,0.054864943,0.21842799,0,0,0,0
2015-01-23 07:30:00,0,0.092171445,0.8221231,0.8972687,0.095015466,0.21652326,1,1,0,0
2015-01-23 08:00:00,0,0.096594945,0.8221231,0.8279968,0.07509619,0.20603918,1,1,0,0
2015-01-23 08:30:00,0,0.09484077,0.80907345,0.7315309,0.062489986,0.19201753,1,1,0,0
2015-01-23 09:00:00,0,0.089482985,0.7996848,0.5666362,0.030856252,0.17296718,1,0,0,0
2015-01-23 09:30:00,0,0.084734604,0.63222396,0.5151079,0.042000055,0.15449363,1,0,0,0
2015-01-23 10:00:00,0,0.086203635,0.48801404,0.25331175,0.044927537,0.14016728,0,0,0,0
2015-01-23 10:30:00,0,0.085996464,0.40808,0.27924716,0.032693505,0.12505217,0,0,0,0
2015-01-23 11:00:00,0,0.08827529,0.5811913,0.4000344,0.05597359,0.11681829,0,0,0,0
2015-01-23 11:30:00,0,0.0854142,0.5811913,0.28752223,0.04794079,0.11006813,0,0,0,0
2015-01-23 12:00:00,0,0.08457463,0.41415554,0.34109986,0.063669264,0.10797332,0,0,0,0
2015-01-23 12:30:00,0,0.085018195,0.41415554,0.3003687,0.03247446,0.098988876,0,0,0,0
2015-01-23 13:00:00,0,0.085846,0.31452116,0.28915918,0.027366102,0.07313425,0,0,0,0
2015-01-23 13:30:00,0,0.08479665,0.39488134,0.31597155,0.041932166,0.07010346,0,0,0,0
2015-01-23 14:00:00,0,0.08729644,0.5622948,0.34789225,0.06401014,0.07671569,0,0,0,0
2015-01-23 14:30:00,0,0.09073982,0.70683753,0.45818678,0.10856104,0.08513042,1,0,1,0
2015-01-23 15:00:00,0,0.08963898,0.70683753,0.4959577,0.090061784,0.09057173,1,0,0,0
2015-01-23 15:30:00,0,0.085500084,0.7016391,0.40605742,0.074498534,0.09165382,1,0,0,0
2015-01-23 16:00:00,0,0.08816316,0.43053228,0.39037132,0.040008605,0.09253098,0,0,0,0
2015-01-23 16:30:00,0,0.09288067,0.38663694,0.35048977,0.037704945,0.092287995,0,0,0,0
2015-01-23 17:00:00,0,0.08421327,0.38663694,0.44412208,0.12315351,0.09125905,0,0,1,0
2015-01-23 17:30:00,0,0.105410464,0.56134313,0.56971455,0.08044726,0.09211554,0,0,0,0
2015-01-23 18:00:00,0,0.10725253,0.62084925,0.6112311,0.0503999,0.09324374,1,1,0,0
2015-01-23 18:30:00,0,0.12181119,0.62084925,0.59277564,0.037178874,0.090550624,1,0,0,0
2015-01-23 19:00:00,0,0.15087001,0.7462615,0.71997523,0.06674868,0.090395704,1,1,0,0
2015-01-23 19:30:00,0,0.13263628,0.7462615,0.5701675,0.04962635,0.09156074,1,0,0,0
2015-01-23 20:00:00,0,0.11620881,0.5317454,0.47506335,0.033318102,0.08401421,0,0,0,0
2015-01-23 20:30:00,0,0.104634754,0.4595654,0.3394554,0.04436463,0.073281765,0,0,0,0
2015-01-23 21:00:00,0,0.10725723,0.49771914,0.2930834,0.045537293,0.07129273,0,0,0,0
2015-01-23 21:30:00,0,0.10761522,0.49771914,0.3192927,0.04501903,0.07566492,0,0,0,0
2015-01-23 22:00:00,0,0.11997695,0.40386692,0.4763584,0.04048264,0.07282947,0,0,0,0
2015-01-23 22:30:00,0,0.11848232,0.42648774,0.35251483,0.029360592,0.06784836,0,0,0,0
2015-01-23 23:00:00,0,0.120749585,0.5057873,0.2913114,0.04835564,0.063334964,0,0,0,0
2015-01-23 23:30:00,0,0.115982406,0.5971429,0.38780713,0.10690194,0.05453704,0,0,1,0
2015-01-24 00:00:00,0,0.113372736,0.5971429,0.33981797,0.040057242,0.061971024,0,0,0,0
2015-01-24 00:30:00,0,0.10288059,0.6231194,0.33265045,0.047142267,0.06702655,1,0,0,0
2015-01-24 01:00:00,0,0.094995044,0.7216844,0.27751753,0.044353902,0.07246357,1,0,0,0
2015-01-24 01:30:00,0,0.08493027,0.78835654,0.3255436,0.051129997,0.079384334,1,0,0,0
2015-01-24 02:00:00,0,0.10127212,0.9330541,0.7633543,0.06748861,0.084749244,1,1,0,0
2015-01-24 02:30:00,0,0.10241719,0.9330541,0.8104813,0.036274076,0.08117939,1,1,0,0
2015-01-24 03:00:00,0,0.119673125,0.9201193,0.74446094,0.05623257,0.080142125,1,1,0,0
2015-01-24 03:30:00,0,0.12189168,0.8368588,0.6710169,0.099915504,0.083787486,1,1,0,0
2015-01-24 04:00:00,0,0.1253592,0.6470431,0.5348515,0.11054444,0.08804839,1,0,1,0
2015-01-24 04:30:00,0,0.11635074,0.5727022,0.51478714,0.1596905,0.097085685,0,0,1,0
2015-01-24 05:00:00,0,0.116430104,0.58441675,0.39277282,0.06482601,0.09148178,0,0,0,0
2015-01-24 05:30:00,0,0.1196957,0.58441675,0.37597215,0.061190724,0.080163874,0,0,0,0
2015-01-24 06:00:00,0,0.11735113,0.55908227,0.3876293,0.04082954,0.06752707,0,0,0,0
2015-01-24 06:30:00,0,0.106807224,0.456637,0.36959496,0.07154614,0.06724762,0,0,0,0
2015-01-24 07:00:00,0,0.11806604,0.34048635,0.44596884,0.050816476,0.069902115,0,0,0,0
2015-01-24 07:30:00,0,0.11227896,0.34143937,0.4378026,0.05171734,0.068770155,0,0,0,0
2015-01-24 08:00:00,0,0.12091166,0.4450316,0.45867822,0.055855036,0.069443226,0,0,0,0
2015-01-24 08:30:00,0,0.1192268,0.4450316,0.3203814,0.05078411,0.069666564,0,0,0,0
2015-01-24 09:00:00,0,0.10972674,0.50304055,0.34659642,0.050945044,0.0709346,0,0,0,0
2015-01-24 09:30:00,0,0.09535896,0.50304055,0.46563333,0.046696246,0.070667684,0,0,0,0
2015-01-24 10:00:00,0,0.09661037,0.40338147,0.26265997,0.04168266,0.066383645,0,0,0,0
2015-01-24 10:30:00,0,0.08711203,0.40338147,0.30748034,0.04693055,0.06527417,0,0,0,0
2015-01-24 11:00:00,0,0.0843037,0.31278583,0.2467318,0.03569603,0.06136568,0,0,0,0
2015-01-24 11:30:00,0,0.09582086,0.68417776,0.64314467,0.052630365,0.060881376,1,1,0,0
2015-01-24 12:00:00,0,0.09456814,0.68417776,0.5628472,0.039434552,0.059289053,1,0,0,0
2015-01-24 12:30:00,0,0.09483583,0.6748007,0.6204252,0.04601991,0.058707386,1,1,0,0
2015-01-24 13:00:00,0,0.09559857,0.6748007,0.5692687,0.043723166,0.058071434,1,0,0,0
2015-01-24 13:30:00,0,0.08998108,0.6375942,0.4050711,0.04569435,0.056642246,1,0,0,0
2015-01-24 14:00:00,0,0.08588359,0.4819318,0.26941675,0.039520025,0.052644335,0,0,0,0
2015-01-24 14:30:00,0,0.08955422,0.37879816,0.29417628,0.047641218,0.047445007,0,0,0,0
2015-01-24 15:00:00,0,0.08975918,0.4333855,0.33531904,0.07024592,0.046376105,0,0,0,0
2015-01-24 15:30:00,0,0.090569705,0.46253148,0.4399894,0.07643843,0.0457504,0,0,0,0
2015-01-24 16:00:00,0,0.089542255,0.46253148,0.61968,0.059153676,0.04648719,0,1,0,0
2015-01-24 16:30:00,0,0.09045515,0.44858387,0.67924,0.049448907,0.04484727,0,1,0,0
2015-01-24 17:00:00,0,0.09639908,0.4458218,0.5904201,0.06447339,0.04040458,0,0,0,0
2015-01-24 17:30:00,0,0.09967656,0.41422552,0.494743,0.049888194,0.038534973,0,0,0,0
2015-01-24 18:00:00,0,0.105840996,0.46432865,0.52864516,0.049370766,0.039004363,0,0,0,0
2015-01-24 18:30:00,0,0.11211765,0.55945945,0.5554736,0.03962636,0.039631035,0,0,0,0
2015-01-24 19:00:00,0,0.1345471,0.8267688,0.7698274,0.06851429,0.0420916,1,1,0,0
2015-01-24 19:30:00,0,0.116849415,0.8267688,0.6175514,0.050495148,0.042538095,1,1,0,0
2015-01-24 20:00:00,0,0.10491054,0.64507294,0.34704128,0.054445982,0.04336822,1,0,0,0
2015-01-24 20:30:00,1,0.094712675,0.7170696,0.465365,0.060616434,0.04465805,1,0,0,0
2015-01-24 21:00:00,1,0.09701657,0.717822,0.44631508,0.05837542,0.04548824,1,0,0,0
2015-01-24 21:30:00,1,0.10422555,0.717822,0.24928892,0.042788804,0.046395957,1,0,0,0
2015-01-24 22:00:00,1,0.11368836,0.4951719,0.6330342,0.045728445,0.04512848,0,1,0,0
2015-01-24 22:30:00,1,0.11881911,0.52386796,0.54122984,0.043249667,0.04195438,0,0,0,0
2015-01-24 23:00:00,1,0.12320398,0.5917755,0.5591178,0.03913033,0.038718738,0,0,0,0
2015-01-24 23:30:00,1,0.12946135,0.6131374,0.5969347,0.035506308,0.035213273,0,0,0,0
2015-01-25 00:00:00,1,0.12015593,0.96052194,0.8674597,0.06422043,0.035490997,1,1,0,0
2015-01-25 00:30:00,1,0.105060115,0.96052194,0.5667248,0.030837834,0.034254238,1,0,0,0
2015-01-25 01:00:00,1,0.10612805,0.85356605,0.6221085,0.03164506,0.032591715,1,1,0,0
2015-01-25 01:30:00,1,0.10032438,0.6411852,0.5883435,0.042519808,0.030181432,1,0,0,0
2015-01-25 02:00:00,1,0.090843506,0.41527942,0.62418115,0.047555923,0.027492093,0,1,0,0
2015-01-25 02:30:00,1,0.08411215,0.3933707,0.61536825,0.0551762,0.025332402,0,1,0,0
2015-01-25 03:00:00,1,0.08939682,0.3512698,0.57035094,0.040423453,0.0224965,0,0,0,0
2015-01-25 03:30:00,1,0.10733636,0.3330869,0.41294527,0.04115665,0.020327862,0,0,0,0
2015-01-25 04:00:00,1,0.11606371,0.3857015,0.40634736,0.078896105,0.02008757,0,0,0,0
2015-01-25 04:30:00,1,0.12185683,0.51404375,0.38406512,0.16413873,0.0231764,0,0,1,0
2015-01-25 05:00:00,1,0.114056,0.5189787,0.36860508,0.09498048,0.024381194,0,0,0,0
2015-01-25 05:30:00,1,0.11887938,0.52563065,0.35059634,0.061086,0.02439099,0,0,0,0
2015-01-25 06:00:00,1,0.111686796,0.5391471,0.42869568,0.065356374,0.02476545,0,0,0,0
2015-01-25 06:30:00,1,0.1117486,0.5391471,0.37768155,0.03598219,0.024012953,0,0,0,0
2015-01-25 07:00:00,1,0.11592984,0.39823627,0.441623,0.05697292,0.023725225,0,0,0,0
2015-01-25 07:30:00,1,0.11834925,0.39823627,0.47414118,0.05997646,0.023317935,0,0,0,0
2015-01-25 08:00:00,1,0.115175314,0.5456171,0.62468344,0.059752703,0.023030696,0,1,0,0
2015-01-25 08:30:00,1,0.12426169,0.5456171,0.44810456,0.0573861,0.022621585,0,0,0,0
2015-01-25 09:00:00,1,0.123507045,0.5325473,0.41049343,0.05259782,0.02237411,0,0,0,0
2015-01-25 09:30:00,1,0.10373283,0.5325473,0.25149092,0.051485002,0.022828406,0,0,0,0
2015-01-25 10:00:00,1,0.09973468,0.3949789,0.25698674,0.046491623,0.022657808,0,0,0,0
2015-01-25 10:30:00,1,0.08618785,0.46238613,0.51732075,0.06343156,0.022924857,0,0,0,0
2015-01-25 11:00:00,1,0.08543471,0.46238613,0.34896123,0.055683017,0.02292771,0,0,0,0
2015-01-25 11:30:00,1,0.08550901,0.57690096,0.51749134,0.05575943,0.023398029,0,0,0,0
2015-01-25 12:00:00,1,0.09080335,0.6491234,0.5496025,0.044879794,0.023424825,1,0,0,0
2015-01-25 12:30:00,1,0.09416055,0.67683417,0.5587991,0.04523009,0.023470588,1,0,0,0
2015-01-25 13:00:00,1,0.09022651,0.67683417,0.5302124,0.043903828,0.023385985,1,0,0,0
2015-01-25 13:30:00,1,0.09611806,0.63777983,0.57148534,0.04508376,0.022857442,1,0,0,0
2015-01-25 14:00:00,1,0.09210531,0.63777983,0.50646114,0.04667175,0.022453343,1,0,0,0
2015-01-25 14:30:00,1,0.09076453,0.6072514,0.39147267,0.042972684,0.022293514,0,0,0,0
2015-01-25 15:00:00,1,0.08500434,0.48675403,0.30594137,0.041312873,0.021879604,0,0,0,0
2015-01-25 15:30:00,1,0.083277985,0.38051865,0.43617406,0.053368747,0.021554613,0,0,0,0
2015-01-25 16:00:00,1,0.08491949,0.38051865,0.47403368,0.04363197,0.021291917,0,0,0,0
2015-01-25 16:30:00,1,0.08513122,0.34138113,0.53490764,0.046346605,0.020982286,0,0,0,0
2015-01-25 17:00:00,1,0.084334336,0.34138113,0.3523888,0.038098395,0.020327643,0,0,0,0
2015-01-25 17:30:00,1,0.090844594,0.34167302,0.3045113,0.04532057,0.020335592,0,0,0,0
2015-01-25 18:00:00,1,0.09034035,0.36431652,0.26396057,0.032856405,0.020368582,0,0,0,0
2015-01-25 18:30:00,1,0.0895346,0.36431652,0.34567875,0.02383846,0.020139014,0,0,0,0
2015-01-25 19:00:00,1,0.0841059,0.5192146,0.5850671,0.04062277,0.020280577,0,0,0,0
2015-01-25 19:30:00,1,0.088723555,0.74706274,0.76010555,0.08524835,0.021786384,1,1,0,0
2015-01-25 20:00:00,1,0.09841344,0.83750445,0.83144075,0.1672501,0.025646884,1,1,1,0
2015-01-25 20:30:00,1,0.09657363,0.83750445,0.8097395,0.17927247,0.03014437,1,1,1,0
2015-01-25 21:00:00,1,0.098409146,0.8587735,0.89223605,0.2902305,0.04144658,1,1,1,0
2015-01-25 21:30:00,1,0.09890477,0.8587735,0.82903236,0.0971396,0.04071298,1,1,0,0
2015-01-25 22:00:00,1,0.10776707,0.9208025,0.90041596,0.10287732,0.04358447,1,1,1,0
2015-01-25 22:30:00,1,0.11617024,0.9846006,0.9454583,0.19799381,0.053906474,1,1,1,0
2015-01-25 23:00:00,1,0.1211788,0.9943212,0.91534793,0.26004982,0.07426224,1,1,1,0
2015-01-25 23:30:00,1,0.12274232,0.99915326,0.988364,0.4712835,0.14462222,1,1,1,0
2015-01-26 00:00:00,1,0.1081088,0.99915326,0.9062823,0.07544953,0.15548237,1,1,0,0
2015-01-26 00:30:00,1,0.1136298,0.81798494,0.8691659,0.0868718,0.15660553,1,1,0,0
2015-01-26 01:00:00,1,0.11225876,0.77923244,0.79489934,0.083533406,0.16161375,1,1,0,0
2015-01-26 01:30:00,1,0.116875395,0.71203375,0.72881156,0.058650553,0.1632308,1,1,0,0
2015-01-26 02:00:00,1,0.11248274,0.62919635,0.67157096,0.056999385,0.16903482,1,1,0,0
2015-01-26 02:30:00,1,0.13812914,0.54248106,0.6378467,0.055391967,0.16868597,0,1,0,0
2015-01-26 03:00:00,1,0.13634971,0.54248106,0.511367,0.049782515,0.16543716,0,0,0,0
2015-01-26 03:30:00,1,0.14698419,0.48312178,0.4589197,0.04390067,0.15282978,0,0,0,0
2015-01-26 04:00:00,1,0.12549606,0.47884458,0.39959854,0.029635549,0.13404758,0,0,0,0
2015-01-26 04:30:00,1,0.123655036,0.4794014,0.35842234,0.04595834,0.111418374,0,0,0,0
2015-01-26 05:00:00,1,0.1113584,0.4794014,0.3019024,0.07143539,0.10434257,0,0,0,0
2015-01-26 05:30:00,1,0.11148714,0.44940162,0.2879211,0.15701771,0.117190324,0,0,1,0
2015-01-26 06:00:00,1,0.10924789,0.3094077,0.275993,0.13488877,0.12909204,0,0,1,0
2015-01-26 06:30:00,1,0.110629305,0.7098491,0.6187393,0.06578541,0.13926151,1,1,0,0
2015-01-26 07:00:00,1,0.09923024,0.7098491,0.60305303,0.055897057,0.14816578,1,1,0,0
2015-01-26 07:30:00,1,0.08419502,0.80979335,0.84984946,0.07751584,0.16060942,1,1,0,0
2015-01-26 08:00:00,1,0.085932545,0.80979335,0.810673,0.06494039,0.16972362,1,1,0,0
2015-01-26 08:30:00,1,0.08837203,0.75034654,0.74299395,0.048004746,0.16130176,1,1,0,0
2015-01-26 09:00:00,1,0.083902135,0.74878496,0.4392963,0.037641943,0.15411668,1,0,0,0
2015-01-26 09:30:00,1,0.090340994,0.4544471,0.26371968,0.05746478,0.14167856,0,0,0,0
2015-01-26 10:00:00,1,0.09850978,0.6928594,0.4924515,0.10600406,0.15485142,1,0,1,0
2015-01-26 10:30:00,1,0.09708545,0.6928594,0.4736981,0.07095003,0.17228958,1,0,0,0
2015-01-26 11:00:00,1,0.09776607,0.72748786,0.5457718,0.11929864,0.19408748,1,0,1,0
2015-01-26 11:30:00,1,0.1003684,0.72748786,0.57648623,0.10269576,0.22286153,1,0,1,0
2015-01-26 12:00:00,1,0.096499465,0.64921147,0.56591547,0.118695974,0.25910923,1,0,1,0
2015-01-26 12:30:00,1,0.100816496,0.60001415,0.58262134,0.14145231,0.30184922,0,0,1,0
2015-01-26 13:00:00,1,0.100855805,0.6075646,0.56313443,0.16559398,0.3558528,0,0,1,0
2015-01-26 13:30:00,1,0.103080235,0.6075646,0.59852433,0.16040123,0.41564056,0,0,1,0
2015-01-26 14:00:00,1,0.09717512,0.71090806,0.8097272,0.46009195,0.605992,1,1,1,0
2015-01-26 14:30:00,1,0.11071923,0.94276375,0.9774885,1.1244125,0.92131084,1,1,1,1
2015-01-26 15:00:00,1,0.123960495,0.9831714,0.99385554,1.5171627,0.99052775,1,1,1,1
2015-01-26 15:30:00,1,0.12431827,0.9957541,0.9978777,1.828345,0.9976936,1,1,1,1
2015-01-26 16:00:00,1,0.11861784,0.9985422,0.9986124,2.1164474,0.99888164,1,1,1,1
2015-01-26 16:30:00,1,0.119737625,0.9994584,0.99917585,2.2152524,0.999223,1,1,1,1
2015-01-26 17:00:00,1,0.11313487,0.99982953,0.99984336,2.3324552,0.9993855,1,1,1,1
2015-01-26 17:30:00,1,0.11403108,0.9999299,0.9999696,2.3705444,0.999476,1,1,1,1
2015-01-26 18:00:00,1,0.12158955,0.9999603,0.99998987,2.029438,0.99949944,1,1,1,1
2015-01-26 18:30:00,1,0.11910839,0.999982,0.99999666,1.7396241,0.9994986,1,1,1,1
2015-01-26 19:00:00,1,0.11338405,0.9999919,0.99999845,1.7577003,0.99952114,1,1,1,1
2015-01-26 19:30:00,1,0.10636059,0.9999939,0.999998,1.661523,0.99952626,1,1,1,1
2015-01-26 20:00:00,1,0.114525124,0.9999956,0.99999774,1.5843793,0.9995178,1,1,1,1
2015-01-26 20:30:00,1,0.11853042,0.9999964,0.9999975,1.4572734,0.9994991,1,1,1,1
2015-01-26 21:00:00,1,0.11641711,0.9999964,0.9999975,1.3718972,0.9994772,1,1,1,1
2015-01-26 21:30:00,1,0.112434566,0.9999958,0.99999774,1.4727798,0.9994987,1,1,1,1
2015-01-26 22:00:00,1,0.17111054,0.99999547,0.99999726,1.4343067,0.99950695,1,1,1,1
2015-01-26 22:30:00,1,0.29149273,0.9999943,0.99999475,1.6318022,0.99954283,1,1,1,1
2015-01-26 23:00:00,1,0.32808354,0.99999225,0.9999809,1.6100625,0.99955064,1,1,1,1
2015-01-26 23:30:00,1,0.3312569,0.99997735,0.99988663,1.4915842,0.9995091,1,1,1,1
2015-01-27 00:00:00,1,0.33213335,0.9997737,0.99944025,1.8293971,0.99957126,1,1,1,1
2015-01-27 00:30:00,1,0.32860926,0.99911875,0.9947826,1.5856961,0.99957687,1,1,1,1
2015-01-27 01:00:00,1,0.3287508,0.990949,0.9783785,1.4294691,0.99956936,1,1,1,1
2015-01-27 01:30:00,1,0.32882264,0.95575184,0.9324099,1.2548555,0.99955195,1,1,1,1
2015-01-27 02:00:00,1,0.3252136,0.8743146,0.86040765,1.0448878,0.99951494,1,1,1,1
2015-01-27 02:30:00,1,0.3223974,0.7700038,0.76396686,0.88129544,0.99946684,1,1,1,1
2015-01-27 03:00:00,1,0.32390398,0.65274197,0.68094844,0.75605536,0.9994056,1,1,1,1
2015-01-27 03:30:00,1,0.3228727,0.58705914,0.63714147,0.72841394,0.99936074,0,1,1,1
2015-01-27 04:00:00,1,0.31957448,0.6381115,0.647421,0.7497195,0.99934405,1,1,1,1
2015-01-27 04:30:00,1,0.31744006,0.7326003,0.6521749,0.77865887,0.99934727,1,1,1,1
2015-01-27 05:00:00,1,0.314575,0.84895813,0.74352765,0.8259243,0.9993617,1,1,1,1
2015-01-27 05:30:00,1,0.31363708,0.9528313,0.9206482,0.9993746,0.9994112,1,1,1,1
2015-01-27 06:00:00,1,0.31193364,0.99344903,0.9899338,1.3019472,0.999516,1,1,1,1
2015-01-27 06:30:00,1,0.3073625,0.99943775,0.9995988,1.6452497,0.9996209,1,1,1,1
2015-01-27 07:00:00,1,0.29891923,0.99995637,0.9999697,1.9037901,0.9996884,1,1,1,1
2015-01-27 07:30:00,1,0.29075626,0.99999297,0.9999968,1.7054933,0.99970573,1,1,1,1
2015-01-27 08:00:00,1,0.27892762,0.9999931,0.9999988,1.9030391,0.9997346,1,1,1,1
2015-01-27 08:30:00,1,0.24433713,0.9999931,0.9999989,2.1336498,0.9997639,1,1,1,1
2015-01-27 09:00:00,1,0.18749863,0.99999106,0.9999975,2.0760145,0.999775,1,1,1,1
2015-01-27 09:30:00,1,0.11618941,0.9999864,0.9999919,1.2078487,0.99972945,1,1,1,1
2015-01-27 10:00:00,1,0.117095195,0.99997663,0.99996793,1.2891738,0.99971193,1,1,1,1
2015-01-27 10:30:00,1,0.11375343,0.9999597,0.9999347,1.3294998,0.9997081,1,1,1,1
2015-01-27 11:00:00,1,0.11311575,0.9999324,0.9998938,1.387924,0.99971014,1,1,1,1
2015-01-27 11:30:00,1,0.106313795,0.999908,0.99989474,1.4232244,0.99971455,1,1,1,1
2015-01-27 12:00:00,1,0.11532084,0.99984205,0.99989367,1.457982,0.99971956,1,1,1,1
2015-01-27 12:30:00,1,0.11119331,0.99977714,0.99986005,1.6200577,0.9997347,1,1,1,1
2015-01-27 13:00:00,1,0.11171002,0.9997212,0.99980694,1.9002482,0.9997584,1,1,1,1
2015-01-27 13:30:00,1,0.11750586,0.99968064,0.9998449,1.9069935,0.99976736,1,1,1,1
2015-01-27 14:00:00,1,0.11855354,0.999582,0.9998834,1.9972268,0.99977547,1,1,1,1
2015-01-27 14:30:00,1,0.110058166,0.99950516,0.99980885,1.782194,0.9997702,1,1,1,1
2015-01-27 15:00:00,1,0.11063446,0.9990602,0.9995863,1.5941373,0.99975866,1,1,1,1
2015-01-27 15:30:00,1,0.119040504,0.9985329,0.9983728,1.4747343,0.99974626,1,1,1,1
2015-01-27 16:00:00,1,0.12418731,0.99696964,0.9904269,1.3236942,0.999728,1,1,1,1
2015-01-27 16:30:00,1,0.12296724,0.9935161,0.9746703,1.0876788,0.9996946,1,1,1,1
2015-01-27 17:00:00,1,0.12110999,0.99230325,0.98884076,0.85306525,0.9996406,1,1,1,1
2015-01-27 17:30:00,1,0.112715185,0.99628437,0.9973122,0.6728159,0.9995648,1,1,1,1
2015-01-27 18:00:00,1,0.10817508,0.99666303,0.99853504,0.4622138,0.9994424,1,1,1,1
2015-01-27 18:30:00,1,0.11036401,0.99913245,0.9996233,0.65341747,0.99942774,1,1,1,1
2015-01-27 19:00:00,1,0.10229371,0.9996643,0.9998553,0.93014336,0.9995018,1,1,1,1
2015-01-27 19:30:00,1,0.11269816,0.999887,0.99993336,1.2769836,0.99960345,1,1,1,1
2015-01-27 20:00:00,1,0.11956508,0.99991786,0.9999083,0.9911511,0.9995915,1,1,1,1
2015-01-27 20:30:00,1,0.117889404,0.9999237,0.9998914,0.703537,0.99951994,1,1,1,1
2015-01-27 21:00:00,1,0.11605569,0.9999237,0.9998816,0.55189216,0.9994254,1,1,1,1
2015-01-27 21:30:00,1,0.11132404,0.9998486,0.9997992,0.37384522,0.9992718,1,1,1,1
2015-01-27 22:00:00,1,0.11509679,0.9996358,0.9997199,0.3159291,0.9991098,1,1,1,1
2015-01-27 22:30:00,1,0.11843681,0.9996147,0.9997044,0.2603765,0.9989202,1,1,1,1
2015-01-27 23:00:00,1,0.12297754,0.9996147,0.99873775,0.16973245,0.9986362,1,1,1,1
2015-01-27 23:30:00,1,0.1102887,0.99864346,0.99593097,0.11719334,0.9982856,1,1,1,1
2015-01-28 00:00:00,1,0.11655977,0.993067,0.9920215,0.3422913,0.9983829,1,1,1,1
2015-01-28 00:30:00,1,0.11322522,0.9917225,0.967583,0.47715622,0.99864286,1,1,1,1
2015-01-28 01:00:00,1,0.11469247,0.96067584,0.9159205,0.5053537,0.99881893,1,1,1,1
2015-01-28 01:30:00,1,0.11642991,0.90309566,0.8178618,0.44764054,0.9988637,1,1,1,1
2015-01-28 02:00:00,1,0.12687697,0.8160469,0.70767355,0.42690116,0.998868,1,1,1,1
2015-01-28 02:30:00,1,0.17571701,0.6996003,0.5942413,0.35179394,0.99878424,1,0,1,1
2015-01-28 03:00:00,1,0.22039919,0.57904106,0.5373418,0.3457306,0.99869317,0,0,1,1
2015-01-28 03:30:00,1,0.22128029,0.5046333,0.47198436,0.2815848,0.99852556,0,0,1,1
2015-01-28 04:00:00,1,0.2056742,0.42632827,0.43452683,0.17589158,0.9981907,0,0,1,1
2015-01-28 04:30:00,1,0.20852867,0.48739398,0.4228864,0.17565924,0.9978759,0,0,1,1
2015-01-28 05:00:00,1,0.13877355,0.5912917,0.4042444,0.06999588,0.9973285,0,0,0,1
2015-01-28 05:30:00,1,0.11252577,0.60916734,0.3771365,0.23262054,0.9973574,0,0,1,1
2015-01-28 06:00:00,1,0.11954438,0.6529752,0.458797,0.07498139,0.99683785,1,0,0,1
2015-01-28 06:30:00,1,0.1100315,0.6529752,0.26389402,0.105689526,0.996608,1,0,1,1
2015-01-28 07:00:00,1,0.10095836,0.48556143,0.37245753,0.0713737,0.99601436,0,0,0,1
2015-01-28 07:30:00,1,0.08346849,0.48556143,0.28088233,0.14037508,0.9958609,0,0,1,1
2015-01-28 08:00:00,1,0.086528,0.3466904,0.3213021,0.077572405,0.99524236,0,0,0,1
2015-01-28 08:30:00,1,0.083897196,0.3466904,0.47895083,0.067780316,0.9942426,0,0,0,1
2015-01-28 09:00:00,1,0.08547982,0.44459486,0.56402427,0.14696819,0.99371547,0,0,1,1
2015-01-28 09:30:00,1,0.08889956,0.6991025,0.6966603,0.20567864,0.99395293,1,1,1,1
2015-01-28 10:00:00,1,0.096675456,0.9158362,0.84872365,0.5895506,0.99662966,1,1,1,1
2015-01-28 10:30:00,1,0.09854753,0.9158362,0.7873092,0.44973493,0.99752456,1,1,1,1
2015-01-28 11:00:00,1,0.10092895,0.9336552,0.8556868,0.7093272,0.99845934,1,1,1,1
2015-01-28 11:30:00,1,0.09783185,0.9336552,0.85523915,0.50731885,0.9986395,1,1,1,1
2015-01-28 12:00:00,1,0.09986815,0.8752116,0.8870572,0.6498817,0.9988961,1,1,1,1
2015-01-28 12:30:00,1,0.096907765,0.87652844,0.8816748,0.85609305,0.9991819,1,1,1,1
2015-01-28 13:00:00,1,0.09696682,0.8906616,0.88921016,1.1028177,0.999411,1,1,1,1
2015-01-28 13:30:00,1,0.099996716,0.8906616,0.8825139,1.0017604,0.99948007,1,1,1,1
2015-01-28 14:00:00,1,0.10169668,0.83573747,0.8564464,0.68138516,0.99942565,1,1,1,1
2015-01-28 14:30:00,1,0.091146395,0.7448069,0.7971504,0.2639727,0.99919945,1,1,1,1
2015-01-28 15:00:00,1,0.08920077,0.6105861,0.5598088,0.0978201,0.9988819,0,0,0,1
2015-01-28 15:30:00,1,0.093352236,0.4542164,0.50330627,0.059206843,0.9984856,0,0,0,1
2015-01-28 16:00:00,1,0.09981914,0.56263345,0.3871575,0.045633495,0.99807656,0,0,0,1
2015-01-28 16:30:00,1,0.09778707,0.6163967,0.3694678,0.05390191,0.99768436,1,0,0,1
2015-01-28 17:00:00,1,0.08851537,0.6163967,0.38194716,0.115204155,0.9974583,1,0,1,1
2015-01-28 17:30:00,1,0.083475985,0.4547987,0.48840898,0.09631932,0.9970528,0,0,0,1
2015-01-28 18:00:00,1,0.10411671,0.39551193,0.39182192,0.06970811,0.9965342,0,0,0,1
2015-01-28 18:30:00,1,0.11095822,0.4275248,0.5060531,0.048486114,0.9957657,0,0,0,1
2015-01-28 19:00:00,1,0.10485008,0.49738353,0.6001557,0.058339477,0.9949709,0,0,0,1
2015-01-28 19:30:00,1,0.110621534,0.70922416,0.7228443,0.13746297,0.9947976,1,1,1,1
2015-01-28 20:00:00,1,0.10449974,0.8653381,0.7760596,0.26371586,0.9956477,1,1,1,1
2015-01-28 20:30:00,1,0.0979004,0.9321899,0.8443112,0.45139486,0.9970862,1,1,1,1
2015-01-28 21:00:00,1,0.09564961,0.9321899,0.85075295,0.30688757,0.9974437,1,1,1,1
2015-01-28 21:30:00,1,0.094051294,0.8939697,0.8634881,0.20428652,0.9973658,1,1,1,1
2015-01-28 22:00:00,1,0.09632146,0.8583728,0.83935887,0.12530357,0.99703074,1,1,1,1
2015-01-28 22:30:00,1,0.09100424,0.8006935,0.829438,0.099050224,0.9966002,1,1,0,1
2015-01-28 23:00:00,1,0.09022154,0.95606476,0.94618535,0.10568917,0.9961816,1,1,1,1
2015-01-28 23:30:00,1,0.11010213,0.95606476,0.9402066,0.1248467,0.99597687,1,1,1,1
2015-01-29 00:00:00,1,0.117602885,0.9617163,0.9459952,0.07176077,0.99545634,1,1,0,1
2015-01-29 00:30:00,1,0.120039746,0.9617163,0.8791135,0.112513304,0.99527514,1,1,1,1
2015-01-29 01:00:00,1,0.11640966,0.90420306,0.8204914,0.10791999,0.9950605,1,1,1,1
2015-01-29 01:30:00,1,0.10550595,0.8162251,0.7224415,0.13846189,0.99505377,1,1,1,1
2015-01-29 02:00:00,1,0.111243375,0.70857835,0.6009117,0.12075269,0.9948639,1,0,1,1
2015-01-29 02:30:00,1,0.11069562,0.5775363,0.52250046,0.08655691,0.9943083,0,0,0,1
2015-01-29 03:00:00,1,0.11419567,0.48996663,0.44329718,0.085961044,0.9935988,0,0,0,1
2015-01-29 03:30:00,1,0.119425975,0.4063848,0.4055433,0.1091702,0.99300694,0,0,1,1
2015-01-29 04:00:00,0,0.119743004,0.36313787,0.38537416,0.062342346,0.99196553,0,0,0,1
2015-01-29 04:30:00,0,0.13203545,0.46805817,0.3696181,0.0848043,0.99119157,0,0,0,1
2015-01-29 05:00:00,0,0.11578086,0.5611901,0.36146134,0.05822575,0.99044156,0,0,0,1
2015-01-29 05:30:00,0,0.10764501,0.5611901,0.29853946,0.26514703,0.9922754,0,0,1,1
2015-01-29 06:00:00,0,0.10994699,0.5793647,0.365699,0.08764672,0.9920642,0,0,0,1
2015-01-29 06:30:00,0,0.1023458,0.5793647,0.3335079,0.07181358,0.99157274,0,0,0,1
2015-01-29 07:00:00,0,0.09541851,0.40061414,0.29438972,0.047707915,0.9907012,0,0,0,1
2015-01-29 07:30:00,0,0.08520942,0.4111413,0.42458314,0.1209991,0.9902672,0,0,1,1
2015-01-29 08:00:00,0,0.090604804,0.5581361,0.33873022,0.05217123,0.9893556,0,0,0,1
2015-01-29 08:30:00,0,0.08980398,0.5581361,0.25377494,0.025379062,0.988219,0,0,0,1
2015-01-29 09:00:00,0,0.08441029,0.500593,0.36726642,0.04330945,0.9867035,0,0,0,1
2015-01-29 09:30:00,0,0.08430618,0.42784867,0.44038156,0.06900841,0.98506224,0,0,0,1
2015-01-29 10:00:00,0,0.08942897,0.6416548,0.4967404,0.098490596,0.9842085,1,0,0,1
2015-01-29 10:30:00,0,0.08924466,0.6877358,0.5097538,0.099451065,0.98383534,1,0,0,1
2015-01-29 11:00:00,0,0.10030401,0.8358539,0.689223,0.2691186,0.9872662,1,1,1,1
2015-01-29 11:30:00,0,0.09047039,0.8358539,0.5219402,0.1227628,0.9880503,1,0,1,1
2015-01-29 12:00:00,0,0.08521911,0.59210896,0.48670885,0.12011629,0.9881762,0,0,1,1
2015-01-29 12:30:00,0,0.088945985,0.5707268,0.5737298,0.21462202,0.9890504,0,0,1,1
2015-01-29 13:00:00,0,0.0891203,0.596497,0.5899599,0.27518463,0.9893656,0,0,1,1
2015-01-29 13:30:00,0,0.086550266,0.596497,0.54493004,0.16161042,0.9818964,0,0,1,1
2015-01-29 14:00:00,0,0.0861193,0.43303284,0.4678876,0.091323376,0.96228534,0,0,0,1
2015-01-29 14:30:00,0,0.08328549,0.34093952,0.41194844,0.0646435,0.9500219,0,0,0,1
2015-01-29 15:00:00,0,0.08399004,0.5356729,0.31116802,0.058501363,0.94729626,0,0,0,1
2015-01-29 15:30:00,0,0.085277826,0.5356729,0.29163763,0.07295245,0.94986504,0,0,0,1
2015-01-29 16:00:00,0,0.10259761,0.41382796,0.27846667,0.020731032,0.94501245,0,0,0,1
2015-01-29 16:30:00,0,0.097312,0.56607616,0.2987439,0.042779148,0.9394463,0,0,0,1
2015-01-29 17:00:00,0,0.0887656,0.56607616,0.30442417,0.11265409,0.93625414,0,0,1,1
2015-01-29 17:30:00,0,0.09051599,0.36471802,0.25982237,0.085202634,0.9359708,0,0,0,1
2015-01-29 18:00:00,0,0.103087276,0.32682052,0.2579393,0.064272344,0.9328136,0,0,0,1
2015-01-29 18:30:00,0,0.10586936,0.32551727,0.3121749,0.05270636,0.9286863,0,0,0,1
2015-01-29 19:00:00,0,0.11020032,0.44759214,0.4936676,0.037011802,0.91472375,0,0,0,1
2015-01-29 19:30:00,0,0.10854511,0.5984476,0.53117824,0.06316912,0.8852324,0,0,0,1
2015-01-29 20:00:00,0,0.10635172,0.66720855,0.47293267,0.109234095,0.83707374,1,0,1,0
2015-01-29 20:30:00,0,0.107437,0.67516387,0.42129958,0.11866909,0.7881005,1,0,1,0
2015-01-29 21:00:00,0,0.1057796,0.67516387,0.47303352,0.123714805,0.7767318,1,0,1,0
2015-01-29 21:30:00,0,0.105719596,0.62696946,0.5042128,0.15070468,0.77885073,1,0,1,0
2015-01-29 22:00:00,0,0.106346376,0.5737056,0.56758237,0.1188665,0.7804769,0,0,1,0
2015-01-29 22:30:00,0,0.101161376,0.6485537,0.6915246,0.13173836,0.7866728,1,1,1,0
2015-01-29 23:00:00,0,0.099872604,0.6485537,0.6502708,0.19767576,0.8138281,1,1,1,0
2015-01-29 23:30:00,0,0.0842891,0.6806384,0.72411394,0.23413396,0.84829193,1,1,1,0
2015-01-30 00:00:00,0,0.10024091,0.9786581,0.9515187,0.056906104,0.8423755,1,1,0,0
2015-01-30 00:30:00,0,0.110975415,0.9786581,0.9416084,0.065148294,0.8308308,1,1,0,0
2015-01-30 01:00:00,0,0.12278365,0.97359854,0.923934,0.065597475,0.81602407,1,1,0,0
2015-01-30 01:30:00,0,0.11018804,0.9537602,0.8779041,0.06926328,0.79694074,1,1,0,0
2015-01-30 02:00:00,0,0.12146666,0.89893866,0.78798145,0.10824096,0.79036546,1,1,1,0
2015-01-30 02:30:00,0,0.10605714,0.79112375,0.7544668,0.17157888,0.8061148,1,1,1,0
2015-01-30 03:00:00,0,0.11254105,0.7333902,0.65587,0.13416213,0.8146537,1,1,1,0
2015-01-30 03:30:00,0,0.11537849,0.61383706,0.6196892,0.18475944,0.83433604,0,1,1,0
2015-01-30 04:00:00,0,0.11888153,0.5675088,0.4818022,0.047700763,0.8247179,0,0,0,0
2015-01-30 04:30:00,0,0.11194897,0.53228843,0.4446464,0.06359905,0.81068355,0,0,0,0
2015-01-30 05:00:00,0,0.1145671,0.6213597,0.42234167,0.0853675,0.8034523,1,0,0,0
2015-01-30 05:30:00,0,0.10825194,0.6213597,0.2477574,0.14332235,0.815702,1,0,1,0
2015-01-30 06:00:00,0,0.108478725,0.46260878,0.26086834,0.14858407,0.8372048,0,0,1,0
2015-01-30 06:30:00,0,0.10182407,0.48798496,0.5839631,0.06898826,0.8286693,0,0,0,0
2015-01-30 07:00:00,0,0.08988257,0.65984166,0.80349,0.07332432,0.8096062,1,1,0,0
2015-01-30 07:30:00,0,0.08982803,0.8382072,0.90808886,0.09943807,0.79420114,1,1,0,0
2015-01-30 08:00:00,0,0.10164978,0.8891885,0.9055996,0.11369556,0.78405756,1,1,1,0
2015-01-30 08:30:00,0,0.09992607,0.8891885,0.8227338,0.07984543,0.7655775,1,1,0,0
2015-01-30 09:00:00,0,0.091017276,0.8673182,0.6611435,0.029391646,0.7314158,1,1,0,0
2015-01-30 09:30:00,0,0.08480706,0.71348596,0.5101799,0.040964246,0.6954662,1,0,0,0
2015-01-30 10:00:00,0,0.08546224,0.48345178,0.3627972,0.03915572,0.64849657,0,0,0,0
2015-01-30 10:30:00,0,0.08590678,0.3962113,0.2646053,0.034861863,0.59301895,0,0,0,0
2015-01-30 11:00:00,0,0.085908785,0.4057447,0.25014243,0.03895831,0.55201936,0,0,0,0
2015-01-30 11:30:00,0,0.08328097,0.4057447,0.25929552,0.04794079,0.5063468,0,0,0,0
2015-01-30 12:00:00,0,0.08408665,0.29280606,0.26250523,0.04524696,0.45275497,0,0,0,0
2015-01-30 12:30:00,0,0.08638326,0.40551916,0.40287265,0.04709965,0.40390557,0,0,0,0
2015-01-30 13:00:00,0,0.08563931,0.40551916,0.31372437,0.03823346,0.35201886,0,0,0,0
2015-01-30 13:30:00,0,0.082294084,0.42747942,0.3482195,0.049530447,0.30882728,0,0,0,0
2015-01-30 14:00:00,0,0.084220946,0.4918481,0.28210267,0.049693227,0.27805972,0,0,0,0
2015-01-30 14:30:00,0,0.0843468,0.55616575,0.29432723,0.06311834,0.2602918,0,0,0,0
2015-01-30 15:00:00,0,0.083447,0.59485143,0.37170437,0.065816045,0.24849504,0,0,0,0
2015-01-30 15:30:00,0,0.085640356,0.59485143,0.38834912,0.07322168,0.24168211,0,0,0,0
2015-01-30 16:00:00,0,0.08802195,0.41382638,0.37138128,0.039251268,0.21797918,0,0,0,0
2015-01-30 16:30:00,0,0.10159504,0.46213642,0.27860507,0.036493897,0.19813627,0,0,0,0
2015-01-30 17:00:00,0,0.083237626,0.46213642,0.42493966,0.13181603,0.20702565,0,0,1,0
2015-01-30 17:30:00,0,0.10433115,0.5515766,0.5592081,0.08113861,0.20252445,0,0,0,0
2015-01-30 18:00:00,0,0.10662763,0.64262074,0.634966,0.05414927,0.18833864,1,1,0,0
2015-01-30 18:30:00,0,0.12447213,0.72173053,0.7204424,0.05582851,0.1722341,1,1,0,0
2015-01-30 19:00:00,0,0.180774,0.8037353,0.7861471,0.099282205,0.16565914,1,1,0,0
2015-01-30 19:30:00,0,0.2448724,0.8458504,0.8790879,0.17790669,0.17983028,1,1,1,0
2015-01-30 20:00:00,0,0.18082741,0.8458504,0.8709812,0.08036935,0.17200565,1,1,0,0
2015-01-30 20:30:00,0,0.14589567,0.71348965,0.8343302,0.06173247,0.15550864,1,1,0,0
2015-01-30 21:00:00,0,0.1303083,0.562414,0.7448829,0.03868079,0.13113283,0,1,0,0
2015-01-30 21:30:00,0,0.14482811,0.571693,0.78929526,0.04170978,0.109295696,0,1,0,0
2015-01-30 22:00:00,0,0.14534056,0.66027504,0.7532439,0.02764541,0.088268735,1,1,0,0
2015-01-30 22:30:00,0,0.15095615,0.7137754,0.6679178,0.046774685,0.07510324,1,1,0,0
2015-01-30 23:00:00,0,0.15370107,0.79752195,0.63796026,0.051192343,0.06604832,1,1,0,0
2015-01-30 23:30:00,0,0.13322091,0.81172454,0.6674236,0.058651984,0.054623302,1,1,0,0
2015-01-31 00:00:00,0,0.12366611,0.81172454,0.64883333,0.029363513,0.05328548,1,1,0,0
2015-01-31 00:30:00,0,0.10760211,0.5897461,0.4243881,0.048384488,0.04962219,0,0,0,0
2015-01-31 01:00:00,0,0.1030243,0.55496484,0.3724527,0.051059365,0.04638351,0,0,0,0
2015-01-31 01:30:00,0,0.08955072,0.6690664,0.29301485,0.04476255,0.044799317,1,0,0,0
2015-01-31 02:00:00,0,0.08530486,0.6690664,0.25056878,0.059299707,0.04538795,1,0,0,0
2015-01-31 02:30:00,0,0.101679176,0.63082224,0.28604117,0.062732995,0.04608888,1,0,0,0
2015-01-31 03:00:00,0,0.11027298,0.5625538,0.2972382,0.023591042,0.043407597,0,0,0,0
2015-01-31 03:30:00,0,0.10989811,0.46212634,0.25793767,0.04966545,0.040957686,0,0,0,0
2015-01-31 04:00:00,0,0.12366615,0.40448228,0.2715152,0.09032291,0.04278323,0,0,0,0
2015-01-31 04:30:00,0,0.11293539,0.49959466,0.4356339,0.16734773,0.049725804,0,0,1,0
2015-01-31 05:00:00,0,0.11092997,0.55419856,0.36151013,0.06482607,0.04846626,0,0,0,0
2015-01-31 05:30:00,0,0.11891847,0.55419856,0.3098305,0.046871006,0.043371137,0,0,0,0
2015-01-31 06:00:00,0,0.11213059,0.49125123,0.29750925,0.020889759,0.03742807,0,0,0,0
2015-01-31 06:30:00,0,0.10653073,0.36678892,0.33090746,0.05950433,0.038161285,0,0,0,0
2015-01-31 07:00:00,0,0.11500132,0.36568284,0.47556958,0.050448596,0.038102116,0,0,0,0
2015-01-31 07:30:00,0,0.11002241,0.36568284,0.3137465,0.06589562,0.03784431,0,0,0,0
2015-01-31 08:00:00,0,0.12186638,0.2995691,0.3005802,0.052290857,0.036301658,0,0,0,0
2015-01-31 08:30:00,0,0.10313202,0.46291733,0.49343568,0.052336574,0.0359919,0,0,0,0
2015-01-31 09:00:00,0,0.09794033,0.46291733,0.5228926,0.04701221,0.035140127,0,0,0,0
2015-01-31 09:30:00,0,0.08386398,0.8485763,0.9176593,0.11036867,0.03831273,1,1,1,0
2015-01-31 10:00:00,0,0.08451316,0.8485763,0.76809156,0.07334483,0.03845745,1,1,0,0
2015-01-31 10:30:00,0,0.09558414,0.83683074,0.8909819,0.09035462,0.038678285,1,1,0,0
2015-01-31 11:00:00,0,0.09529289,0.83683074,0.8401524,0.06574333,0.03686469,1,1,0,0
2015-01-31 11:30:00,0,0.10405768,0.9523547,0.9520712,0.14721364,0.04027957,1,1,1,0
2015-01-31 12:00:00,0,0.103213914,0.9523547,0.94270533,0.11253929,0.041644733,1,1,1,0
2015-01-31 12:30:00,0,0.11010677,0.9532247,0.9506698,0.13025284,0.043930244,1,1,1,0
2015-01-31 13:00:00,0,0.1065655,0.9532247,0.9267217,0.09855604,0.043527078,1,1,0,0
2015-01-31 13:30:00,0,0.10661907,0.9410344,0.93615574,0.11325127,0.043581396,1,1,1,0
2015-01-31 14:00:00,0,0.10124287,0.9410344,0.82789546,0.062868476,0.040259406,1,1,0,0
2015-01-31 14:30:00,0,0.10256075,0.8362719,0.772025,0.067025244,0.03681209,1,1,0,0
2015-01-31 15:00:00,0,0.101921186,0.8343729,0.7943857,0.08876389,0.03531801,1,1,0,0
2015-01-31 15:30:00,0,0.10475749,0.9257544,0.9337672,0.19716579,0.04062895,1,1,1,0
2015-01-31 16:00:00,0,0.10493179,0.92575455,0.88830984,0.11780387,0.042490687,1,1,1,0
2015-01-31 16:30:00,0,0.09574698,0.7792965,0.8070254,0.073972344,0.03940894,1,1,0,0
2015-01-31 17:00:00,0,0.09932512,0.60169667,0.73782814,0.08291477,0.034158282,0,1,0,0
2015-01-31 17:30:00,0,0.10721276,0.78354406,0.8526917,0.07900268,0.032680843,1,1,0,0
2015-01-31 18:00:00,0,0.13449042,0.8980583,0.9320724,0.09292871,0.033554967,1,1,0,0
2015-01-31 18:30:00,0,0.1772123,0.9295501,0.9399646,0.12430328,0.036347844,1,1,1,0
2015-01-31 19:00:00,0,0.2952507,0.97244316,0.9666911,0.25997174,0.046747167,1,1,1,0
2015-01-31 19:30:00,0,0.21985993,0.97244316,0.9433025,0.15667695,0.047605403,1,1,1,0
2015-01-31 20:00:00,0,0.118618935,0.9403166,0.80820245,0.05696577,0.047460165,1,1,0,0
2015-01-31 20:30:00,0,0.10644948,0.65840685,0.5999102,0.032789767,0.04667751,1,0,0,0
2015-01-31 21:00:00,0,0.10566636,0.4326573,0.70024335,0.032963037,0.04656657,0,1,0,0
2015-01-31 21:30:00,0,0.117970094,0.5842609,0.7967771,0.049367487,0.048620768,0,1,0,0
2015-01-31 22:00:00,0,0.123066396,0.7145068,0.8410816,0.0477978,0.048695464,1,1,0,0
2015-01-31 22:30:00,0,0.17899582,0.863638,0.8865136,0.08376229,0.04763331,1,1,0,0
2015-01-31 23:00:00,0,0.145417,0.863638,0.73465437,0.04777664,0.043322593,1,1,0,0
2015-01-31 23:30:00,0,0.13755588,0.7491827,0.66565204,0.04150963,0.038559087,1,1,0,0
