timestamp,label,true_severity,LOF_score,GRU_score,MLP_score,KRN_score,ENS_score,MACRO_score
2014-12-20 04:30:00,0,0.11004928,0.043922424,0.86774015,0.91076505,0.29782173,0.5300623,0.0
2014-12-20 05:00:00,0,0.10924689,0.044237375,0.86585844,0.91076505,0.28715464,0.5270039,0.0
2014-12-20 05:30:00,0,0.11686926,0.04476738,0.8677302,0.91076505,0.28462148,0.52697104,0.0
2014-12-20 06:00:00,0,0.11253095,0.043941855,0.8709393,0.91076505,0.24721922,0.5182164,0.0
2014-12-20 06:30:00,0,0.11582008,0.044097424,0.94700634,0.91076505,0.25529543,0.5392911,0.0
2014-12-20 07:00:00,0,0.114634246,0.04278505,0.9903502,0.91076505,0.46951917,0.6033549,0.0
2014-12-20 07:30:00,0,0.11650138,0.038754344,0.9877302,0.91076505,0.44613364,0.5958458,0.0
2014-12-20 08:00:00,0,0.124010354,0.033111215,0.9628647,0.91076505,0.45215726,0.58972454,0.0
2014-12-20 08:30:00,0,0.12511164,0.032551765,0.9398134,0.91076505,0.27797738,0.5402769,0.0
2014-12-20 09:00:00,0,0.11072709,0.034938574,0.8690151,0.91076505,0.3054489,0.53004193,0.0
2014-12-20 09:30:00,0,0.09204451,0.032609224,0.8679778,0.91076505,0.49888727,0.5775598,0.0
2014-12-20 10:00:00,0,0.08855233,0.031039715,0.85758495,0.91076505,0.4963443,0.5739335,0.0
2014-12-20 10:30:00,0,0.08868045,0.028842926,0.83162653,0.91076505,0.76223564,0.63336754,0.0
2014-12-20 11:00:00,0,0.093418226,0.028272867,0.83444387,0.91076505,0.7827215,0.63905084,0.0
2014-12-20 11:30:00,0,0.10038702,0.027878284,0.8899403,0.91076505,0.8686224,0.6743015,0.0
2014-12-20 12:00:00,0,0.10465998,0.03190422,0.9290178,0.91969705,0.92158544,0.70055115,0.0
2014-12-20 12:30:00,0,0.10599466,0.034465313,0.9292863,0.921961,0.9193793,0.70127296,0.0
2014-12-20 13:00:00,0,0.10505876,0.037001967,0.9292895,0.921961,0.90621483,0.69861686,0.0
2014-12-20 13:30:00,0,0.11154636,0.03935218,0.9292935,0.921961,0.8620721,0.6881697,0.0
2014-12-20 14:00:00,0,0.10904326,0.04278648,0.9293001,0.921961,0.8691385,0.6907965,0.0
2014-12-20 14:30:00,0,0.10550975,0.042087793,0.92930895,0.921961,0.8172616,0.67765486,0.0
2014-12-20 15:00:00,0,0.103786394,0.040691853,0.9293184,0.921961,0.7960398,0.6720028,0.0
2014-12-20 15:30:00,0,0.10307589,0.044465065,0.92932665,0.921961,0.78167206,0.66935617,0.0
2014-12-20 16:00:00,0,0.084122166,0.044142246,0.97382283,0.921961,0.40124166,0.585292,0.0
2014-12-20 16:30:00,0,0.09424975,0.043498755,0.929349,0.921961,0.51134664,0.60153884,0.0
2014-12-20 17:00:00,0,0.08681768,0.04313922,0.92936814,0.921961,0.3453789,0.5599618,0.0
2014-12-20 17:30:00,0,0.10132871,0.04149282,0.9293916,0.921961,0.38836163,0.5703018,0.0
2014-12-20 18:00:00,0,0.10473117,0.040961027,0.9294186,0.921961,0.4389838,0.58283114,0.0
2014-12-20 18:30:00,0,0.11076323,0.040647745,0.9294437,0.921961,0.60706204,0.6247786,0.0
2014-12-20 19:00:00,0,0.12255569,0.04130888,0.92945474,0.921961,0.69047797,0.64580065,0.0
2014-12-20 19:30:00,0,0.1172373,0.041805863,0.9294257,0.921961,0.6764356,0.64240706,0.0
2014-12-20 20:00:00,0,0.10672234,0.038542032,0.9292995,0.921961,0.5000397,0.5974605,0.0
2014-12-20 20:30:00,0,0.10568922,0.034596562,0.92896277,0.921961,0.47576562,0.5903215,0.0
2014-12-20 21:00:00,0,0.10510786,0.032577276,0.9283487,0.921961,0.46582627,0.58717835,0.0
2014-12-20 21:30:00,0,0.10541241,0.030822873,0.92762375,0.921961,0.54172635,0.6055335,0.0
2014-12-20 22:00:00,0,0.10548945,0.03131628,0.9270123,0.921961,0.50915706,0.5973617,0.0
2014-12-20 22:30:00,0,0.11367459,0.030304551,0.92676216,0.921961,0.4596512,0.5846697,0.0
2014-12-20 23:00:00,0,0.11684927,0.030146241,0.9489135,0.921961,0.4672455,0.5920666,0.0
2014-12-20 23:30:00,0,0.119316615,0.029023886,0.9583406,0.921961,0.58417225,0.62337446,0.0
2014-12-21 00:00:00,0,0.118168,0.028271794,0.9358614,0.9837803,0.9084116,0.7140813,0.0
2014-12-21 00:30:00,0,0.111699805,0.027513027,0.940143,0.9837803,0.6919171,0.66083837,0.0
2014-12-21 01:00:00,0,0.104555525,0.027619481,0.9351282,0.9837803,0.680315,0.65671074,0.0
2014-12-21 01:30:00,0,0.105060466,0.027514935,0.93475354,0.9837803,0.62125826,0.64182675,0.0
2014-12-21 02:00:00,0,0.09174378,0.02854979,0.93490154,0.9837803,0.6707864,0.65450454,0.0
2014-12-21 02:30:00,0,0.084416404,0.028848529,0.9360375,0.9837803,0.5900201,0.6346716,0.0
2014-12-21 03:00:00,0,0.09380524,0.028710604,0.93700296,0.9837803,0.5501277,0.6249054,0.0
2014-12-21 03:30:00,0,0.10614584,0.02863121,0.9368275,0.9837803,0.46320677,0.60311145,0.0
2014-12-21 04:00:00,0,0.11485684,0.028905392,0.9351221,0.9837803,0.5220116,0.6174548,0.019482175
2014-12-21 04:30:00,0,0.11023858,0.03163159,0.9324123,0.9837803,0.25931776,0.55178547,0.03896453
2014-12-21 05:00:00,0,0.10611516,0.0317719,0.9297096,0.9837803,0.26410374,0.5523414,0.058446873
2014-12-21 05:30:00,0,0.11121887,0.031939745,0.92774826,0.9837803,0.2439382,0.54685163,0.07792912
2014-12-21 06:00:00,0,0.11744565,0.031736374,0.92676616,0.9837803,0.26520303,0.5518715,0.097411215
2014-12-21 06:30:00,0,0.11703574,0.031612396,0.92673224,0.9837803,0.33428627,0.5691028,0.11689317
2014-12-21 07:00:00,0,0.116518155,0.03159666,0.92747223,0.9837803,0.4618372,0.6011716,0.13637502
2014-12-21 07:30:00,0,0.118726574,0.031329393,0.9286677,0.9837803,0.46771917,0.60287416,0.15585677
2014-12-21 08:00:00,0,0.12320696,0.031006098,0.93112195,0.9837803,0.49896064,0.61121726,0.1753385
2014-12-21 08:30:00,0,0.12768121,0.02966988,0.93354183,0.9837803,0.42695722,0.5934873,0.19482021
2014-12-21 09:00:00,0,0.12363116,0.030067444,0.93559414,0.9837803,0.42508966,0.5936329,0.2143019
2014-12-21 09:30:00,0,0.111712955,0.03096795,0.9373759,0.9837803,0.33460066,0.5716812,0.2337836
2014-12-21 10:00:00,0,0.101445355,0.03349936,0.93982047,0.9837803,0.3072634,0.5660909,0.23378314
2014-12-21 10:30:00,0,0.08414843,0.03471279,0.9453555,0.9837803,0.7665822,0.6826077,0.23378251
2014-12-21 11:00:00,0,0.082098,0.034427762,0.957175,0.9837803,0.6617377,0.6592802,0.23378189
2014-12-21 11:30:00,0,0.09119645,0.033043027,0.9758016,0.9837803,0.703127,0.67393804,0.2337814
2014-12-21 12:00:00,0,0.09742787,0.032130837,0.97667503,0.9837803,0.69183195,0.67110455,0.23378102
2014-12-21 12:30:00,0,0.10316006,0.032326937,0.9750574,0.9837803,0.79942274,0.69764686,0.2337808
2014-12-21 13:00:00,0,0.099539466,0.033285856,0.9624979,0.9837803,0.72339547,0.6757399,0.2337807
2014-12-21 13:30:00,0,0.09429337,0.031742692,0.9600217,0.9837803,0.6647247,0.6600673,0.23378067
2014-12-21 14:00:00,0,0.096664615,0.031378746,0.9491753,0.9837803,0.66498786,0.6573306,0.23378068
2014-12-21 14:30:00,0,0.09864074,0.03160608,0.94306475,0.9837803,0.58937246,0.6369559,0.23378073
2014-12-21 15:00:00,0,0.09100119,0.029663205,0.90360093,0.9837803,0.6062807,0.63083124,0.23378079
2014-12-21 15:30:00,0,0.089822225,0.029311657,0.8269126,0.9837803,0.60848063,0.6121213,0.2337808
2014-12-21 16:00:00,0,0.0853199,0.028502822,0.82792705,0.9837803,0.39851573,0.5596815,0.23378085
2014-12-21 16:30:00,0,0.08894983,0.029004931,0.82709485,0.9837803,0.3645295,0.5511024,0.23378086
2014-12-21 17:00:00,0,0.08380669,0.026330113,0.8272192,0.9837803,0.26976568,0.5267738,0.23378088
2014-12-21 17:30:00,0,0.08941059,0.026397943,0.82735807,0.9837803,0.29124296,0.53219485,0.23378088
2014-12-21 18:00:00,0,0.08952722,0.026969433,0.87135947,0.9837803,0.26202592,0.53603375,0.23378088
2014-12-21 18:30:00,0,0.092559434,0.026859641,0.92066944,0.9837803,0.3051112,0.55910516,0.23378088
2014-12-21 19:00:00,0,0.09101138,0.024835587,0.85435635,0.9837803,0.33637765,0.54983747,0.23378088
2014-12-21 19:30:00,0,0.08343344,0.024423003,0.8272796,0.9837803,0.42992336,0.5663516,0.23378088
2014-12-21 20:00:00,0,0.087507844,0.019356847,0.82671535,0.9837803,0.59209144,0.60548604,0.23378088
2014-12-21 20:30:00,0,0.086131334,0.018378377,0.82594746,0.9837803,0.42986548,0.56449294,0.23378088
2014-12-21 21:00:00,0,0.089710675,0.018955946,0.8254982,0.9837803,0.53109586,0.58983254,0.23378088
2014-12-21 21:30:00,0,0.08722113,0.019612432,0.8260455,0.9837803,0.41055587,0.5599985,0.23378088
2014-12-21 22:00:00,0,0.08878476,0.02324593,0.82776886,0.9837803,0.40249565,0.5593227,0.23378088
2014-12-21 22:30:00,0,0.09945897,0.02081871,0.83031595,0.9837803,0.59099334,0.6064771,0.23378088
2014-12-21 23:00:00,0,0.102890894,0.019124985,0.919415,0.9837803,0.6661949,0.6471288,0.23378088
2014-12-21 23:30:00,0,0.12464264,0.02221322,0.991379,0.9930368,0.9326089,0.73480946,0.24214844
2014-12-22 00:00:00,0,0.12644717,0.022993088,0.98998123,0.9930368,0.6822655,0.67206913,0.2485903
2014-12-22 00:30:00,0,0.11021614,0.026171684,0.98747104,0.9930368,0.62753403,0.65855336,0.2525747
2014-12-22 01:00:00,0,0.114844985,0.027637005,0.98206264,0.9930368,0.6159725,0.6546772,0.25446346
2014-12-22 01:30:00,0,0.11162835,0.028196335,0.9855186,0.9930368,0.56485826,0.6429025,0.2548822
2014-12-22 02:00:00,0,0.11847829,0.027251363,0.9729106,0.9930368,0.51131326,0.62612796,0.25444108
2014-12-22 02:30:00,0,0.11407699,0.027579784,0.9538593,0.9930368,0.49668622,0.6177905,0.25361615
2014-12-22 03:00:00,0,0.12230697,0.030797243,0.9157991,0.9930368,0.43644252,0.59401894,0.25272435
2014-12-22 03:30:00,0,0.13572925,0.030011296,0.87804717,0.9930368,0.42261183,0.5809268,0.25194463
2014-12-22 04:00:00,0,0.11594623,0.025693655,0.831726,0.9930368,0.32131195,0.5429421,0.25135383
2014-12-22 04:30:00,0,0.11958109,0.026088834,0.823993,0.9930368,0.30933598,0.53811365,0.25096205
2014-12-22 05:00:00,0,0.117601454,0.026698947,0.81900483,0.9930368,0.33895704,0.5444244,0.25074214
2014-12-22 05:30:00,0,0.11609484,0.027442336,0.81808054,0.9930368,0.31118414,0.53743595,0.24228358
2014-12-22 06:00:00,0,0.11673459,0.022657514,0.82062846,0.9930368,0.44683567,0.57078964,0.2358352
2014-12-22 06:30:00,0,0.12235397,0.021803021,0.8858947,0.9930368,0.3273682,0.5570257,0.23189072
2014-12-22 07:00:00,0,0.11769642,0.021435857,0.88440037,0.9930368,0.44738442,0.58656436,0.23006016
2014-12-22 07:30:00,0,0.102806315,0.025605917,0.90173954,0.9930368,0.40758017,0.5819906,0.22969966
2014-12-22 08:00:00,0,0.10085812,0.022477508,0.85143995,0.9930368,0.40428546,0.56780994,0.23018916
2014-12-22 08:30:00,0,0.08701696,0.02270031,0.85137457,0.9930368,0.28424242,0.5378385,0.23104906
2014-12-22 09:00:00,0,0.0872831,0.021850824,0.8535174,0.9930368,0.26959062,0.53449893,0.23196273
2014-12-22 09:30:00,0,0.08698597,0.02134955,0.85214,0.9930368,0.39536825,0.5654737,0.23275357
2014-12-22 10:00:00,0,0.08829203,0.023970604,0.8468876,0.9930368,0.32936263,0.5483144,0.23334785
2014-12-22 10:30:00,0,0.08991617,0.01731217,0.8393233,0.9930368,0.41282037,0.56562316,0.23373842
2014-12-22 11:00:00,0,0.08664323,0.013416648,0.85291696,0.9930368,0.46020508,0.5798939,0.23395485
2014-12-22 11:30:00,0,0.084448144,0.015983105,0.87872326,0.9930368,0.57398427,0.6154319,0.23404169
2014-12-22 12:00:00,0,0.085620135,0.017664671,0.9293027,0.9930368,0.53818804,0.619548,0.23404442
2014-12-22 12:30:00,0,0.084530115,0.021440744,0.88923115,0.9930368,0.547857,0.61289144,0.2340015
2014-12-22 13:00:00,0,0.0849212,0.021240234,0.85879505,0.9930368,0.45787936,0.58273786,0.23394124
2014-12-22 13:30:00,0,0.08416206,0.02611649,0.8749451,0.9930368,0.5532813,0.6118449,0.23388185
2014-12-22 14:00:00,0,0.08278053,0.020895958,0.8243642,0.9930368,0.4814726,0.57994235,0.23383294
2014-12-22 14:30:00,0,0.08578613,0.026024103,0.7710816,0.9930368,0.47139776,0.5653851,0.23379786
2014-12-22 15:00:00,0,0.08198693,0.027079344,0.721824,0.9930368,0.4572219,0.5497905,0.23377617
2014-12-22 15:30:00,0,0.08987572,0.02814138,0.72172225,0.9930368,0.3418162,0.52117914,0.23376532
2014-12-22 16:00:00,0,0.102300204,0.02647543,0.72201246,0.9930368,0.55722284,0.5746869,0.2337621
2014-12-22 16:30:00,0,0.10569433,0.027589798,0.72165895,0.9930368,0.7293439,0.61790735,0.23376353
2014-12-22 17:00:00,0,0.09218007,0.02987659,0.7216716,0.9930368,0.58039886,0.58124596,0.23376721
2014-12-22 17:30:00,0,0.08506707,0.031145215,0.7216861,0.9930368,0.5346842,0.5701381,0.23377149
2014-12-22 18:00:00,0,0.096665815,0.031113267,0.72168636,0.9930368,0.48896754,0.55870104,0.23377536
2014-12-22 18:30:00,0,0.09498415,0.032409072,0.760371,0.9930368,0.620561,0.60159445,0.23377836
2014-12-22 19:00:00,0,0.10202469,0.03356695,0.7710924,0.9930368,0.54483086,0.5856317,0.2337804
2014-12-22 19:30:00,0,0.09641859,0.031859875,0.9185956,0.9930368,0.6013202,0.6362031,0.23378158
2014-12-22 20:00:00,0,0.08786794,0.032503724,0.9049174,0.9930368,0.65288424,0.6458355,0.2337821
2014-12-22 20:30:00,0,0.09009542,0.030181289,0.9485009,0.9930368,0.40546694,0.5942965,0.23378216
2014-12-22 21:00:00,0,0.09008246,0.030304551,0.9342332,0.9930368,0.35289437,0.5776172,0.23378198
2014-12-22 21:30:00,0,0.09416558,0.029948473,0.9642628,0.9930368,0.3326869,0.5799837,0.2337817
2014-12-22 22:00:00,0,0.09014495,0.032071948,0.99050516,0.9930368,0.29438165,0.57749885,0.23378141
2014-12-22 22:30:00,0,0.08471607,0.036690235,0.9975352,0.9930368,0.31017876,0.58436024,0.23378117
2014-12-22 23:00:00,0,0.103910446,0.035495758,0.99841857,0.9930368,0.329429,0.589095,0.233781
2014-12-22 23:30:00,0,0.11048262,0.028612494,0.9716799,0.87076175,0.2836621,0.53867906,0.23378086
2014-12-23 00:00:00,0,0.12413477,0.035312176,0.96848863,0.87076175,0.3325579,0.5517801,0.2337808
2014-12-23 00:30:00,0,0.12455565,0.038103938,0.9654786,0.87076175,0.34147304,0.5539543,0.23378079
2014-12-23 01:00:00,0,0.11793969,0.039042234,0.943591,0.87076175,0.48175988,0.5837887,0.23378079
2014-12-23 01:30:00,0,0.12271535,0.03784871,0.885157,0.87076175,0.46520263,0.5647425,0.2337808
2014-12-23 02:00:00,0,0.10639052,0.037742496,0.81217813,0.87076175,0.37929547,0.5249945,0.23378082
2014-12-23 02:30:00,0,0.11844221,0.03773892,0.765351,0.87076175,0.30852404,0.49559394,0.23378085
2014-12-23 03:00:00,0,0.11417639,0.03773868,0.7652962,0.87076175,0.33155075,0.5013369,0.23378086
2014-12-23 03:30:00,0,0.11311569,0.037759542,0.7647687,0.87076175,0.33594805,0.5023095,0.23378086
2014-12-23 04:00:00,0,0.11422304,0.03791809,0.76298004,0.87076175,0.3608943,0.50813854,0.23378088
2014-12-23 04:30:00,0,0.11869824,0.037843704,0.7603463,0.87076175,0.3014361,0.49259695,0.23378088
2014-12-23 05:00:00,0,0.113645524,0.03778279,0.7599773,0.87076175,0.25117376,0.4799239,0.23378088
2014-12-23 05:30:00,0,0.11014029,0.036890388,0.75995773,0.87076175,0.27095923,0.4846423,0.23378088
2014-12-23 06:00:00,0,0.12171908,0.037532568,0.76008195,0.87076175,0.47228807,0.5351661,0.23378088
2014-12-23 06:30:00,0,0.122833624,0.038126588,0.76039356,0.87076175,0.6063165,0.56889963,0.23378088
2014-12-23 07:00:00,0,0.12062188,0.038603306,0.8294922,0.87076175,0.84763706,0.6466236,0.23378088
2014-12-23 07:30:00,0,0.09982248,0.038615704,0.89027935,0.87076175,0.85135406,0.66275275,0.23378088
2014-12-23 08:00:00,0,0.098693006,0.040019155,0.8902442,0.87076175,0.87075055,0.66794395,0.23378088
2014-12-23 08:30:00,0,0.08377219,0.04066658,0.8902082,0.87076175,0.6671903,0.6172067,0.23378088
2014-12-23 09:00:00,0,0.08680582,0.04057622,0.8901751,0.87076175,0.58962345,0.59778416,0.23378088
2014-12-23 09:30:00,0,0.08503999,0.038348436,0.89014924,0.87076175,0.34731123,0.5366427,0.23378088
2014-12-23 10:00:00,0,0.086935185,0.036955595,0.89013326,0.87076175,0.2604115,0.5145655,0.23378088
2014-12-23 10:30:00,0,0.08584547,0.035294533,0.89012957,0.87076175,0.25069627,0.51172054,0.23378088
2014-12-23 11:00:00,0,0.0859967,0.03911388,0.89014,0.87076175,0.24694628,0.5117405,0.23378088
2014-12-23 11:30:00,1,0.084299415,0.03751993,0.8901655,0.87076175,0.3898718,0.54707974,0.23378088
2014-12-23 12:00:00,1,0.08270946,0.03707075,0.8902062,0.87076175,0.45342737,0.5628665,0.23378088
2014-12-23 12:30:00,1,0.08453552,0.036876917,0.89026296,0.87076175,0.487673,0.57139367,0.23378088
2014-12-23 13:00:00,1,0.082528055,0.03661883,0.89033586,0.87076175,0.49613965,0.57346404,0.23378088
2014-12-23 13:30:00,1,0.08981485,0.036218286,0.89042455,0.87076175,0.609249,0.60166335,0.23378088
2014-12-23 14:00:00,1,0.08683585,0.036694765,0.8905197,0.87076175,0.34820744,0.53654593,0.23378088
2014-12-23 14:30:00,1,0.088828206,0.03627014,0.8906086,0.87076175,0.40926597,0.55172664,0.23378088
2014-12-23 15:00:00,1,0.08272647,0.036057115,0.8907103,0.87076175,0.33018592,0.5319288,0.23378088
2014-12-23 15:30:00,1,0.087403715,0.037450075,0.8908727,0.87076175,0.26467296,0.51593935,0.23378088
2014-12-23 16:00:00,1,0.10151365,0.03600073,0.92149025,0.87076175,0.4278121,0.5640162,0.23378088
2014-12-23 16:30:00,1,0.10492103,0.035155058,0.8914524,0.8965708,0.6976892,0.63021684,0.23378088
2014-12-23 17:00:00,1,0.098923706,0.03498423,0.8918439,0.8965708,0.628528,0.61298174,0.23378088
2014-12-23 17:30:00,1,0.08240856,0.039536,0.89229083,0.8965708,0.7251129,0.63837767,0.23378088
2014-12-23 18:00:00,1,0.093979046,0.0401603,0.8928123,0.8965708,0.72325236,0.6381989,0.23378088
2014-12-23 18:30:00,1,0.09407012,0.04120922,0.8934305,0.8965708,0.8047537,0.65899104,0.23378088
2014-12-23 19:00:00,1,0.0986478,0.042272687,0.947809,0.8965708,0.8968004,0.69586325,0.23378088
2014-12-23 19:30:00,1,0.08993552,0.046582103,0.9620825,0.92430747,0.93788874,0.7177152,0.24214844
2014-12-23 20:00:00,1,0.083812736,0.058244467,0.96205986,0.9554433,0.92935437,0.7262755,0.25868276
2014-12-23 20:30:00,1,0.08323158,0.0852592,0.974008,0.9769548,0.95353556,0.7474394,0.2820023
2014-12-23 21:00:00,1,0.08558026,0.1187731,0.9796814,0.9769548,0.9683174,0.76093173,0.31031752
2014-12-23 21:30:00,1,0.08178651,0.14799297,0.9796792,0.9769548,0.9209614,0.7563971,0.3419373
2014-12-23 22:00:00,1,0.08841128,0.19784331,0.9803187,0.9769548,0.9605936,0.7789277,0.37538502
2014-12-23 22:30:00,1,0.08883059,0.23927116,0.98042667,0.9769548,0.94457585,0.7853071,0.40937936
2014-12-23 23:00:00,1,0.10384062,0.26824927,0.98062164,0.9769548,0.87973624,0.7763905,0.44993293
2014-12-23 23:30:00,1,0.11056462,0.2798376,0.9809327,0.9769548,0.6763496,0.7285187,0.49684787
2014-12-24 00:00:00,1,0.113701314,0.2791264,0.9809427,0.9769548,0.47299123,0.67750376,0.5481836
2014-12-24 00:30:00,1,0.12188397,0.27613378,0.98096174,0.9769548,0.30103555,0.6337715,0.60246724
2014-12-24 01:00:00,1,0.122522734,0.27121437,0.980991,0.9769548,0.26724973,0.62410253,0.6586787
2014-12-24 01:30:00,1,0.11943554,0.2683705,0.9810301,0.9769548,0.35600597,0.64559036,0.70778155
2014-12-24 02:00:00,1,0.11825804,0.26781404,0.9810797,0.9769548,0.42017323,0.66150546,0.749528
2014-12-24 02:30:00,1,0.10617599,0.26801717,0.981143,0.9769548,0.40055987,0.6566687,0.7849841
2014-12-24 03:00:00,1,0.11986981,0.26758385,0.98121864,0.9769548,0.3343309,0.640022,0.81570154
2014-12-24 03:30:00,1,0.12252795,0.26754737,0.9812857,0.9769548,0.37805924,0.65096176,0.8431755
2014-12-24 04:00:00,1,0.118197456,0.2681049,0.98130774,0.9769548,0.4242673,0.6626587,0.8686997
2014-12-24 04:30:00,1,0.11460681,0.2679516,0.98126376,0.9769548,0.31779888,0.6359922,0.8933607
2014-12-24 05:00:00,1,0.11416204,0.26737106,0.9811725,0.9769548,0.2553908,0.6202223,0.91091084
2014-12-24 05:30:00,1,0.11246882,0.26680315,0.98107564,0.9769548,0.38785914,0.65317315,0.9212346
2014-12-24 06:00:00,1,0.116283454,0.2688589,0.980998,0.9769548,0.67173797,0.72463745,0.9258267
2014-12-24 06:30:00,1,0.111941,0.28242004,0.98093444,0.9769548,0.92202204,0.79058284,0.9282396
2014-12-24 07:00:00,1,0.11803251,0.32642388,0.99237716,0.9903814,0.993233,0.82560384,0.92963076
2014-12-24 07:30:00,1,0.12093376,0.39236367,0.9982298,0.9970989,0.9977399,0.84635806,0.93079686
2014-12-24 08:00:00,1,0.12566245,0.47634792,0.9985876,0.9970989,0.99843055,0.86761624,0.932254
2014-12-24 08:30:00,1,0.10278216,0.5414815,0.9985832,0.9970989,0.99418855,0.8828381,0.9342501
2014-12-24 09:00:00,1,0.102436095,0.5830405,0.9985794,0.9970989,0.97215456,0.8877183,0.9368436
2014-12-24 09:30:00,1,0.086499564,0.590292,0.99857605,0.9970989,0.6236866,0.8024134,0.93952924
2014-12-24 10:00:00,1,0.08350629,0.5927274,0.9985733,0.9970989,0.39594275,0.7460856,0.94238925
2014-12-24 10:30:00,1,0.08540799,0.5936717,0.9985713,0.9970989,0.29605678,0.72134966,0.9455325
2014-12-24 11:00:00,1,0.08942331,0.60156465,0.99856997,0.9970989,0.69366676,0.82272506,0.9491183
2014-12-24 11:30:00,1,0.088353135,0.6029062,0.9985695,0.9970989,0.47140095,0.7674939,0.9533856
2014-12-24 12:00:00,1,0.08303522,0.6007533,0.9985696,0.9970989,0.34403417,0.735114,0.9587001
2014-12-24 12:30:00,1,0.09362294,0.60838175,0.99857044,0.9970989,0.7456738,0.8374312,0.9628895
2014-12-24 13:00:00,1,0.09884045,0.62753546,0.998572,0.9970989,0.89487916,0.87952137,0.96570563
2014-12-24 13:30:00,1,0.09489442,0.629941,0.998574,0.9970989,0.63112926,0.8141858,0.9668904
2014-12-24 14:00:00,1,0.0905327,0.6344068,0.9985757,0.9970989,0.4971344,0.78180397,0.9662249
2014-12-24 14:30:00,1,0.084406465,0.63592994,0.99857616,0.9970989,0.33370483,0.7413275,0.9635902
2014-12-24 15:00:00,1,0.08290464,0.6397655,0.9985757,0.9970989,0.2977734,0.73330337,0.958899
2014-12-24 15:30:00,1,0.085267015,0.6441802,0.9985758,0.9970989,0.39907402,0.75973225,0.95240825
2014-12-24 16:00:00,1,0.09096919,0.6445414,0.99857736,0.9970989,0.42262852,0.76571155,0.9434326
2014-12-24 16:30:00,1,0.092208244,0.64011455,0.99858034,0.9970989,0.3724232,0.7520542,0.93064016
2014-12-24 17:00:00,1,0.0839249,0.64332855,0.9985846,0.9970989,0.26698005,0.726498,0.9115517
2014-12-24 17:30:00,1,0.086950146,0.6485753,0.9985903,0.9970989,0.7796324,0.8559742,0.88234264
2014-12-24 18:00:00,1,0.08478402,0.67006683,0.99859756,0.9970989,0.95202315,0.9044466,0.85176706
2014-12-24 18:30:00,1,0.087207906,0.71317816,0.9986065,0.9970989,0.9888446,0.92443204,0.82857156
2014-12-24 19:00:00,1,0.09270678,0.78116465,0.99890125,0.9970989,0.99777216,0.9437343,0.8249812
2014-12-24 19:30:00,1,0.10355105,0.87843835,0.9996524,0.99873596,0.99933916,0.96904147,0.82569677
2014-12-24 20:00:00,1,0.10573003,0.99285054,0.99978024,0.9996247,0.99961203,0.9979669,0.82840675
2014-12-24 20:30:00,1,0.10523951,1.0761483,0.99978,0.9996656,0.9994592,1.0187633,0.8327689
2014-12-24 21:00:00,1,0.10923726,1.1648932,0.999851,0.99972767,0.99974746,1.0410548,0.83926153
2014-12-24 21:30:00,1,0.10439974,1.2623906,0.99985087,0.99972767,0.9996363,1.0654013,0.8475015
2014-12-24 22:00:00,1,0.112152725,1.350549,0.99985087,0.99972767,0.9995915,1.0874298,0.85820216
2014-12-24 22:30:00,1,0.10487041,1.4091456,0.999851,0.99972767,0.99866474,1.1018473,0.87276816
2014-12-24 23:00:00,1,0.1046524,1.4580772,0.9998516,0.99972767,0.99623567,1.113473,0.89375
2014-12-24 23:30:00,1,0.11394829,1.4769733,0.99985313,0.99972767,0.97470564,1.1128149,0.92504436
2014-12-25 00:00:00,1,0.12036997,1.4793072,0.99985313,0.99972767,0.91989744,1.0996964,0.9579752
2014-12-25 00:30:00,1,0.12628372,1.474412,0.99985325,0.99972767,0.5212598,0.99881315,0.9838653
2014-12-25 01:00:00,1,0.12610461,1.4697354,0.99985325,0.99972767,0.30351287,0.9432073,0.9906063
2014-12-25 01:30:00,1,0.11206041,1.4663734,0.9998535,0.99972767,0.29309288,0.93976194,0.9936313
2014-12-25 02:00:00,1,0.123778604,1.4637101,0.9998536,0.99972767,0.37245503,0.95893663,0.99540585
2014-12-25 02:30:00,1,0.11491516,1.4622629,0.99985385,0.99972767,0.38621017,0.96201366,0.99645954
2014-12-25 03:00:00,1,0.1161848,1.461417,0.9998542,0.99972767,0.3286295,0.9474071,0.9965825
2014-12-25 03:30:00,1,0.11814828,1.4605191,0.9998547,0.99972767,0.30426595,0.9410919,0.9966025
2014-12-25 04:00:00,1,0.1174607,1.4593754,0.9998553,0.99972767,0.28460643,0.9358912,0.9965932
2014-12-25 04:30:00,1,0.1274973,1.459506,0.999856,0.99972767,0.32739994,0.94662243,0.9965679
2014-12-25 05:00:00,1,0.18301822,1.4607513,0.99985623,0.99972767,0.46675393,0.9817723,0.99653107
2014-12-25 05:30:00,1,0.19366558,1.4662149,0.99985564,0.99972767,0.7730651,1.0597159,0.99648553
2014-12-25 06:00:00,1,0.12886454,1.4797697,0.99985397,0.99972767,0.9558251,1.1087942,0.99646115
2014-12-25 06:30:00,1,0.11301101,1.5120375,0.9998518,0.99972767,0.99741495,1.1272581,0.99646896
2014-12-25 07:00:00,1,0.115217835,1.5627022,0.9998493,0.9998505,0.99984384,1.1405615,0.9964965
2014-12-25 07:30:00,1,0.120488845,1.6414461,0.9999863,0.9999702,0.99998105,1.1603459,0.99653727
2014-12-25 08:00:00,1,0.12030746,1.745923,0.99999547,0.99997866,0.9999949,1.186473,0.9965875
2014-12-25 08:30:00,1,0.11660656,1.8637059,0.9999957,0.99997866,0.99999475,1.2159188,0.9966474
2014-12-25 09:00:00,1,0.11098046,1.9799266,0.9999957,0.99997866,0.9999857,1.2449716,0.99671483
2014-12-25 09:30:00,1,0.11639634,2.0803328,0.9999957,0.99997866,0.9999324,1.2700598,0.9967851
2014-12-25 10:00:00,1,0.112840064,2.05777,0.9999957,0.99997866,0.9996352,1.2643449,0.99685746
2014-12-25 10:30:00,1,0.12642135,2.1065152,0.9999957,0.99997866,0.99868613,1.276294,0.9969314
2014-12-25 11:00:00,1,0.124671526,2.0357575,0.9999957,0.99997866,0.9969649,1.2581742,0.9970067
2014-12-25 11:30:00,1,0.12749179,2.058985,0.9999957,0.99997866,0.9959299,1.2637223,0.9970834
2014-12-25 12:00:00,1,0.12480136,2.0808997,0.9999957,0.99997866,0.995119,1.2689983,0.9971333
2014-12-25 12:30:00,1,0.11841952,2.098882,0.9999957,0.99997866,0.9894063,1.2720656,0.99716944
2014-12-25 13:00:00,1,0.120045245,2.1118891,0.9999957,0.99997866,0.98962784,1.2753729,0.99719757
2014-12-25 13:30:00,1,0.11488332,2.1299834,0.9999957,0.99997866,0.9887349,1.2796731,0.9972212
2014-12-25 14:00:00,1,0.11466847,2.1493104,0.9999957,0.99997866,0.991871,1.2852889,0.997241
2014-12-25 14:30:00,1,0.10519958,2.1602435,0.9999957,0.99997866,0.9824057,1.2856559,0.99725574
2014-12-25 15:00:00,1,0.10225653,2.1646297,0.9999957,0.99997866,0.9721727,1.2841942,0.997266
2014-12-25 15:30:00,1,0.106366485,2.161243,0.9999957,0.99997866,0.9242641,1.2713703,0.99727577
2014-12-25 16:00:00,1,0.11306166,2.1537151,0.9999957,0.99997866,0.8262419,1.2449828,0.99726725
2014-12-25 16:30:00,1,0.123553015,2.153095,0.9999957,0.99997866,0.8770358,1.2575263,0.99724746
2014-12-25 17:00:00,1,0.12013668,2.1058013,0.9999957,0.99997866,0.9722483,1.269506,0.99724096
2014-12-25 17:30:00,1,0.11884931,2.058021,0.9999957,0.99997866,0.997104,1.2637749,0.99724007
2014-12-25 18:00:00,1,0.11836982,2.0750759,0.9999957,0.99997866,0.9996183,1.2686672,0.99724156
2014-12-25 18:30:00,1,0.11156657,2.100534,0.9999957,0.99997866,0.9998491,1.2750893,0.9972439
2014-12-25 19:00:00,1,0.1120957,2.1117551,0.9999958,0.99997866,0.9999548,1.2779211,0.9972463
2014-12-25 19:30:00,1,0.11971092,2.0720887,0.9999958,0.99997866,0.99997663,1.2680099,0.9972488
2014-12-25 20:00:00,1,0.12543537,2.037364,0.9999958,0.99997866,0.9999808,1.2593298,0.99725103
2014-12-25 20:30:00,1,0.12153287,2.0492876,0.9999958,0.99997866,0.9999579,1.262305,0.997253
2014-12-25 21:00:00,1,0.123032175,2.0065515,0.9999958,0.99997866,0.99997485,1.2516252,0.9972546
2014-12-25 21:30:00,1,0.11123623,2.0019977,0.9999958,0.99997866,0.99994326,1.2504789,0.99725604
2014-12-25 22:00:00,1,0.11712116,2.0002036,0.9999958,0.99997866,0.9999553,1.2500333,0.99727505
2014-12-25 22:30:00,1,0.11767588,2.002923,0.9999958,0.99997866,0.99994135,1.2507097,0.99730474
2014-12-25 23:00:00,1,0.12422741,1.9578965,0.9999958,0.99997866,0.99998057,1.2394629,0.9973205
2014-12-25 23:30:00,1,0.12563735,1.9775705,0.9999957,0.99997866,0.9999126,1.2443644,0.9973298
2014-12-26 00:00:00,1,0.11124164,1.9820411,0.9999957,0.99997866,0.9999167,1.245483,0.99733585
2014-12-26 00:30:00,1,0.113950066,1.9343262,0.9999957,0.99997866,0.99946934,1.2334424,0.9973404
2014-12-26 01:00:00,1,0.107228376,1.9452331,0.9999958,0.99997866,0.99727863,1.2356216,0.997344
2014-12-26 01:30:00,1,0.122970164,1.9446688,0.9999958,0.99997866,0.99292964,1.2343931,0.9973471
2014-12-26 02:00:00,1,0.11352695,1.9541173,0.9999958,0.99997866,0.9784128,1.233126,0.9973498
2014-12-26 02:30:00,1,0.12186464,1.9590602,0.9999958,0.99997866,0.95078814,1.2274556,0.9973522
2014-12-26 03:00:00,1,0.16212824,1.9535508,0.9999958,0.99997866,0.9038301,1.2143388,0.99733686
2014-12-26 03:30:00,1,0.2140742,1.9556432,0.9999958,0.99997866,0.84932464,1.2012355,0.9973106
2014-12-26 04:00:00,1,0.15101472,1.955884,0.9999958,0.99997866,0.734692,1.1726376,0.9972772
2014-12-26 04:30:00,1,0.22750978,1.9554985,0.9999957,0.99997866,0.6655335,1.1552516,0.9972387
2014-12-26 05:00:00,1,0.23694447,1.9783027,0.9999956,0.99997866,0.63966316,1.154485,0.9971962
2014-12-26 05:30:00,1,0.14409226,1.9288483,0.99999535,0.99997866,0.7345186,1.1658351,0.9971505
2014-12-26 06:00:00,1,0.11305254,1.9045095,0.999995,0.99997866,0.8940787,1.1996405,0.9971016
2014-12-26 06:30:00,1,0.11224889,1.8902168,0.999995,0.99997866,0.9817706,1.2179903,0.99707276
2014-12-26 07:00:00,1,0.104118444,1.8479803,0.9999958,0.99997866,0.9969921,1.2112367,0.9970536
2014-12-26 07:30:00,1,0.119368896,1.7899845,0.9999938,0.99997866,0.99906844,1.1972563,0.99703914
2014-12-26 08:00:00,1,0.11791755,1.7222102,0.99999106,0.99997675,0.99940634,1.1803961,0.9970276
2014-12-26 08:30:00,1,0.12082684,1.6274998,0.99999106,0.99997675,0.9992773,1.1566862,0.99701756
2014-12-26 09:00:00,1,0.12515673,1.6302519,0.99999094,0.99997675,0.99814725,1.1570916,0.99702644
2014-12-26 09:30:00,1,0.124990694,1.5949075,0.99999094,0.99997675,0.9947817,1.1474142,0.997047
2014-12-26 10:00:00,1,0.12279274,1.5528717,0.99999094,0.99997675,0.98027784,1.1332793,0.9970755
2014-12-26 10:30:00,1,0.11408898,1.5226905,0.99999094,0.99997675,0.96516585,1.1219561,0.9971095
2014-12-26 11:00:00,1,0.10822586,1.4996278,0.99999094,0.99997675,0.9403716,1.1099918,0.9971481
2014-12-26 11:30:00,1,0.10492958,1.4811401,0.99999106,0.99997675,0.9030247,1.0960331,0.99717236
2014-12-26 12:00:00,1,0.09979421,1.4628932,0.99999106,0.99997675,0.887531,1.087598,0.99718904
2014-12-26 12:30:00,1,0.10224928,1.4479237,0.99999106,0.99997675,0.8030426,1.0627334,0.99717855
2014-12-26 13:00:00,1,0.09816853,1.4314826,0.9999912,0.99997675,0.72320026,1.0386627,0.9971535
2014-12-26 13:30:00,1,0.10375277,1.4728124,0.9999912,0.99997675,0.83919847,1.0779947,0.9971195
2014-12-26 14:00:00,1,0.10026124,1.4592087,0.99999106,0.99997675,0.8630155,1.080548,0.99707943
2014-12-26 14:30:00,1,0.09186906,1.4507918,0.99999106,0.99997675,0.70616823,1.0392319,0.99703455
2014-12-26 15:00:00,1,0.08874133,1.4426489,0.99999106,0.99997675,0.43156782,0.9685461,0.99698544
2014-12-26 15:30:00,1,0.0907205,1.3802845,0.99999106,0.99997675,0.28964683,0.9174748,0.9969329
2014-12-26 16:00:00,1,0.09134527,1.358608,0.9999912,0.99997675,0.35137427,0.9274875,0.9968776
2014-12-26 16:30:00,1,0.09901834,1.3323655,0.9999912,0.99997675,0.24385387,0.89404684,0.9968197
2014-12-26 17:00:00,1,0.088479824,1.2466855,0.9999912,0.99997675,0.41396213,0.9151539,0.9967591
2014-12-26 17:30:00,1,0.08655386,1.2101214,0.9999912,0.99997675,0.7898659,0.9999888,0.99671453
2014-12-26 18:00:00,1,0.08570178,1.2330921,0.9999912,0.99997675,0.94863504,1.0454237,0.99670416
2014-12-26 18:30:00,1,0.08564324,1.2492893,0.9999912,0.99997675,0.9855139,1.0586927,0.9967131
2014-12-26 19:00:00,1,0.08415089,1.2469945,0.9999924,0.99997675,0.98144686,1.0571026,0.9967335
2014-12-26 19:30:00,1,0.08667953,1.238204,0.99999154,0.99997675,0.9940553,1.0580568,0.99676204
2014-12-26 20:00:00,1,0.09750668,1.1809075,0.9999918,0.999966,0.997159,1.0445061,0.9967966
2014-12-26 20:30:00,1,0.09167817,1.1624522,0.9999918,0.999966,0.9954424,1.0394632,0.99683636
2014-12-26 21:00:00,1,0.10335055,1.1054149,0.9999913,0.99994516,0.99700516,1.0255891,0.9968806
2014-12-26 21:30:00,1,0.10441393,1.1274676,0.9999906,0.99994516,0.9975522,1.0312389,0.9969289
2014-12-26 22:00:00,1,0.088861585,1.1257193,0.99998856,0.99994516,0.99682945,1.0306206,0.99698037
2014-12-26 22:30:00,1,0.08836689,1.1121535,0.999931,0.99994516,0.9970638,1.0272733,0.9970348
2014-12-26 23:00:00,1,0.10121021,1.0546644,0.9998779,0.99989986,0.9991609,1.0134008,0.99709207
2014-12-26 23:30:00,1,0.09879064,1.0165832,0.9999424,0.99989986,0.9992034,1.0039072,0.9971519
2014-12-27 00:00:00,1,0.102432325,0.92395663,0.99985754,0.99940515,0.99931467,0.9806335,0.997189
2014-12-27 00:30:00,1,0.10237729,0.8680899,0.9998161,0.9994079,0.9993125,0.96665657,0.9972143
2014-12-27 01:00:00,1,0.11005277,0.8431933,0.99981624,0.9994079,0.99846137,0.9602196,0.9972337
2014-12-27 01:30:00,1,0.12343626,0.8188883,0.99981636,0.9994079,0.9975556,0.953917,0.9972494
2014-12-27 02:00:00,1,0.12631018,0.78240955,0.9998166,0.9994079,0.9944193,0.9440133,0.9972625
2014-12-27 02:30:00,1,0.123940915,0.773324,0.9998167,0.9994079,0.99011314,0.9406655,0.9972736
2014-12-27 03:00:00,1,0.12173735,0.761791,0.99981683,0.9994079,0.9651761,0.931548,0.99728346
2014-12-27 03:30:00,1,0.112455815,0.73231804,0.9998171,0.9994079,0.93499106,0.91663355,0.9972921
2014-12-27 04:00:00,1,0.123200774,0.68673885,0.99981767,0.9994079,0.8228026,0.8771918,0.997282
2014-12-27 04:30:00,1,0.11069277,0.6819389,0.99981874,0.9994079,0.6457763,0.8317355,0.9972601
2014-12-27 05:00:00,1,0.1135643,0.6530688,0.99982005,0.9994079,0.56927055,0.8053918,0.9972305
2014-12-27 05:30:00,1,0.122475296,0.6547959,0.99982125,0.9994079,0.50808555,0.79052764,0.9971952
2014-12-27 06:00:00,1,0.1197791,0.687443,0.99982184,0.9994079,0.556626,0.8108247,0.9971554
2014-12-27 06:30:00,1,0.113326706,0.75535476,0.99982184,0.9994079,0.668543,0.8557818,0.99711156
2014-12-27 07:00:00,1,0.12005206,0.7691152,0.9998215,0.9994079,0.8040541,0.8930996,0.9970642
2014-12-27 07:30:00,1,0.11562029,0.7503735,0.999821,0.9994079,0.8472241,0.89920664,0.99701357
2014-12-27 08:00:00,1,0.105604485,0.72354114,0.9998204,0.9994079,0.9110004,0.9084424,0.996984
2014-12-27 08:30:00,1,0.12614429,0.6982746,0.9998197,0.9994079,0.9246911,0.90554833,0.99696463
2014-12-27 09:00:00,1,0.12293862,0.73219264,0.9998191,0.9994079,0.9249675,0.9140968,0.9969502
2014-12-27 09:30:00,1,0.12637907,0.7027458,0.9998186,0.9994079,0.92170393,0.9059191,0.9969385
2014-12-27 10:00:00,1,0.122315936,0.6863272,0.9998184,0.9994079,0.94053954,0.9065233,0.9969465
2014-12-27 10:30:00,1,0.10416677,0.66226304,0.9998185,0.9994079,0.9185869,0.8950191,0.99696654
2014-12-27 11:00:00,1,0.10425097,0.6588987,0.999819,0.9994079,0.8948671,0.88824815,0.99697536
2014-12-27 11:30:00,1,0.104842976,0.64029944,0.99981993,0.9994079,0.8538604,0.8733469,0.99697834
2014-12-27 12:00:00,1,0.09561119,0.6220306,0.99982136,0.9994079,0.7951088,0.8540921,0.9969783
2014-12-27 12:30:00,1,0.09415886,0.607062,0.9998227,0.9994079,0.79892147,0.8513036,0.9969771
2014-12-27 13:00:00,1,0.08389674,0.5951376,0.99982387,0.9994079,0.536473,0.7827106,0.99697536
2014-12-27 13:30:00,1,0.08618518,0.583189,0.9998242,0.9994079,0.61752594,0.79998684,0.99697334
2014-12-27 14:00:00,1,0.08793025,0.57380486,0.99982363,0.9994079,0.66806316,0.81027484,0.9969477
2014-12-27 14:30:00,1,0.08424912,0.5669948,0.9998227,0.9994079,0.5515927,0.7794546,0.99690914
2014-12-27 15:00:00,1,0.08405699,0.56245494,0.9998223,0.9994079,0.39093274,0.7381545,0.99686307
2014-12-27 15:30:00,1,0.08648306,0.5603502,0.99982256,0.9994079,0.38060385,0.73504615,0.99681205
2014-12-27 16:00:00,1,0.09062657,0.55992436,0.9998227,0.9994079,0.41495627,0.7435278,0.9967573
2014-12-27 16:30:00,1,0.09806698,0.56049263,0.9998222,0.9994079,0.58471173,0.7861087,0.9966998
2014-12-27 17:00:00,1,0.0891024,0.5620401,0.9998209,0.9994079,0.71553844,0.8192018,0.99665886
2014-12-27 17:30:00,1,0.08389237,0.5598812,0.9998191,0.9994079,0.7832281,0.8355841,0.9966275
2014-12-27 18:00:00,1,0.083963625,0.57272875,0.9998178,0.9994079,0.8764616,0.86210394,0.99660134
2014-12-27 18:30:00,1,0.08439226,0.54098845,0.99981767,0.9994079,0.9242419,0.866114,0.9966046
2014-12-27 19:00:00,0,0.08471441,0.53116,0.9998198,0.9994079,0.938491,0.8672197,0.9966243
2014-12-27 19:30:00,0,0.08598632,0.5365732,0.9998248,0.9994079,0.9682635,0.87601733,0.9966541
2014-12-27 20:00:00,0,0.08815821,0.51845324,0.9998324,0.9994079,0.9721747,0.87246704,0.99669105
2014-12-27 20:30:00,0,0.09126508,0.52342224,0.99984205,0.9994079,0.9699637,0.873159,0.99673325
2014-12-27 21:00:00,0,0.08928914,0.50440896,0.99984837,0.9994079,0.9579165,0.8653954,0.9967801
2014-12-27 21:30:00,0,0.08335136,0.48043227,0.9998307,0.9994079,0.9322623,0.85298336,0.9968307
2014-12-27 22:00:00,0,0.082784444,0.45746386,0.999676,0.9994079,0.91134036,0.841972,0.99688464
2014-12-27 22:30:00,0,0.08404494,0.4458263,0.9995592,0.9994079,0.97416884,0.8547405,0.9969414
2014-12-27 23:00:00,0,0.08455281,0.42186582,0.9997347,0.9994079,0.98597765,0.85174656,0.9970009
2014-12-27 23:30:00,0,0.08473784,0.39280975,0.99984217,0.9994079,0.9849886,0.8442621,0.9970625
2014-12-28 00:00:00,0,0.08811214,0.37857223,0.9998274,0.9994079,0.9449339,0.8306854,0.9971266
2014-12-28 00:30:00,0,0.08871227,0.36574566,0.9996737,0.999328,0.9853755,0.83753073,0.9971669
2014-12-28 01:00:00,0,0.10086143,0.33794594,0.9991197,0.99897027,0.98141485,0.8293627,0.99719495
2014-12-28 01:30:00,0,0.1052366,0.32094646,0.9981957,0.9960716,0.981752,0.8242414,0.9971773
2014-12-28 02:00:00,0,0.10997158,0.30467427,0.9979395,0.9899845,0.9436497,0.809062,0.99712807
2014-12-28 02:30:00,0,0.11309468,0.2899772,0.9979425,0.9852652,0.92339075,0.7991439,0.9970577
2014-12-28 03:00:00,0,0.12303632,0.28220236,0.9979467,0.9852652,0.86830646,0.78343016,0.9969294
2014-12-28 03:30:00,0,0.12096887,0.27757978,0.9979534,0.9852652,0.7520057,0.753201,0.99674726
2014-12-28 04:00:00,0,0.12192604,0.27388597,0.99796283,0.9852652,0.55119187,0.70207644,0.99651414
2014-12-28 04:30:00,0,0.11495175,0.27145743,0.99797267,0.9852652,0.49874586,0.68836033,0.99623007
2014-12-28 05:00:00,0,0.11731384,0.2690189,0.99798065,0.9852652,0.42268956,0.6687386,0.9958927
2014-12-28 05:30:00,0,0.11995541,0.26711476,0.9979851,0.9852652,0.37178853,0.6555384,0.9954986
2014-12-28 06:00:00,0,0.11284723,0.2648828,0.99798584,0.9852652,0.43519878,0.6708332,0.9950431
2014-12-28 06:30:00,0,0.12006431,0.2625922,0.9979831,0.9852652,0.5002046,0.6865113,0.9945204
2014-12-28 07:00:00,0,0.118713275,0.25946367,0.99797815,0.9852652,0.6260621,0.7171923,0.99392337
2014-12-28 07:30:00,0,0.10925565,0.25666702,0.9979721,0.9852652,0.6215798,0.7153711,0.9932808
2014-12-28 08:00:00,0,0.11499705,0.25087917,0.99796665,0.9852652,0.669715,0.7259565,0.9919322
2014-12-28 08:30:00,0,0.10899685,0.24536848,0.9979626,0.9852652,0.6592821,0.7219696,0.98893565
2014-12-28 09:00:00,0,0.12125273,0.24205828,0.9979609,0.9852652,0.7572121,0.7456241,0.9816918
2014-12-28 09:30:00,0,0.12384656,0.23843086,0.9979625,0.9852652,0.6777552,0.7248534,0.96259594
2014-12-28 10:00:00,0,0.115056634,0.23522007,0.99796754,0.9852652,0.73756963,0.7390056,0.9200454
2014-12-28 10:30:00,0,0.104108974,0.23381257,0.99797577,0.9852652,0.63041174,0.7118664,0.85791034
2014-12-28 11:00:00,0,0.10321836,0.23349917,0.997985,0.9852652,0.7939334,0.7526707,0.7880883
2014-12-28 11:30:00,0,0.10242749,0.23475945,0.99799144,0.9852652,0.7900635,0.7520199,0.71631235
2014-12-28 12:00:00,0,0.09990537,0.23618603,0.9979905,0.9852652,0.7736846,0.7482816,0.64488524
2014-12-28 12:30:00,0,0.089041024,0.23696125,0.9979777,0.9852652,0.71536374,0.73389196,0.5748018
2014-12-28 13:00:00,0,0.08996548,0.23930836,0.9979494,0.9852652,0.67002475,0.7231369,0.50643605
2014-12-28 13:30:00,0,0.09754874,0.2436639,0.99790466,0.9852652,0.8120923,0.75973153,0.43979907
2014-12-28 14:00:00,0,0.095803864,0.24482965,0.9978484,0.9852652,0.8227105,0.7626634,0.3753281
2014-12-28 14:30:00,0,0.087820455,0.24671876,0.99779034,0.9852652,0.7329999,0.74069357,0.31364375
2014-12-28 15:00:00,0,0.08986915,0.24728537,0.997743,0.9852652,0.6251082,0.71385044,0.25704825
2014-12-28 15:30:00,0,0.08607498,0.2473737,0.9977068,0.9852652,0.34978026,0.6450315,0.21283998
2014-12-28 16:00:00,0,0.087606214,0.24730337,0.9976808,0.9852652,0.2677209,0.6244926,0.19237763
2014-12-28 16:30:00,0,0.0914036,0.2446847,0.9976695,0.9852652,0.43581006,0.6658574,0.1916209
2014-12-28 17:00:00,0,0.089130916,0.240677,0.9976839,0.9852652,0.47076717,0.67359835,0.19857192
2014-12-28 17:30:00,0,0.08858509,0.24192882,0.9977323,0.9852652,0.6432371,0.71704084,0.20745099
2014-12-28 18:00:00,0,0.08676187,0.24346602,0.99781114,0.9852652,0.7917708,0.75457835,0.21594395
2014-12-28 18:30:00,0,0.08678478,0.25497365,0.99790144,0.9852652,0.8175705,0.7639277,0.22306687
2014-12-28 19:00:00,0,0.0873696,0.2592603,0.99797696,0.9852652,0.8176546,0.76503927,0.24074125
2014-12-28 19:30:00,0,0.09062918,0.26085055,0.9980215,0.9852652,0.8206183,0.76618886,0.2703946
2014-12-28 20:00:00,0,0.097051755,0.2606753,0.9980111,0.9852652,0.8275936,0.7678863,0.31080943
2014-12-28 20:30:00,0,0.10472905,0.25769746,0.99795485,0.9852652,0.83802545,0.7697357,0.35903344
2014-12-28 21:00:00,0,0.098888494,0.2532475,0.99787116,0.9852652,0.88135684,0.77943516,0.40240505
2014-12-28 21:30:00,0,0.10330487,0.24827623,0.997951,0.9852652,0.76753235,0.7497562,0.4355155
2014-12-28 22:00:00,0,0.103427105,0.24203074,0.99792385,0.9852652,0.69993865,0.7312896,0.4543345
2014-12-28 22:30:00,0,0.10427724,0.23767471,0.99736613,0.9852652,0.71963876,0.73498625,0.45995736
2014-12-28 23:00:00,0,0.11084793,0.2145021,0.9954595,0.9852652,0.7910695,0.7465741,0.45781848
2014-12-28 23:30:00,0,0.119023055,0.19135976,0.987587,0.9926595,0.92895544,0.7751404,0.45948827
2014-12-29 00:00:00,0,0.12399058,0.1652,0.99064004,0.9926595,0.67147887,0.70499456,0.45759705
2014-12-29 00:30:00,0,0.11027141,0.13931358,0.99003696,0.9926595,0.6363289,0.68958473,0.45423743
2014-12-29 01:00:00,0,0.11759567,0.107437134,0.9872246,0.9926595,0.6291066,0.67910695,0.43846616
2014-12-29 01:30:00,0,0.10436701,0.0844655,0.98075783,0.9926595,0.5093267,0.6418024,0.4095275
2014-12-29 02:00:00,0,0.11255666,0.069141865,0.9441234,0.9926595,0.46676937,0.61817354,0.36911103
2014-12-29 02:30:00,0,0.114130884,0.05718851,0.86945915,0.9926595,0.46162018,0.59523183,0.3205075
2014-12-29 03:00:00,0,0.115060806,0.049127698,0.86930484,0.9926595,0.40777716,0.5797173,0.27661285
2014-12-29 03:30:00,0,0.13142076,0.046759367,0.86901295,0.9926595,0.4176053,0.5815093,0.24298334
2014-12-29 04:00:00,0,0.12207192,0.04286492,0.8685862,0.9926595,0.37553596,0.56991166,0.22372945
2014-12-29 04:30:00,0,0.14000136,0.037498355,0.8680881,0.9926595,0.3845441,0.57069755,0.21778576
2014-12-29 05:00:00,0,0.12922901,0.03770852,0.8675476,0.9926595,0.42122126,0.5797842,0.21971421
2014-12-29 05:30:00,0,0.11415141,0.039628863,0.86687946,0.9926595,0.53086454,0.60750806,0.21792404
2014-12-29 06:00:00,0,0.110944495,0.0437634,0.8711175,0.9926595,0.6771948,0.6461838,0.21976148
2014-12-29 06:30:00,0,0.115289465,0.050495386,0.9378131,0.9926595,0.82221395,0.7007955,0.2231129
2014-12-29 07:00:00,0,0.111259654,0.06027639,0.9679643,0.9926595,0.9568539,0.7444385,0.23502086
2014-12-29 07:30:00,0,0.12539095,0.071329236,0.977394,0.9926595,0.9688393,0.7525555,0.25460136
2014-12-29 08:00:00,0,0.12540814,0.0893594,0.9867894,0.9926595,0.97779477,0.7616508,0.28021082
2014-12-29 08:30:00,0,0.1038617,0.1018635,0.9867906,0.9926595,0.9041158,0.7463573,0.2993333
2014-12-29 09:00:00,0,0.1094502,0.11686587,0.98679197,0.9926595,0.88214,0.7446143,0.31052005
2014-12-29 09:30:00,0,0.10437359,0.13057935,0.9867932,0.9926595,0.7564872,0.7166298,0.3148517
2014-12-29 10:00:00,0,0.099457905,0.13908935,0.98679405,0.9926595,0.5528582,0.66785026,0.3146517
2014-12-29 10:30:00,0,0.09974198,0.14851534,0.98679453,0.9926595,0.49830484,0.6565686,0.31215855
2014-12-29 11:00:00,0,0.10263741,0.15501606,0.98679465,0.9926595,0.40404275,0.63462824,0.30892354
2014-12-29 11:30:00,0,0.093299225,0.16147757,0.98679465,0.9926595,0.32909065,0.6175056,0.3058405
2014-12-29 12:00:00,0,0.08903401,0.16628456,0.9867951,0.9926595,0.33026874,0.619002,0.30333808
2014-12-29 12:30:00,0,0.08688053,0.17173398,0.98679626,0.9926595,0.2923459,0.61088395,0.3015484
2014-12-29 13:00:00,0,0.089042135,0.17775178,0.98679847,0.9926595,0.26126394,0.60461843,0.29204166
2014-12-29 13:30:00,0,0.0856763,0.1819855,0.98680204,0.9926595,0.24734655,0.6021984,0.27490887
2014-12-29 14:00:00,0,0.08523106,0.19221354,0.9868069,0.9926595,0.29596695,0.6169117,0.2513881
2014-12-29 14:30:00,0,0.08450661,0.20148575,0.9868122,0.9926595,0.32154664,0.625626,0.23383315
2014-12-29 15:00:00,0,0.08378373,0.21125162,0.9868151,0.9926595,0.31666398,0.62684757,0.22368218
2014-12-29 15:30:00,0,0.08360252,0.22702575,0.98681355,0.9926595,0.50888145,0.67884505,0.21993172
2014-12-29 16:00:00,0,0.08699569,0.23964024,0.9868075,0.9926595,0.43794653,0.6642635,0.22037219
2014-12-29 16:30:00,0,0.09300297,0.2477504,0.9868008,0.9926595,0.27046686,0.6244194,0.22288205
2014-12-29 17:00:00,0,0.08452465,0.25765336,0.9867994,0.9926595,0.29233208,0.6323611,0.23828034
2014-12-29 17:30:00,0,0.08319697,0.25937796,0.9868103,0.9926595,0.39121374,0.65751535,0.26716515
2014-12-29 18:00:00,0,0.09864976,0.25101006,0.98683965,0.9926595,0.4559934,0.6716257,0.2923273
2014-12-29 18:30:00,0,0.09887207,0.24238193,0.98688865,0.9926595,0.6593604,0.7203226,0.31001678
2014-12-29 19:00:00,0,0.09447823,0.23492408,0.98694336,0.9926595,0.63139594,0.71148074,0.3198017
2014-12-29 19:30:00,0,0.08851628,0.2370919,0.98697764,0.9926595,0.7870071,0.75093406,0.32331124
2014-12-29 20:00:00,0,0.082973495,0.24228692,0.9869855,0.9926595,0.84157073,0.7658757,0.3229095
2014-12-29 20:30:00,0,0.08507088,0.25305462,0.99168867,0.9926595,0.882801,0.780051,0.32059863
2014-12-29 21:00:00,0,0.08474768,0.25216806,0.98692745,0.9926595,0.7613683,0.7482808,0.31770697
2014-12-29 21:30:00,1,0.084954806,0.25358212,0.9884792,0.9926595,0.7019246,0.7341614,0.31499168
2014-12-29 22:00:00,1,0.08714756,0.25893652,0.9949516,0.9926595,0.71778685,0.7410836,0.32415304
2014-12-29 22:30:00,1,0.09097359,0.26521754,0.99807054,0.9926595,0.44707283,0.6757551,0.3470844
2014-12-29 23:00:00,1,0.098403364,0.27319932,0.9983271,0.9926595,0.31223667,0.6441057,0.37063503
2014-12-29 23:30:00,1,0.107596986,0.2809131,0.9874408,0.9813818,0.26071417,0.6276125,0.3902949
2014-12-30 00:00:00,1,0.11247508,0.28279316,0.98724395,0.9813818,0.31334496,0.641191,0.4194565
2014-12-30 00:30:00,1,0.12470841,0.28001404,0.9870235,0.9813818,0.40837893,0.66419953,0.45922157
2014-12-30 01:00:00,1,0.114148244,0.2764722,0.98683107,0.9813818,0.4661849,0.6777175,0.5085158
2014-12-30 01:30:00,1,0.12071232,0.27347243,0.9866948,0.9813818,0.44198102,0.6708825,0.564936
2014-12-30 02:00:00,1,0.11403082,0.2726642,0.986661,0.9813818,0.4497843,0.6726228,0.62574023
2014-12-30 02:30:00,1,0.116705835,0.27589905,0.9867464,0.9813818,0.44113883,0.6712915,0.68874484
2014-12-30 03:00:00,1,0.12081798,0.27602732,0.98699445,0.9813818,0.427762,0.66804135,0.7525289
2014-12-30 03:30:00,1,0.11967604,0.2762897,0.9873269,0.9813818,0.41175786,0.6641891,0.8162765
2014-12-30 04:00:00,1,0.11991714,0.27706122,0.9876857,0.9813818,0.40832105,0.6636124,0.86823565
2014-12-30 04:30:00,1,0.119780056,0.27672863,0.98859197,0.9813818,0.28025,0.63173807,0.9064569
2014-12-30 05:00:00,1,0.13251415,0.276394,0.9892163,0.9813818,0.3449828,0.64799374,0.93175536
2014-12-30 05:30:00,1,0.11941992,0.27552128,0.98922545,0.9813818,0.4995789,0.6864269,0.9471478
2014-12-30 06:00:00,1,0.109677255,0.2735622,0.9885589,0.9813818,0.7666491,0.75253797,0.95597845
2014-12-30 06:30:00,1,0.112134926,0.26926517,0.9880697,0.9813818,0.92890227,0.7919047,0.96148986
2014-12-30 07:00:00,1,0.109860756,0.27384388,0.99069744,0.9913634,0.9920185,0.8119808,0.9652174
2014-12-30 07:30:00,1,0.12053917,0.28655827,0.99729675,0.9957074,0.9962692,0.8189579,0.9680055
2014-12-30 08:00:00,1,0.12292465,0.3029679,0.9972958,0.9957074,0.9969188,0.8232224,0.9703029
2014-12-30 08:30:00,1,0.103821926,0.3096956,0.9972947,0.9957074,0.9796697,0.8205918,0.97234493
2014-12-30 09:00:00,1,0.09970029,0.3111483,0.9972938,0.9957074,0.95564526,0.81494874,0.97426015
2014-12-30 09:30:00,1,0.104632325,0.3032484,0.99729306,0.9957074,0.8562192,0.78811705,0.97596693
2014-12-30 10:00:00,1,0.102112494,0.30627525,0.9972927,0.9957074,0.7021418,0.7503543,0.9775385
2014-12-30 10:30:00,1,0.08913446,0.3042549,0.9972926,0.9957074,0.4312055,0.68211514,0.9790357
2014-12-30 11:00:00,1,0.08888484,0.302871,0.9972928,0.9957074,0.3576496,0.6633802,0.98051214
2014-12-30 11:30:00,1,0.08383303,0.30235124,0.99729353,0.9957074,0.2800214,0.64384335,0.9820203
2014-12-30 12:00:00,1,0.08318416,0.3015716,0.9972947,0.9957074,0.3130089,0.65189564,0.9836182
2014-12-30 12:30:00,1,0.08373715,0.30050457,0.9972963,0.9957074,0.47228602,0.6914485,0.9845646
2014-12-30 13:00:00,1,0.091998026,0.3042873,0.9972983,0.9957074,0.6818303,0.7447809,0.9848306
2014-12-30 13:30:00,1,0.09085807,0.3042066,0.9973008,0.9957074,0.51670533,0.70348006,0.9844103
2014-12-30 14:00:00,1,0.08901519,0.30287254,0.99730337,0.9957074,0.36728016,0.66579086,0.98330003
2014-12-30 14:30:00,1,0.08697331,0.2995336,0.99730575,0.9957074,0.30351314,0.64901495,0.9814716
2014-12-30 15:00:00,1,0.08942062,0.2982421,0.9973086,0.9957074,0.4349199,0.6815445,0.978836
2014-12-30 15:30:00,1,0.08457365,0.29629636,0.9973131,0.9957074,0.5467604,0.70901924,0.9753594
2014-12-30 16:00:00,1,0.08719763,0.2946645,0.99732,0.9957074,0.51374364,0.7003589,0.9706607
2014-12-30 16:30:00,1,0.09662089,0.2921474,0.997329,0.9957074,0.32498154,0.65254134,0.9640746
2014-12-30 17:00:00,1,0.08441052,0.2887187,0.9973398,0.9957074,0.31083313,0.6481498,0.95417136
2014-12-30 17:30:00,1,0.09019863,0.28757453,0.9973521,0.9957074,0.28098068,0.6404036,0.9387913
2014-12-30 18:00:00,1,0.10451185,0.2872659,0.9973665,0.9957074,0.43111074,0.67786264,0.91578794
2014-12-30 18:30:00,1,0.10971266,0.28645325,0.9973834,0.9957074,0.4546882,0.683558,0.88267136
2014-12-30 19:00:00,1,0.10512123,0.28785503,0.99740356,0.9957074,0.53002715,0.70274824,0.8393751
2014-12-30 19:30:00,1,0.10073742,0.28877604,0.9974273,0.9957074,0.7103742,0.74807125,0.79422647
2014-12-30 20:00:00,1,0.09533982,0.29392684,0.99745387,0.9957074,0.7764556,0.7658859,0.75746536
2014-12-30 20:30:00,1,0.089856856,0.29496598,0.9974757,0.9957074,0.7967211,0.77121747,0.71372104
2014-12-30 21:00:00,1,0.09638566,0.29824674,0.99749386,0.9957074,0.7380608,0.7573772,0.66945267
2014-12-30 21:30:00,1,0.09826149,0.30449283,0.9975078,0.9957074,0.7531674,0.76271886,0.63865405
2014-12-30 22:00:00,1,0.09252785,0.3065163,0.9975147,0.9957074,0.6432367,0.73574376,0.62070924
2014-12-30 22:30:00,1,0.08308646,0.31651616,0.9975069,0.9957074,0.6209927,0.7326808,0.60801876
2014-12-30 23:00:00,1,0.08481009,0.32042003,0.9974842,0.9957074,0.2791237,0.6481838,0.5988659
2014-12-30 23:30:00,1,0.09051315,0.3188237,0.9974492,0.9957074,0.40688175,0.6797155,0.5939891
2014-12-31 00:00:00,1,0.10286348,0.31624913,0.99744296,0.9957074,0.5350241,0.71110594,0.5955635
2014-12-31 00:30:00,1,0.10328998,0.31694627,0.99744874,0.9957074,0.73642206,0.76163113,0.6069283
2014-12-31 01:00:00,1,0.12116456,0.31817162,0.99745816,0.9957074,0.8033423,0.77866983,0.6288758
2014-12-31 01:30:00,1,0.12274357,0.31901658,0.9974613,0.9957074,0.72918314,0.7603421,0.65348285
2014-12-31 02:00:00,1,0.10900066,0.32243025,0.99745816,0.9957074,0.7319796,0.7618938,0.6707029
2014-12-31 02:30:00,1,0.119948655,0.3245721,0.99746007,0.9957074,0.636518,0.7385644,0.69600916
2014-12-31 03:00:00,1,0.10934674,0.32621884,0.9974694,0.9957074,0.58591235,0.72632694,0.72304314
2014-12-31 03:30:00,1,0.11680153,0.32689154,0.9974559,0.9957074,0.50317127,0.70580655,0.73798436
2014-12-31 04:00:00,1,0.110382274,0.3290881,0.9974509,0.9957074,0.5551842,0.71935767,0.74178404
2014-12-31 04:30:00,1,0.11161279,0.32906687,0.9973015,0.9957074,0.31371406,0.65894747,0.7426772
2014-12-31 05:00:00,1,0.12102731,0.3287387,0.99723035,0.9957074,0.33141404,0.66327256,0.74382144
2014-12-31 05:30:00,1,0.112297475,0.32766306,0.9971806,0.9957074,0.5560485,0.7191498,0.74672675
2014-12-31 06:00:00,1,0.11216773,0.3270719,0.99704593,0.9957074,0.84988844,0.7924284,0.75151676
2014-12-31 06:30:00,1,0.12128066,0.33051622,0.99748117,0.9957074,0.9695967,0.82332534,0.7624759
2014-12-31 07:00:00,1,0.11832384,0.34426498,0.99775785,0.9957074,0.9970701,0.8337001,0.7776726
2014-12-31 07:30:00,1,0.12257347,0.3657428,0.9989957,0.99829954,0.99872226,0.8404401,0.7970152
2014-12-31 08:00:00,1,0.12551907,0.39677727,0.99908555,0.99829954,0.9989868,0.8482873,0.8176012
2014-12-31 08:30:00,1,0.10296821,0.43106973,0.9990827,0.99829954,0.99489695,0.8558372,0.8380968
2014-12-31 09:00:00,1,0.1023496,0.4715227,0.9990802,0.99829954,0.9917156,0.8651545,0.85840416
2014-12-31 09:30:00,1,0.110086,0.50620437,0.99907804,0.99829954,0.9734071,0.86924726,0.878319
2014-12-31 10:00:00,1,0.10323325,0.5201086,0.99907637,0.99829954,0.90162104,0.8547764,0.89781696
2014-12-31 10:30:00,1,0.100330696,0.5343332,0.99907506,0.99829954,0.823394,0.83877546,0.9169404
2014-12-31 11:00:00,1,0.09445977,0.53801644,0.9990742,0.99829954,0.57984537,0.7788089,0.9356938
2014-12-31 11:30:00,1,0.08426684,0.5364802,0.99907386,0.99829954,0.36292243,0.724194,0.9540079
2014-12-31 12:00:00,1,0.08632548,0.53277385,0.999074,0.99829954,0.45109156,0.7453097,0.97175497
2014-12-31 12:30:00,1,0.08465617,0.5317553,0.99907446,0.99829954,0.31404886,0.7107945,0.98383206
2014-12-31 13:00:00,1,0.083327,0.52817595,0.99907553,0.99829954,0.43143374,0.7392462,0.99148655
2014-12-31 13:30:00,1,0.08334003,0.52677953,0.9990767,0.99829954,0.3598627,0.7210046,0.9944622
2014-12-31 14:00:00,1,0.08639348,0.5276902,0.9990779,0.99829954,0.31786135,0.7107322,0.9955456
2014-12-31 14:30:00,1,0.08786418,0.5306698,0.99907815,0.99829954,0.3365478,0.71614885,0.99607915
2014-12-31 15:00:00,1,0.08963763,0.5348648,0.9990778,0.99829954,0.5090048,0.7603117,0.996223
2014-12-31 15:30:00,1,0.08368155,0.53966033,0.9990779,0.99829954,0.6318396,0.79221934,0.99626046
2014-12-31 16:00:00,1,0.0842482,0.54707086,0.999079,0.99829954,0.7476798,0.82303226,0.9962876
2014-12-31 16:30:00,1,0.0882675,0.5546311,0.9990809,0.99829954,0.63853127,0.7976357,0.9963105
2014-12-31 17:00:00,1,0.08397695,0.56205606,0.99908364,0.99829954,0.47030467,0.757436,0.99633074
2014-12-31 17:30:00,1,0.08743668,0.56094265,0.99908733,0.99829954,0.37432712,0.7331642,0.9963491
2014-12-31 18:00:00,1,0.09595801,0.5623666,0.9990921,0.99829954,0.64318025,0.80073464,0.9963655
2014-12-31 18:30:00,1,0.103733204,0.5682913,0.9990978,0.99829954,0.7509362,0.8291562,0.9963801
2014-12-31 19:00:00,1,0.110259235,0.5732001,0.99910456,0.99829954,0.7215203,0.8230312,0.99639255
2014-12-31 19:30:00,1,0.1144976,0.56987476,0.9991123,0.99829954,0.29832953,0.7164041,0.9964029
2014-12-31 20:00:00,1,0.119655035,0.5577996,0.9991209,0.99829954,0.52088755,0.76902694,0.99641067
2014-12-31 20:30:00,1,0.14648527,0.5563419,0.99912995,0.99829954,0.82085365,0.8436563,0.9964158
2014-12-31 21:00:00,1,0.23122,0.57430375,0.99913836,0.99829954,0.8870176,0.8646898,0.99641776
2014-12-31 21:30:00,1,0.1841097,0.58108294,0.9991443,0.99829954,0.8393024,0.85445726,0.9964164
2014-12-31 22:00:00,1,0.118020475,0.575904,0.9991448,0.99829954,0.6199387,0.7983217,0.9964116
2014-12-31 22:30:00,1,0.106433414,0.56366384,0.99913603,0.99829954,0.38791546,0.7372537,0.9964039
2014-12-31 23:00:00,1,0.10197809,0.55975306,0.99911886,0.99829954,0.5213579,0.76963234,0.9963935
2014-12-31 23:30:00,1,0.100122906,0.6050303,0.99910057,0.99829954,0.80309844,0.8513822,0.99638146
2015-01-01 00:00:00,1,0.111076474,0.6321558,0.999114,0.99829954,0.991234,0.90520084,0.99639684
2015-01-01 00:30:00,1,0.34195924,0.88619745,0.9999989,0.999998,0.9999989,0.9715483,0.99642754
2015-01-01 01:00:00,1,0.36745298,1.1823573,0.9999999,0.9999999,0.9999999,1.0455893,0.99646753
2015-01-01 01:30:00,1,0.26273695,1.4245694,1.0,0.9999999,0.9999999,1.1061423,0.99651384
2015-01-01 02:00:00,1,0.13701479,1.6255591,0.9999999,0.9999999,0.9999999,1.1563897,0.9965654
2015-01-01 02:30:00,1,0.11829274,1.8288217,0.9999999,0.9999999,0.9999999,1.2072054,0.99662155
2015-01-01 03:00:00,1,0.10633328,2.0015945,0.9999999,0.9999999,0.99999964,1.2503985,0.9966822
2015-01-01 03:30:00,1,0.10479203,2.144059,0.9999999,0.9999999,0.9999988,1.2860143,0.99674726
2015-01-01 04:00:00,1,0.084775135,2.2515013,0.9999999,0.9999999,0.99998856,1.3128724,0.9968167
2015-01-01 04:30:00,1,0.110175595,2.2910085,0.9999999,0.9999999,0.99911076,1.3225298,0.9968899
2015-01-01 05:00:00,1,0.12100807,2.3066351,0.9999999,0.9999999,0.97571963,1.3205886,0.99696654
2015-01-01 05:30:00,1,0.11064,2.3152878,0.9999999,0.9999999,0.69205976,1.2518368,0.9970266
2015-01-01 06:00:00,1,0.12079437,2.319226,0.9999999,0.9999999,0.52751935,1.2116863,0.99704844
2015-01-01 06:30:00,1,0.115669586,2.3162446,0.9999999,0.9999999,0.97724104,1.3233714,0.9970701
2015-01-01 07:00:00,1,0.11800851,2.3104222,0.9999999,0.9999999,0.99886084,1.3273207,0.9970905
2015-01-01 07:30:00,1,0.115809895,2.2982886,0.9999999,0.9999999,0.9999095,1.3245494,0.9971087
2015-01-01 08:00:00,1,0.10905559,2.2930653,0.9999999,0.9999999,0.99997926,1.323261,0.99712485
2015-01-01 08:30:00,1,0.11192839,2.2965097,0.9999999,0.9999999,0.99998534,1.3241237,0.9971387
2015-01-01 09:00:00,1,0.11870132,2.3170164,0.9999999,0.9999999,0.99995804,1.3292435,0.9971506
2015-01-01 09:30:00,1,0.11179073,2.3527107,0.9999999,0.9999999,0.99983287,1.338136,0.99716073
2015-01-01 10:00:00,1,0.12492295,2.3947494,0.9999999,0.9999999,0.9990747,1.3484559,0.9971697
2015-01-01 10:30:00,1,0.12173714,2.4202912,0.9999999,0.9999999,0.99235547,1.3531616,0.9971774
2015-01-01 11:00:00,1,0.11121768,2.4450827,0.9999999,0.9999999,0.97003067,1.3537784,0.9971843
2015-01-01 11:30:00,1,0.09904373,2.458953,0.9999999,0.9999999,0.9039848,1.3407345,0.99719095
2015-01-01 12:00:00,1,0.09938873,2.4642289,0.9999999,0.9999999,0.8478496,1.3280196,0.99719745
2015-01-01 12:30:00,1,0.092202395,2.4655364,0.9999999,0.9999999,0.70606714,1.2929008,0.99718183
2015-01-01 13:00:00,1,0.09326021,2.4627693,0.9999999,0.9999999,0.65633446,1.2797759,0.9971536
2015-01-01 13:30:00,1,0.08700193,2.459247,0.9999999,0.9999999,0.5709355,1.2575457,0.9971176
2015-01-01 14:00:00,1,0.09044935,2.4580498,0.9999999,0.9999999,0.6866375,1.2861718,0.9970762
2015-01-01 14:30:00,1,0.08622203,2.459286,0.9999999,0.9999999,0.6259408,1.2713066,0.99703056
2015-01-01 15:00:00,1,0.08331121,2.4583707,0.9999999,0.9999999,0.39372718,1.2130245,0.99698156
2015-01-01 15:30:00,1,0.08687694,2.457785,0.9999999,0.9999999,0.28244436,1.1850573,0.99692935
2015-01-01 16:00:00,1,0.089206725,2.456582,0.9999999,0.9999999,0.5202009,1.2441957,0.99687415
2015-01-01 16:30:00,1,0.09993574,2.4591045,0.9999999,0.9999999,0.3263126,1.1963543,0.9968162
2015-01-01 17:00:00,1,0.08788052,2.45692,0.9999999,0.9999999,0.38969338,1.2116532,0.99675584
2015-01-01 17:30:00,1,0.090370364,2.441783,0.9999999,0.9999999,0.803111,1.3112235,0.99671125
2015-01-01 18:00:00,1,0.08879734,2.408117,0.9999999,0.9999999,0.9662448,1.3435904,0.99670124
2015-01-01 18:30:00,1,0.086449586,2.3651638,0.9999999,0.9999999,0.98997295,1.3387842,0.99671036
2015-01-01 19:00:00,1,0.08750456,2.3188188,0.9999999,0.9999999,0.9983718,1.3292975,0.9967311
2015-01-01 19:30:00,1,0.103874974,2.273891,0.9999999,0.9999999,0.99947315,1.318341,0.9967599
2015-01-01 20:00:00,1,0.09863837,2.2495873,0.9999999,0.9999999,0.9995214,1.3122771,0.9967947
2015-01-01 20:30:00,1,0.09907645,2.238227,0.9999999,0.9999999,0.9994485,1.3094188,0.9968347
2015-01-01 21:00:00,1,0.10260298,2.258042,1.0,0.9999999,0.9996625,1.3144261,0.9968789
2015-01-01 21:30:00,1,0.09941783,2.3068185,1.0,0.9999999,0.99963045,1.3266122,0.9969272
2015-01-01 22:00:00,1,0.10723787,2.376735,1.0,0.9999999,0.99977344,1.344127,0.996979
2015-01-01 22:30:00,1,0.110843144,2.4594924,1.0,0.9999999,0.9997181,1.3648026,0.9970341
2015-01-01 23:00:00,1,0.11653326,2.5562613,1.0,0.9999999,0.99986017,1.3890303,0.99709207
2015-01-01 23:30:00,1,0.12306487,2.5600681,0.9999999,0.9999999,0.9994393,1.3898768,0.997153
2015-01-02 00:00:00,1,0.122641645,2.5385017,0.9999999,0.9999999,0.9996581,1.38454,0.99719065
2015-01-02 00:30:00,1,0.121864915,2.4588537,0.9999999,0.9999999,0.9936274,1.3631203,0.9972167
2015-01-02 01:00:00,1,0.118551,2.2458181,0.9999999,0.9999999,0.98860246,1.3086052,0.99723667
2015-01-02 01:30:00,1,0.10679916,2.093256,0.9999999,0.9999999,0.98181355,1.2687674,0.99725294
2015-01-02 02:00:00,1,0.11598129,1.9108994,0.9999999,0.9999999,0.9462254,1.2142811,0.9972668
2015-01-02 02:30:00,1,0.11940648,1.8886099,0.99999976,0.9999995,0.90697354,1.1988957,0.99726087
2015-01-02 03:00:00,1,0.11095916,1.823451,0.99999905,0.9999982,0.8169426,1.1600977,0.9972423
2015-01-02 03:30:00,1,0.12125176,1.7598629,0.9999918,0.9999852,0.7649838,1.1312059,0.9972151
2015-01-02 04:00:00,1,0.11599437,1.6544838,0.99998856,0.9999267,0.6390809,1.07337,0.9971815
2015-01-02 04:30:00,1,0.14371751,1.6121769,0.9999883,0.9999267,0.57465714,1.0466872,0.9971425
2015-01-02 05:00:00,1,0.15226935,1.6013763,0.99998796,0.9999267,0.541449,1.035685,0.9970989
2015-01-02 05:30:00,1,0.11547477,1.5942914,0.99998724,0.9999267,0.6484906,1.060674,0.99705195
2015-01-02 06:00:00,1,0.11211192,1.5803449,0.9999862,0.9999267,0.7861759,1.0916084,0.99700165
2015-01-02 06:30:00,1,0.114169516,1.5084295,0.9999844,0.9999267,0.93944705,1.1119468,0.99697214
2015-01-02 07:00:00,1,0.12297803,1.4659612,0.9999831,0.9999267,0.98906416,1.1137338,0.9969528
2015-01-02 07:30:00,1,0.11567752,1.4653485,0.99998295,0.9999267,0.9959848,1.1153107,0.9969384
2015-01-02 08:00:00,1,0.12318136,1.3837242,0.9999591,0.9999267,0.9976266,1.0953091,0.99692684
2015-01-02 08:30:00,1,0.120598525,1.3156011,0.9999361,0.9998754,0.9936008,1.0772533,0.9969351
2015-01-02 09:00:00,1,0.1138358,1.3258052,0.99993587,0.9997229,0.9868917,1.0780889,0.9969559
2015-01-02 09:30:00,1,0.10294803,1.2200627,0.99993575,0.9996511,0.9593303,1.044745,0.99698496
2015-01-02 10:00:00,1,0.11104635,1.2198145,0.9999356,0.9996511,0.886771,1.0265431,0.99700123
2015-01-02 10:30:00,1,0.10057608,1.2374346,0.9999356,0.9996511,0.71044445,0.9868665,0.99701065
2015-01-02 11:00:00,1,0.10107829,1.22334,0.99993587,0.9996511,0.68557745,0.9771261,0.99701625
2015-01-02 11:30:00,1,0.09199032,1.2604249,0.9999361,0.9996511,0.58554125,0.96138835,0.99701995
2015-01-02 12:00:00,1,0.08762101,1.2580423,0.99993634,0.9996511,0.41234434,0.9174936,0.99702245
2015-01-02 12:30:00,1,0.083948895,1.2575395,0.9999368,0.9996511,0.28931326,0.88661015,0.9970005
2015-01-02 13:00:00,1,0.08978549,1.2576735,0.99993706,0.9996511,0.40268052,0.91498554,0.99696535
2015-01-02 13:30:00,1,0.085114524,1.257587,0.99993706,0.9996511,0.30620635,0.8908453,0.9969223
2015-01-02 14:00:00,1,0.08467137,1.2579167,0.9999366,0.9996511,0.3034286,0.8902333,0.99687386
2015-01-02 14:30:00,1,0.084125936,1.2592251,0.9999361,0.9996511,0.31282675,0.89290977,0.99682117
2015-01-02 15:00:00,1,0.084824726,1.2597272,0.9999362,0.9996511,0.28755006,0.8867161,0.9967653
2015-01-02 15:30:00,1,0.08472451,1.2605917,0.9999367,0.9996511,0.62558913,0.97144216,0.9967064
2015-01-02 16:00:00,1,0.08518958,1.2556522,0.9999372,0.9996511,0.598031,0.9633179,0.996664
2015-01-02 16:30:00,1,0.08735905,1.2504396,0.9999374,0.9996511,0.42732322,0.91933787,0.9966313
2015-01-02 17:00:00,1,0.085266516,1.2452834,0.9999373,0.9996511,0.39847666,0.91083705,0.9966047
2015-01-02 17:30:00,1,0.08989408,1.2352574,0.99993706,0.9996511,0.27102566,0.8764678,0.9965816
2015-01-02 18:00:00,1,0.09776761,1.2188993,0.9999368,0.9996511,0.52493006,0.9358543,0.996561
2015-01-02 18:30:00,1,0.10374303,1.1941152,0.9999373,0.9996511,0.67796814,0.9679179,0.99654216
2015-01-02 19:00:00,1,0.10704878,1.1924655,0.99993885,0.9996511,0.6845617,0.96915424,0.99652475
2015-01-02 19:30:00,1,0.095707774,1.1364448,0.99994004,0.9996511,0.92135113,1.0143467,0.99653524
2015-01-02 20:00:00,1,0.08330647,1.0407362,0.99994135,0.9996511,0.96150357,1.000458,0.99656147
2015-01-02 20:30:00,1,0.084048815,1.025141,0.9999411,0.9996511,0.9645725,0.9973264,0.99659723
2015-01-02 21:00:00,1,0.08421632,0.9643078,0.999938,0.9996511,0.97578037,0.9849193,0.99663955
2015-01-02 21:30:00,1,0.08441207,0.9097774,0.99993265,0.9996511,0.9765646,0.97148144,0.9966869
2015-01-02 22:00:00,1,0.090355195,0.8803934,0.99991846,0.9996511,0.92777467,0.9519344,0.9967382
2015-01-02 22:30:00,1,0.092042804,0.8436556,0.99950886,0.9996511,0.94839567,0.9478028,0.996793
2015-01-02 23:00:00,1,0.08582776,0.77660966,0.99950385,0.999624,0.9813446,0.9392705,0.99685055
2015-01-02 23:30:00,1,0.091853715,0.72340953,0.9997657,0.999624,0.9239487,0.911687,0.99691087
2015-01-03 00:00:00,1,0.08360087,0.6756122,0.998432,0.99716944,0.96864265,0.9099641,0.99693316
2015-01-03 00:30:00,1,0.08520429,0.67946374,0.9984693,0.99716944,0.9702065,0.91132724,0.9969289
2015-01-03 01:00:00,1,0.08743183,0.6518638,0.9985141,0.99716944,0.9487888,0.8990841,0.9969073
2015-01-03 01:30:00,1,0.100748,0.63393676,0.99855834,0.99716944,0.9296949,0.8898399,0.99684674
2015-01-03 02:00:00,1,0.10381475,0.6126343,0.9985953,0.99716944,0.9105637,0.8797407,0.99676204
2015-01-03 02:30:00,1,0.11054085,0.5906,0.9986218,0.99716944,0.8486137,0.85875124,0.9966131
2015-01-03 03:00:00,1,0.12179621,0.58302903,0.998642,0.99716944,0.7292338,0.82701856,0.9964049
2015-01-03 03:30:00,1,0.12272906,0.5880028,0.99866664,0.99716944,0.6809383,0.8161943,0.99613994
2015-01-03 04:00:00,1,0.12593928,0.58153427,0.9987122,0.99716944,0.47800133,0.7638543,0.9958182
2015-01-03 04:30:00,1,0.10689237,0.57347727,0.99877864,0.99716944,0.5797768,0.7873005,0.9954374
2015-01-03 05:00:00,0,0.11755653,0.56377923,0.99883693,0.99716944,0.45863453,0.75460505,0.9949937
2015-01-03 05:30:00,0,0.1108817,0.5599873,0.99887735,0.99716944,0.41042036,0.7416136,0.99448174
2015-01-03 06:00:00,0,0.1112278,0.55766344,0.9988527,0.99716944,0.47079587,0.7561204,0.99393433
2015-01-03 06:30:00,0,0.11215017,0.5605899,0.9988167,0.99716944,0.49558237,0.7630396,0.99332815
2015-01-03 07:00:00,0,0.112121336,0.56190014,0.9978884,0.99716944,0.69072866,0.81192166,0.99264115
2015-01-03 07:30:00,0,0.113357656,0.55120504,0.9948608,0.99716944,0.7503693,0.82340115,0.99185187
2015-01-03 08:00:00,0,0.113933966,0.51568544,0.9909168,0.9884412,0.83813965,0.8332958,0.99093574
2015-01-03 08:30:00,0,0.123863526,0.466928,0.9908698,0.9861217,0.76440793,0.8020818,0.9899073
2015-01-03 09:00:00,0,0.12109231,0.43136132,0.9908217,0.9861217,0.77673453,0.7962598,0.9887182
2015-01-03 09:30:00,0,0.111067064,0.393839,0.99078006,0.9861217,0.7408125,0.7778883,0.98731023
2015-01-03 10:00:00,0,0.10152955,0.37228692,0.990755,0.9861217,0.77961236,0.78219396,0.9856284
2015-01-03 10:30:00,0,0.10327775,0.3552121,0.99075633,0.9861217,0.62875587,0.7402115,0.98357207
2015-01-03 11:00:00,0,0.104469106,0.33523536,0.9907912,0.9861217,0.6494427,0.74039775,0.9809912
2015-01-03 11:30:00,0,0.086660884,0.31851375,0.9908607,0.9861217,0.42622718,0.6804308,0.9776558
2015-01-03 12:00:00,0,0.084751226,0.3069893,0.9909576,0.9861217,0.24586892,0.6324844,0.9732037
2015-01-03 12:30:00,0,0.098872125,0.3055563,0.99106395,0.9861217,0.5580809,0.71020573,0.96705824
2015-01-03 13:00:00,0,0.10137751,0.30422068,0.99115306,0.9861217,0.7598681,0.76034087,0.958308
2015-01-03 13:30:00,0,0.099097475,0.30761957,0.99119544,0.9861217,0.7644893,0.7623565,0.945607
2015-01-03 14:00:00,0,0.101932906,0.3108878,0.99118197,0.9861217,0.76844865,0.76416004,0.9272597
2015-01-03 14:30:00,0,0.104488894,0.3109957,0.9911493,0.9861217,0.789922,0.76954716,0.9017591
2015-01-03 15:00:00,0,0.1012607,0.31362498,0.9911355,0.9861217,0.7658436,0.76418144,0.8687027
2015-01-03 15:30:00,0,0.09646827,0.30608332,0.99112755,0.9861217,0.6307912,0.72853094,0.8292427
2015-01-03 16:00:00,0,0.092076264,0.3054241,0.99108726,0.9861217,0.6600258,0.7356647,0.78552866
2015-01-03 16:30:00,0,0.084713496,0.30860007,0.9909854,0.9861217,0.2846425,0.6425874,0.7398903
2015-01-03 17:00:00,0,0.08576702,0.31095815,0.99081695,0.9861217,0.34442347,0.6580801,0.6943403
2015-01-03 17:30:00,0,0.10520191,0.3130827,0.99062973,0.9861217,0.420824,0.6776645,0.6504362
2015-01-03 18:00:00,0,0.110561326,0.30934215,0.9905675,0.9861217,0.34695244,0.6582459,0.6093058
2015-01-03 18:30:00,0,0.10601856,0.30635738,0.9907143,0.9861217,0.33358392,0.6541943,0.5719748
2015-01-03 19:00:00,0,0.10563232,0.29922628,0.9910631,0.9861217,0.32161847,0.6495074,0.54001075
2015-01-03 19:30:00,0,0.107489176,0.28543794,0.9914875,0.9861217,0.34036112,0.6508521,0.5156143
2015-01-03 20:00:00,0,0.08858507,0.27197635,0.9944536,0.9861217,0.77677727,0.7573322,0.5005742
2015-01-03 20:30:00,0,0.08392124,0.2584312,0.99471235,0.9861217,0.84131366,0.7701447,0.49626577
2015-01-03 21:00:00,0,0.09145835,0.23438382,0.9927384,0.9822547,0.61886954,0.70706165,0.48603067
2015-01-03 21:30:00,0,0.08936099,0.21192908,0.99277896,0.9815161,0.7524844,0.73467714,0.46872064
2015-01-03 22:00:00,0,0.09560996,0.19711494,0.9886768,0.9815161,0.6344242,0.700433,0.4485234
2015-01-03 22:30:00,0,0.09772541,0.19247389,0.98116416,0.9815161,0.8368461,0.7480001,0.4279563
2015-01-03 23:00:00,0,0.092825115,0.1777786,0.9885797,0.9815161,0.9090678,0.76423556,0.40740228
2015-01-03 23:30:00,0,0.10446534,0.16303957,0.9948389,0.9815161,0.80028915,0.7349209,0.3864769
2015-01-04 00:00:00,0,0.09142298,0.15054369,0.99481803,0.9815161,0.5732488,0.67503166,0.36497864
2015-01-04 00:30:00,0,0.08368129,0.15127456,0.99302304,0.9815161,0.9545172,0.7700827,0.34994498
2015-01-04 01:00:00,0,0.08619378,0.14825606,0.99303037,0.97500074,0.9055185,0.75545144,0.33100602
2015-01-04 01:30:00,0,0.103151634,0.143924,0.9930391,0.95230496,0.93676186,0.7565075,0.31653658
2015-01-04 02:00:00,0,0.10415658,0.14404285,0.99304855,0.9558348,0.9228674,0.75394845,0.306634
2015-01-04 02:30:00,0,0.1193063,0.15377295,0.99320376,0.972539,0.9523424,0.7679645,0.2992878
2015-01-04 03:00:00,0,0.122039914,0.16211498,0.99321246,0.972539,0.9173771,0.76131094,0.30991516
2015-01-04 03:30:00,0,0.121466815,0.1660446,0.9932296,0.972539,0.8669001,0.7496784,0.326647
2015-01-04 04:00:00,0,0.11020734,0.16847527,0.9932556,0.972539,0.7813073,0.7288943,0.34119537
2015-01-04 04:30:00,0,0.11071928,0.1696254,0.9932841,0.972539,0.68745327,0.70572543,0.3501108
2015-01-04 05:00:00,0,0.11961485,0.16957462,0.9933076,0.972539,0.50981456,0.66130894,0.35431054
2015-01-04 05:30:00,0,0.117539056,0.1691196,0.9933215,0.972539,0.44877893,0.6459397,0.3557283
2015-01-04 06:00:00,0,0.113336585,0.16825628,0.993324,0.972539,0.46755353,0.6504182,0.35561052
2015-01-04 06:30:00,0,0.119946636,0.16770923,0.9933154,0.972539,0.50554764,0.65977776,0.34742558
2015-01-04 07:00:00,0,0.11861902,0.16650546,0.9932987,0.972539,0.6074117,0.68493867,0.3413039
2015-01-04 07:30:00,0,0.1109241,0.16494906,0.9932781,0.972539,0.6304325,0.69029963,0.3281156
2015-01-04 08:00:00,0,0.11608393,0.15901697,0.9932585,0.972539,0.7106263,0.7088602,0.30759737
2015-01-04 08:30:00,0,0.109164886,0.1575352,0.9932435,0.972539,0.6636996,0.69675434,0.28174472
2015-01-04 09:00:00,0,0.12409301,0.15575671,0.9932375,0.972539,0.71913385,0.71016675,0.25205168
2015-01-04 09:30:00,0,0.12385172,0.15671849,0.9932447,0.972539,0.76449883,0.72175026,0.23026402
2015-01-04 10:00:00,0,0.11229023,0.15742004,0.9932678,0.972539,0.7305087,0.71343386,0.21825044
2015-01-04 10:30:00,0,0.10190971,0.15915787,0.99330634,0.972539,0.6172958,0.6855747,0.21462245
2015-01-04 11:00:00,0,0.09990017,0.16357064,0.99335396,0.972539,0.7466489,0.7190281,0.2161655
2015-01-04 11:30:00,0,0.101474784,0.1691345,0.9933989,0.972539,0.7577442,0.72320414,0.21998315
2015-01-04 12:00:00,0,0.09028192,0.1718998,0.99342644,0.972539,0.7098529,0.71192956,0.22426821
2015-01-04 12:30:00,0,0.08926062,0.17193973,0.99342126,0.972539,0.6509422,0.69721055,0.22808503
2015-01-04 13:00:00,0,0.08588933,0.16763723,0.9933709,0.972539,0.59017515,0.68093055,0.23104213
2015-01-04 13:30:00,0,0.090443365,0.16392028,0.9932701,0.972539,0.6754371,0.70129156,0.23306935
2015-01-04 14:00:00,0,0.090018004,0.15704238,0.993129,0.972539,0.6962536,0.704741,0.23427302
2015-01-04 14:30:00,0,0.08587616,0.1505673,0.9929709,0.972539,0.60340697,0.679871,0.23483922
2015-01-04 15:00:00,0,0.092308946,0.14516509,0.99282455,0.972539,0.7075813,0.7045275,0.23496962
2015-01-04 15:30:00,0,0.09011346,0.14121842,0.99268544,0.972539,0.42248827,0.6322328,0.23484361
2015-01-04 16:00:00,0,0.09110623,0.13966262,0.99254954,0.972539,0.37275904,0.61937755,0.23460002
2015-01-04 16:30:00,0,0.08750635,0.1392051,0.9924321,0.972539,0.37641507,0.6201478,0.23433334
2015-01-04 17:00:00,0,0.09046238,0.13970184,0.99235713,0.972539,0.5763783,0.6702441,0.23409843
2015-01-04 17:30:00,0,0.08810031,0.14463556,0.9923758,0.972539,0.7261096,0.708915,0.2339197
2015-01-04 18:00:00,0,0.09066184,0.15328848,0.9925016,0.972539,0.8705826,0.7472279,0.23380099
2015-01-04 18:30:00,0,0.089544,0.16128457,0.99283856,0.972539,0.86327463,0.74748415,0.23373426
2015-01-04 19:00:00,0,0.10330969,0.17345524,0.99314535,0.972539,0.96877366,0.7769783,0.24207439
2015-01-04 19:30:00,0,0.0844903,0.179443,0.9933041,0.972539,0.4712088,0.6541237,0.24851452
2015-01-04 20:00:00,0,0.09017814,0.18376493,0.99330795,0.972539,0.65507466,0.70117164,0.25251105
2015-01-04 20:30:00,0,0.10046572,0.18655968,0.99349314,0.972539,0.86266565,0.75381434,0.25441724
2015-01-04 21:00:00,0,0.11014331,0.20096219,0.99393,0.972539,0.9798884,0.7868299,0.26346448
2015-01-04 21:30:00,0,0.11100261,0.20442867,0.9947665,0.972539,0.94172746,0.7783654,0.27949998
2015-01-04 22:00:00,0,0.10894606,0.20875418,0.9954022,0.972539,0.9561137,0.7832023,0.30142322
2015-01-04 22:30:00,0,0.12187613,0.20689285,0.99569124,0.9839062,0.96665156,0.7882855,0.327808
2015-01-04 23:00:00,0,0.122995526,0.1991477,0.9946772,0.9962276,0.96559906,0.7889129,0.35724887
2015-01-04 23:30:00,0,0.12223273,0.19751728,0.9879723,0.9988888,0.98997027,0.79358715,0.39787805
2015-01-05 00:00:00,0,0.10944622,0.1871953,0.9924919,0.9988888,0.9054643,0.77101004,0.44495574
2015-01-05 00:30:00,0,0.12351203,0.16695929,0.9939468,0.9988888,0.77227426,0.73301727,0.49780533
2015-01-05 01:00:00,0,0.10914132,0.15594077,0.9922294,0.9988888,0.78296113,0.732505,0.54655
2015-01-05 01:30:00,0,0.12049492,0.14330316,0.98844445,0.9988888,0.7004568,0.7077733,0.59982973
2015-01-05 02:00:00,0,0.113815844,0.12941682,0.97736025,0.9988888,0.6268551,0.68313026,0.6570242
2015-01-05 02:30:00,0,0.12394845,0.11441076,0.97734946,0.9988888,0.5900218,0.6701677,0.7171077
2015-01-05 03:00:00,0,0.21639617,0.10774279,0.9773194,0.9988888,0.58567435,0.6674063,0.77048594
2015-01-05 03:30:00,0,0.19900851,0.10140967,0.9772624,0.9988888,0.50069386,0.6445637,0.8171174
2015-01-05 04:00:00,0,0.15991385,0.10067344,0.97717905,0.9988888,0.45253965,0.6323202,0.8579965
2015-01-05 04:30:00,0,0.16849549,0.09451079,0.9770817,0.9988888,0.4233131,0.6234486,0.8944893
2015-01-05 05:00:00,0,0.1153919,0.096922636,0.976976,0.9988888,0.35252982,0.60632926,0.9279657
2015-01-05 05:30:00,0,0.11472675,0.096184015,0.976845,0.9988888,0.30470246,0.5941551,0.95027155
2015-01-05 06:00:00,0,0.11407571,0.09494269,0.97665787,0.9988888,0.25869665,0.5822965,0.966132
2015-01-05 06:30:00,0,0.1182715,0.0942055,0.976383,0.9988888,0.39202246,0.6153749,0.97621393
2015-01-05 07:00:00,0,0.099350624,0.092095494,0.9760109,0.9988888,0.5246683,0.64791584,0.98201865
2015-01-05 07:30:00,0,0.089420795,0.08817577,0.97561294,0.9988888,0.6235884,0.6715664,0.9851935
2015-01-05 08:00:00,0,0.08464897,0.08346081,0.97538006,0.9988888,0.6584895,0.6790548,0.9868858
2015-01-05 08:30:00,0,0.083960526,0.08120203,0.97550595,0.9988888,0.57395804,0.6573887,0.9877555
2015-01-05 09:00:00,0,0.08530439,0.081498146,0.97601867,0.9988888,0.3149195,0.59283125,0.9881554
2015-01-05 09:30:00,0,0.100875795,0.083792925,0.97678316,0.9988888,0.4526554,0.62803006,0.9882734
2015-01-05 10:00:00,0,0.103836074,0.0899477,0.9776267,0.9988888,0.6383393,0.6762006,0.9882106
2015-01-05 10:30:00,0,0.10036215,0.0980252,0.9784172,0.9988888,0.567556,0.6607218,0.98802346
2015-01-05 11:00:00,0,0.10273631,0.105884194,0.97907454,0.9988888,0.61819136,0.6755097,0.98774385
2015-01-05 11:30:00,0,0.0990796,0.1106354,0.97955906,0.9988888,0.6147465,0.67595744,0.9873903
2015-01-05 12:00:00,0,0.10319756,0.11429644,0.9798641,0.9988888,0.5890456,0.6705237,0.9869732
2015-01-05 12:30:00,0,0.10160258,0.12100339,0.98001194,0.9988888,0.6455929,0.68637425,0.9864978
2015-01-05 13:00:00,0,0.10060676,0.12892759,0.9800489,0.9988888,0.6467272,0.6886481,0.98596615
2015-01-05 13:30:00,0,0.10012294,0.13223493,0.9800638,0.9988888,0.6443379,0.68888134,0.9853777
2015-01-05 14:00:00,0,0.0901322,0.13614023,0.98019236,0.9988888,0.58433795,0.6748898,0.9847303
2015-01-05 14:30:00,0,0.08494182,0.14207685,0.98038244,0.9988888,0.37171274,0.6232652,0.9840204
2015-01-05 15:00:00,0,0.08532275,0.14518464,0.98070955,0.9988888,0.26939994,0.59854573,0.9832434
2015-01-05 15:30:00,0,0.08772475,0.15190291,0.98107797,0.9988888,0.24913782,0.59525186,0.98239356
2015-01-05 16:00:00,0,0.09243734,0.1583041,0.9813452,0.9988888,0.29185033,0.6075971,0.9814635
2015-01-05 16:30:00,0,0.10006275,0.16570008,0.9813027,0.9988888,0.4026005,0.637123,0.9804423
2015-01-05 17:00:00,0,0.08465617,0.16523075,0.9805217,0.9988888,0.26654845,0.6027974,0.9793124
2015-01-05 17:30:00,0,0.08972669,0.15721858,0.9784428,0.9988888,0.2545763,0.5972816,0.9780442
2015-01-05 18:00:00,0,0.101925865,0.14024615,0.9748038,0.9988888,0.26274112,0.59417,0.97658396
2015-01-05 18:30:00,0,0.10513474,0.12516284,0.9817423,0.9988888,0.31419736,0.6049978,0.9748295
2015-01-05 19:00:00,0,0.10599044,0.096077204,0.9667673,0.9988888,0.3096632,0.59284914,0.9724128
2015-01-05 19:30:00,0,0.09909911,0.09525728,0.97368693,0.9988888,0.4426997,0.62763315,0.9686961
2015-01-05 20:00:00,0,0.09023827,0.09709942,0.9937309,0.9988888,0.6016298,0.6728372,0.9605143
2015-01-05 20:30:00,0,0.083068475,0.09966135,0.998708,0.9988888,0.7867938,0.72101295,0.93109226
2015-01-05 21:00:00,0,0.0866344,0.08224511,0.99691236,0.9988888,0.80610365,0.7210375,0.8961458
2015-01-05 21:30:00,0,0.09061461,0.08603394,0.99873525,0.9988888,0.89516276,0.7447052,0.8587933
2015-01-05 22:00:00,0,0.10310772,0.09233856,0.99948114,0.9988888,0.9330871,0.7559489,0.82955146
2015-01-05 22:30:00,0,0.10321427,0.09155202,0.9997359,0.9988888,0.8925561,0.7456832,0.8029759
2015-01-05 23:00:00,0,0.1075744,0.08034861,0.9997751,0.9988888,0.8227381,0.72543764,0.78955007
2015-01-05 23:30:00,0,0.12289647,0.08490503,0.9934449,0.9201884,0.77407277,0.6931528,0.7834912
2015-01-06 00:00:00,0,0.12407006,0.0848428,0.98402065,0.9201884,0.738115,0.6817917,0.76921433
2015-01-06 00:30:00,0,0.12332445,0.08457947,0.9842688,0.9201884,0.5920488,0.64527136,0.7347062
2015-01-06 01:00:00,0,0.10748568,0.08239031,0.96776,0.9201884,0.51498735,0.6213316,0.67884713
2015-01-06 01:30:00,0,0.116167635,0.08234358,0.9673189,0.9201884,0.44550177,0.60383815,0.61576545
2015-01-06 02:00:00,0,0.11400359,0.08279979,0.96733856,0.9201884,0.37360474,0.58598286,0.55593526
2015-01-06 02:30:00,0,0.12246442,0.08250451,0.96736455,0.9201884,0.34403434,0.578523,0.51832366
2015-01-06 03:00:00,0,0.19829902,0.08256972,0.9673766,0.9201884,0.34761134,0.57943654,0.48763284
2015-01-06 03:30:00,0,0.21306406,0.082569,0.9673025,0.9201884,0.32090452,0.5727411,0.46062008
2015-01-06 04:00:00,0,0.17946018,0.08253729,0.9669986,0.9201884,0.30001912,0.56743586,0.42653373
2015-01-06 04:30:00,0,0.1898564,0.082035065,0.9663408,0.9201884,0.31564337,0.5710519,0.39060548
2015-01-06 05:00:00,0,0.12888363,0.08135259,0.96544135,0.9201884,0.33998483,0.5767418,0.3421894
2015-01-06 05:30:00,0,0.111195765,0.07923019,0.9645788,0.9201884,0.29087913,0.56371915,0.28695485
2015-01-06 06:00:00,0,0.122909345,0.07899833,0.9639942,0.9201884,0.3770129,0.5850485,0.24042414
2015-01-06 06:30:00,0,0.11094947,0.079045415,0.96379834,0.9201884,0.26673388,0.55744153,0.21461773
2015-01-06 07:00:00,0,0.10088172,0.0828799,0.97451615,0.9201884,0.2910147,0.5671498,0.2109474
2015-01-06 07:30:00,0,0.0835756,0.08264089,0.9645292,0.9201884,0.41135323,0.5946779,0.21586645
2015-01-06 08:00:00,0,0.09381176,0.0863899,0.964856,0.9201884,0.46625298,0.60942185,0.22203003
2015-01-06 08:30:00,0,0.09813607,0.08412421,0.965376,0.9201884,0.41355118,0.59580994,0.22723071
2015-01-06 09:00:00,0,0.08399348,0.08517599,0.9658708,0.9201884,0.30828315,0.5698796,0.23105216
2015-01-06 09:30:00,0,0.08703262,0.08102083,0.96633697,0.9201884,0.503603,0.6177873,0.2336341
2015-01-06 10:00:00,0,0.0998024,0.078924894,0.9667937,0.9201884,0.6887371,0.66366106,0.23523633
2015-01-06 10:30:00,0,0.10225098,0.07715738,0.9672638,0.9201884,0.671198,0.6589519,0.23610269
2015-01-06 11:00:00,0,0.0985274,0.08015931,0.96775734,0.9201884,0.7546215,0.68068165,0.23643379
2015-01-06 11:30:00,0,0.104332484,0.08107889,0.9682621,0.9201884,0.68017894,0.66242707,0.23639143
2015-01-06 12:00:00,0,0.096235685,0.08067858,0.96873695,0.9201884,0.6854254,0.6637573,0.23610736
2015-01-06 12:30:00,0,0.09974315,0.081665754,0.9691095,0.9201884,0.74310726,0.67851776,0.23568933
2015-01-06 13:00:00,0,0.10242117,0.08506155,0.96927387,0.9201884,0.7852095,0.6899333,0.23522343
2015-01-06 13:30:00,0,0.09657927,0.0867331,0.9691123,0.9201884,0.7340109,0.67751116,0.2347744
2015-01-06 14:00:00,0,0.09129732,0.09112728,0.96858895,0.9201884,0.7862993,0.69155097,0.23438519
2015-01-06 14:30:00,0,0.08297361,0.09187746,0.96787876,0.9201884,0.5140966,0.62351036,0.23407848
2015-01-06 15:00:00,0,0.08425393,0.09188759,0.96725947,0.9201884,0.37964758,0.58974576,0.23385972
2015-01-06 15:30:00,0,0.08958846,0.09163582,0.96673924,0.9201884,0.29582074,0.56859607,0.23372178
2015-01-06 16:00:00,0,0.09837708,0.090149164,0.9662311,0.9201884,0.30887747,0.57136154,0.23365003
2015-01-06 16:30:00,0,0.09891455,0.086146474,0.96579784,0.9201884,0.24773145,0.55496603,0.23362695
2015-01-06 17:00:00,0,0.087450065,0.08587968,0.9656176,0.9201884,0.29000124,0.5654217,0.23363543
2015-01-06 17:30:00,0,0.08789807,0.09010589,0.9659218,0.9201884,0.35998157,0.5840494,0.233661
2015-01-06 18:00:00,0,0.1040216,0.08890915,0.96689904,0.9201884,0.31122985,0.5718066,0.23369272
2015-01-06 18:30:00,0,0.10511,0.09134185,0.968416,0.9201884,0.41851094,0.5996143,0.23372342
2015-01-06 19:00:00,0,0.10558359,0.093976974,0.9696767,0.9201884,0.65414464,0.65949667,0.23374905
2015-01-06 19:30:00,0,0.10276317,0.10117388,0.9680337,0.9201884,0.80288005,0.698069,0.23376803
2015-01-06 20:00:00,0,0.09629284,0.1055038,0.95541286,0.9201884,0.7384598,0.6798912,0.23378043
2015-01-06 20:30:00,0,0.09093514,0.10781157,0.9379272,0.9201884,0.78779274,0.68842995,0.2337873
2015-01-06 21:00:00,0,0.0900555,0.11359072,0.92833257,0.9201884,0.83518654,0.69932455,0.23379005
2015-01-06 21:30:00,0,0.09343676,0.11307812,0.96845865,0.9201884,0.83664227,0.70959187,0.23379011
2015-01-06 22:00:00,0,0.085735604,0.115296006,0.9726168,0.93230444,0.93900967,0.7398067,0.24215622
2015-01-06 22:30:00,0,0.09650322,0.13493109,0.98454267,0.9685938,0.96518797,0.7633139,0.25868848
2015-01-06 23:00:00,0,0.103445284,0.14932823,0.9847932,0.9685938,0.960366,0.7657703,0.28200594
2015-01-06 23:30:00,0,0.11287832,0.15453053,0.9851886,0.9685938,0.88617873,0.7486229,0.2996116
2015-01-07 00:00:00,0,0.12077186,0.15972042,0.9852114,0.9685938,0.9216967,0.7588056,0.32030407
2015-01-07 00:30:00,0,0.10962522,0.15939021,0.985246,0.9685938,0.7513514,0.71614534,0.33287284
2015-01-07 01:00:00,0,0.11514334,0.1590501,0.9852933,0.9685938,0.6142916,0.6818072,0.3377147
2015-01-07 01:30:00,0,0.11502293,0.1596837,0.9853528,0.9685938,0.5751009,0.6721828,0.3374364
2015-01-07 02:00:00,0,0.12055498,0.16030324,0.9854246,0.9685938,0.5022492,0.65414274,0.33463
2015-01-07 02:30:00,0,0.1204852,0.16062474,0.98551106,0.9685938,0.44221762,0.6392368,0.33104536
2015-01-07 03:00:00,0,0.13952278,0.16068637,0.9856103,0.9685938,0.3898186,0.6261773,0.3276547
2015-01-07 03:30:00,0,0.18381062,0.1610508,0.9857034,0.9685938,0.37927607,0.62365603,0.3249106
2015-01-07 04:00:00,0,0.15464942,0.16115296,0.9857584,0.9685938,0.33878902,0.61357355,0.31457934
2015-01-07 04:30:00,0,0.16859822,0.16114426,0.9857567,0.9685938,0.3323597,0.6119636,0.29681298
2015-01-07 05:00:00,0,0.13786156,0.16119134,0.9857159,0.9685938,0.3737839,0.62232125,0.27285358
2015-01-07 05:30:00,0,0.11433027,0.16115618,0.9856734,0.9685938,0.34905595,0.61611986,0.2550298
2015-01-07 06:00:00,0,0.12054592,0.16168845,0.98564816,0.9685938,0.40540493,0.6303338,0.2343836
2015-01-07 06:30:00,0,0.10901241,0.16093314,0.98563355,0.9685938,0.25207213,0.59180814,0.22199595
2015-01-07 07:00:00,0,0.09788742,0.15992177,0.9856208,0.9685938,0.27817723,0.5980784,0.21737747
2015-01-07 07:30:00,0,0.0840166,0.16039884,0.9856107,0.9685938,0.33749792,0.6130253,0.21786433
2015-01-07 08:00:00,0,0.09542667,0.16149032,0.9856059,0.9685938,0.4396706,0.63884014,0.220836
2015-01-07 08:30:00,0,0.10418951,0.16478395,0.98560774,0.9685938,0.51125205,0.6575594,0.22453482
2015-01-07 09:00:00,0,0.09086517,0.16590989,0.98561794,0.9685938,0.26871645,0.5972096,0.22799285
2015-01-07 09:30:00,0,0.08515493,0.16547859,0.9856403,0.9685938,0.31140104,0.60777843,0.23076786
2015-01-07 10:00:00,0,0.08878371,0.16227925,0.9856821,0.9685938,0.56114006,0.6694238,0.23273765
2015-01-07 10:30:00,0,0.08904566,0.15681791,0.9857509,0.9685938,0.42491004,0.6340182,0.2339614
2015-01-07 11:00:00,0,0.09588759,0.1498791,0.9858518,0.9685938,0.6089681,0.6783232,0.23458672
2015-01-07 11:30:00,0,0.08413379,0.1418668,0.98598284,0.9685938,0.38019517,0.61915964,0.23478763
2015-01-07 12:00:00,0,0.08492911,0.1369785,0.986132,0.9685938,0.48525855,0.64424074,0.23472668
2015-01-07 12:30:00,0,0.0870995,0.13027334,0.98627496,0.9685938,0.3983925,0.62088364,0.23453479
2015-01-07 13:00:00,0,0.08566136,0.11949897,0.9863733,0.9685938,0.447363,0.6304572,0.23430455
2015-01-07 13:30:00,0,0.08560996,0.10742414,0.98637944,0.9685938,0.3201395,0.5956342,0.23409243
2015-01-07 14:00:00,0,0.08369382,0.0962528,0.9862831,0.9685938,0.40461516,0.61393625,0.23392586
2015-01-07 14:30:00,0,0.08604978,0.09480643,0.9861697,0.9685938,0.28722826,0.58419955,0.23381191
2015-01-07 15:00:00,0,0.08974611,0.099564075,0.9860967,0.9685938,0.45019105,0.6261114,0.23374544
2015-01-07 15:30:00,0,0.085116364,0.10353804,0.9860199,0.9685938,0.3693294,0.6068703,0.2337157
2015-01-07 16:00:00,0,0.087094076,0.109433174,0.9859102,0.9685938,0.5498664,0.6534509,0.23371069
2015-01-07 16:30:00,0,0.08833117,0.10932684,0.9857544,0.9685938,0.4173672,0.62026054,0.23371981
2015-01-07 17:00:00,0,0.083178096,0.109119415,0.98556584,0.9685938,0.44622865,0.627377,0.23373497
2015-01-07 17:30:00,0,0.10432271,0.10370433,0.98538405,0.9685938,0.6486909,0.6765933,0.23375082
2015-01-07 18:00:00,0,0.10833287,0.10317981,0.9852926,0.9685938,0.6055398,0.6656515,0.23376437
2015-01-07 18:30:00,0,0.117314234,0.10191965,0.9854408,0.9685938,0.4820475,0.63450044,0.23377442
2015-01-07 19:00:00,0,0.12293107,0.09605646,0.9859962,0.9685938,0.43239847,0.6207613,0.23378088
2015-01-07 19:30:00,0,0.11546504,0.08617985,0.9870128,0.9685938,0.2678265,0.57740325,0.23378436
2015-01-07 20:00:00,0,0.10728257,0.07889271,0.9882784,0.9685938,0.29215333,0.5819796,0.23378564
2015-01-07 20:30:00,0,0.106211685,0.066218376,0.9892063,0.9685938,0.4381449,0.61554086,0.23378552
2015-01-07 21:00:00,0,0.10792813,0.054841638,0.9887539,0.9685938,0.37689108,0.59727013,0.23378469
2015-01-07 21:30:00,0,0.10802305,0.047510743,0.9873838,0.9685938,0.5345141,0.6345006,0.23378359
2015-01-07 22:00:00,0,0.10452937,0.03927183,0.9718983,0.9685938,0.5309781,0.62768555,0.23378251
2015-01-07 22:30:00,0,0.08380231,0.034509897,0.93126875,0.96556336,0.8738964,0.7013096,0.23378168
2015-01-07 23:00:00,0,0.08960302,0.034000397,0.97873276,0.9603679,0.954169,0.73181754,0.24214864
2015-01-07 23:30:00,0,0.111554384,0.033917904,0.9794662,0.9603679,0.9411429,0.72872376,0.2586826
2015-01-08 00:00:00,0,0.12098561,0.03513229,0.97948724,0.9603679,0.9575748,0.7331406,0.28200197
2015-01-08 00:30:00,0,0.12115322,0.03554368,0.9795267,0.9603679,0.88781774,0.715814,0.2996093
2015-01-08 01:00:00,0,0.12048176,0.03721118,0.9795837,0.9603679,0.8120907,0.69731337,0.30994573
2015-01-08 01:30:00,0,0.105952054,0.03827858,0.9796555,0.9603679,0.72612894,0.67610776,0.31392077
2015-01-08 02:00:00,0,0.11946873,0.038505077,0.97974086,0.9603679,0.6405434,0.6547893,0.31368497
2015-01-08 02:30:00,0,0.11253736,0.03854859,0.9798421,0.9603679,0.54115707,0.6299789,0.31133336
2015-01-08 03:00:00,0,0.1377309,0.038713574,0.97996396,0.9603679,0.50805795,0.62177587,0.30831167
2015-01-08 03:30:00,0,0.13873324,0.03883791,0.9801056,0.9603679,0.42660972,0.6014803,0.30544505
2015-01-08 04:00:00,0,0.14516903,0.038958073,0.9802628,0.9603679,0.41561976,0.59880215,0.30312443
2015-01-08 04:30:00,0,0.17697954,0.03907168,0.98042756,0.9603679,0.4099843,0.5974629,0.3014673
2015-01-08 05:00:00,0,0.13728876,0.03935957,0.98055536,0.9603679,0.41972774,0.60000265,0.29206502
2015-01-08 05:30:00,0,0.10875924,0.039440393,0.9805879,0.9603679,0.3200066,0.5751007,0.27499866
2015-01-08 06:00:00,0,0.10975717,0.04067135,0.980565,0.9603679,0.35189298,0.5833743,0.251505
2015-01-08 06:30:00,0,0.10338497,0.040970445,0.9805053,0.9603679,0.38308573,0.59123236,0.2339452
2015-01-08 07:00:00,0,0.090490684,0.039505005,0.9804335,0.9603679,0.4603653,0.6101679,0.22376788
2015-01-08 07:30:00,0,0.09664071,0.039933085,0.9803868,0.9603679,0.7237554,0.6761108,0.21998526
2015-01-08 08:00:00,0,0.10360921,0.041252136,0.9803806,0.9603679,0.757031,0.6847579,0.22039904
2015-01-08 08:30:00,0,0.109658174,0.04350567,0.9804134,0.9603679,0.7084486,0.6731839,0.22289085
2015-01-08 09:00:00,0,0.09529819,0.044235826,0.9804776,0.9603679,0.4796889,0.6161926,0.22600873
2015-01-08 09:30:00,0,0.09133066,0.04535985,0.9805689,0.9603679,0.42157537,0.601968,0.22893171
2015-01-08 10:00:00,0,0.08436767,0.04520583,0.98068786,0.9603679,0.29595265,0.57055354,0.23127772
2015-01-08 10:30:00,0,0.08452783,0.04590392,0.9808373,0.9603679,0.256843,0.56098807,0.2329394
2015-01-08 11:00:00,0,0.08740023,0.044700384,0.98102015,0.9603679,0.5082144,0.62357575,0.23396671
2015-01-08 11:30:00,0,0.08350853,0.044235587,0.9812347,0.9603679,0.26050663,0.5615862,0.23448616
2015-01-08 12:00:00,0,0.08403871,0.043840647,0.98146915,0.9603679,0.27222812,0.5644765,0.23464699
2015-01-08 12:30:00,0,0.08488638,0.045007348,0.981693,0.9603679,0.44435313,0.6078554,0.23458803
2015-01-08 13:00:00,0,0.08728211,0.04503846,0.98184526,0.9603679,0.42656896,0.6034551,0.23442052
2015-01-08 13:30:00,0,0.086027674,0.045460224,0.9818324,0.9603679,0.38700727,0.593667,0.2342227
2015-01-08 14:00:00,0,0.08498076,0.0454942,0.98161584,0.9603679,0.41498977,0.60061693,0.23404185
2015-01-08 14:30:00,0,0.09314799,0.044430733,0.98134744,0.9603679,0.4841499,0.617574,0.23390065
2015-01-08 15:00:00,0,0.09562984,0.047663808,0.9811576,0.9603679,0.7138851,0.6757686,0.23380457
2015-01-08 15:30:00,0,0.08437629,0.054553628,0.98099774,0.9603679,0.6895461,0.67136633,0.23374896
2015-01-08 16:00:00,0,0.08723173,0.05527997,0.98079085,0.9603679,0.6261417,0.65564513,0.23372446
2015-01-08 16:30:00,0,0.09483097,0.054848075,0.98050445,0.9603679,0.41018075,0.6014753,0.23372078
2015-01-08 17:00:00,0,0.08293676,0.055171728,0.98017347,0.9603679,0.52789533,0.6309021,0.23372893
2015-01-08 17:30:00,0,0.10384255,0.054456115,0.9797457,0.9603679,0.6849805,0.66988754,0.23374206
2015-01-08 18:00:00,0,0.10993617,0.05453968,0.97928715,0.9603679,0.68475425,0.6697372,0.2337556
2015-01-08 18:30:00,0,0.12004458,0.055012465,0.97896075,0.9603679,0.5557651,0.6375266,0.23376714
2015-01-08 19:00:00,0,0.11986524,0.056417584,0.9790126,0.9603679,0.37737092,0.59329224,0.23377562
2015-01-08 19:30:00,0,0.12265575,0.056612134,0.9796392,0.9603679,0.2834814,0.57002515,0.23378104
2015-01-08 20:00:00,0,0.11660782,0.056812882,0.980802,0.9603679,0.26788163,0.5664661,0.23378392
2015-01-08 20:30:00,0,0.10750038,0.055033445,0.9818584,0.9603679,0.30750847,0.576192,0.23378496
2015-01-08 21:00:00,0,0.10787794,0.056462646,0.98231906,0.9603679,0.39028516,0.5973587,0.23378485
2015-01-08 21:30:00,0,0.10760657,0.058623314,0.9820648,0.9603679,0.39826047,0.5998291,0.23378412
2015-01-08 22:00:00,0,0.108205125,0.061424136,0.97653574,0.9603679,0.41301155,0.6028348,0.23378317
2015-01-08 22:30:00,0,0.10430994,0.06039393,0.9620514,0.9603679,0.60615337,0.64724165,0.23378228
2015-01-08 23:00:00,0,0.09159451,0.058867455,0.9627559,0.9546875,0.853001,0.70732796,0.23378153
2015-01-08 23:30:00,0,0.0913022,0.069004536,0.9830944,0.9546875,0.93313587,0.7349806,0.2421486
2015-01-09 00:00:00,0,0.10238478,0.07954371,0.98786175,0.98389935,0.9811906,0.7581239,0.25868264
2015-01-09 00:30:00,0,0.1196593,0.087729216,0.9878983,0.98389935,0.96907455,0.75715035,0.282002
2015-01-09 01:00:00,0,0.122046724,0.09308803,0.9879386,0.98389935,0.95351624,0.75461054,0.31031725
2015-01-09 01:30:00,0,0.12361329,0.09712827,0.9879803,0.98389935,0.93759376,0.7516504,0.34193707
2015-01-09 02:00:00,0,0.11489748,0.09829056,0.98802197,0.98389935,0.86878854,0.7347501,0.3651763
2015-01-09 02:30:00,0,0.11567276,0.10029113,0.9880642,0.98389935,0.82712024,0.72484374,0.37785384
2015-01-09 03:00:00,0,0.12256184,0.10131097,0.9881092,0.98389935,0.7371723,0.70262295,0.3815025
2015-01-09 03:30:00,0,0.11184486,0.10274124,0.98815674,0.98389935,0.6812066,0.68900096,0.37971327
2015-01-09 04:00:00,0,0.11223572,0.10346317,0.98821646,0.98389935,0.600953,0.66913295,0.37560582
2015-01-09 04:30:00,0,0.12448663,0.10450697,0.98832333,0.98389935,0.54142123,0.65453774,0.37105754
2015-01-09 05:00:00,0,0.119587906,0.10487461,0.9884797,0.98389935,0.44335076,0.6301511,0.3670187
2015-01-09 05:30:00,0,0.11161299,0.10657084,0.988617,0.98389935,0.33009294,0.60229504,0.35551497
2015-01-09 06:00:00,0,0.123406515,0.10850394,0.9886956,0.98389935,0.36092007,0.61050475,0.33681667
2015-01-09 06:30:00,0,0.10888636,0.109645605,0.9887307,0.98389935,0.47531304,0.63939714,0.31219694
2015-01-09 07:00:00,0,0.099410914,0.11890566,0.9887446,0.98389935,0.42316794,0.6286794,0.2832552
2015-01-09 07:30:00,0,0.09622278,0.12808108,0.9887505,0.98389935,0.30714303,0.60196847,0.25147423
2015-01-09 08:00:00,0,0.0935101,0.13837373,0.9887537,0.98389935,0.552209,0.6658089,0.22835165
2015-01-09 08:30:00,0,0.08956804,0.14264393,0.9887554,0.98389935,0.59490085,0.6775499,0.21592115
2015-01-09 09:00:00,0,0.08862276,0.14706528,0.98875624,0.98389935,0.5028571,0.65564454,0.21254833
2015-01-09 09:30:00,0,0.08971455,0.14284003,0.9887601,0.98389935,0.379924,0.6238559,0.21458249
2015-01-09 10:00:00,0,0.09273197,0.1455319,0.9887737,0.98389935,0.4361865,0.6385979,0.21887684
2015-01-09 10:30:00,0,0.090652436,0.14937735,0.9888037,0.98389935,0.42130652,0.63584673,0.22354926
2015-01-09 11:00:00,0,0.09873685,0.1533699,0.9888559,0.98389935,0.59328264,0.67985195,0.22765756
2015-01-09 11:30:00,0,0.090623386,0.15788114,0.9889333,0.98389935,0.49576238,0.6566191,0.23082213
2015-01-09 12:00:00,0,0.08912029,0.16182804,0.98903286,0.98389935,0.52628344,0.665261,0.23298764
2015-01-09 12:30:00,0,0.08991809,0.16293192,0.9891399,0.98389935,0.473658,0.6524073,0.23427473
2015-01-09 13:00:00,0,0.0880775,0.16139615,0.98922133,0.98389935,0.38774925,0.6305665,0.23488243
2015-01-09 13:30:00,0,0.08606286,0.16094327,0.9892246,0.98389935,0.41274047,0.63670194,0.23502488
2015-01-09 14:00:00,0,0.08438014,0.15945935,0.9891149,0.98389935,0.3729748,0.6263621,0.23489285
2015-01-09 14:30:00,0,0.08933379,0.15604115,0.9889614,0.98389935,0.33418944,0.61577284,0.23463474
2015-01-09 15:00:00,0,0.0823507,0.14380348,0.9888781,0.98389935,0.35965592,0.6190592,0.23435195
2015-01-09 15:30:00,0,0.08347686,0.13693798,0.98887116,0.98389935,0.48612782,0.6489591,0.23410352
2015-01-09 16:00:00,0,0.08956088,0.13231587,0.9888812,0.98389935,0.42459908,0.6324239,0.23391552
2015-01-09 16:30:00,0,0.0957624,0.13225889,0.9888426,0.98389935,0.33902884,0.61100745,0.23379177
2015-01-09 17:00:00,0,0.08459745,0.13022065,0.98871803,0.98389935,0.5416261,0.661116,0.23372342
2015-01-09 17:30:00,0,0.10224453,0.12768817,0.9885196,0.98389935,0.7021736,0.7005702,0.23369639
2015-01-09 18:00:00,0,0.11678769,0.12713504,0.98831314,0.98389935,0.7918981,0.7228114,0.23369609
2015-01-09 18:30:00,0,0.14497273,0.12792242,0.98823047,0.98389935,0.8232388,0.7308228,0.23371017
2015-01-09 19:00:00,0,0.19774349,0.12625933,0.988447,0.98389935,0.8063865,0.726248,0.2337296
2015-01-09 19:30:00,0,0.21754529,0.13201356,0.9890731,0.98389935,0.83601403,0.73525,0.23374861
2015-01-09 20:00:00,0,0.12036616,0.12888074,0.9899873,0.98389935,0.62193185,0.6811748,0.23376422
2015-01-09 20:30:00,0,0.106152795,0.120292544,0.99072623,0.98389935,0.33384562,0.60719097,0.23377538
2015-01-09 21:00:00,0,0.10672466,0.11505759,0.9905222,0.98389935,0.3511093,0.6101471,0.23378225
2015-01-09 21:30:00,0,0.10891867,0.111144066,0.9881599,0.98389935,0.3230145,0.60155445,0.2337857
2015-01-09 22:00:00,0,0.11533338,0.1087811,0.98149073,0.98389935,0.40270022,0.6192178,0.23378675
2015-01-09 22:30:00,0,0.118784234,0.10612917,0.9753828,0.98389935,0.38140425,0.6117039,0.23378633
2015-01-09 23:00:00,0,0.11894833,0.09831929,0.9817992,0.98389935,0.31596556,0.59499586,0.23378515
2015-01-09 23:30:00,0,0.12243454,0.083931565,0.9956012,0.98389935,0.49819988,0.64040804,0.2337838
2015-01-10 00:00:00,0,0.1147082,0.07661581,0.9920248,0.9730919,0.34609497,0.59695685,0.23378254
2015-01-10 00:30:00,0,0.10892527,0.06507087,0.9908958,0.9473779,0.2501958,0.56338507,0.23378158
2015-01-10 01:00:00,0,0.09601893,0.055673003,0.98902845,0.91733533,0.3519322,0.5784923,0.23378094
2015-01-10 01:30:00,0,0.08449772,0.048181057,0.9701769,0.89262676,0.37836805,0.5723382,0.23378058
2015-01-10 02:00:00,0,0.08709988,0.04461515,0.95005345,0.89262676,0.35018858,0.559371,0.23378044
2015-01-10 02:30:00,0,0.10008837,0.04347968,0.8940811,0.89262676,0.4243371,0.5636312,0.23378044
2015-01-10 03:00:00,0,0.10387563,0.04197347,0.82420844,0.89262676,0.44620967,0.5512546,0.23378052
2015-01-10 03:30:00,0,0.12015642,0.04136145,0.8237502,0.89262676,0.4147772,0.5431289,0.23378062
2015-01-10 04:00:00,0,0.12275753,0.043434978,0.8228398,0.89262676,0.32843795,0.5218349,0.2337807
2015-01-10 04:30:00,0,0.11254042,0.045081973,0.8239123,0.89262676,0.5343765,0.5739994,0.23378076
2015-01-10 05:00:00,0,0.11918628,0.044979453,0.8244133,0.89262676,0.41798067,0.5450001,0.23378082
2015-01-10 05:30:00,0,0.117317304,0.04550922,0.8247984,0.89262676,0.38834012,0.5378187,0.23378086
2015-01-10 06:00:00,0,0.12141266,0.046786666,0.8530821,0.89262676,0.3796647,0.54304004,0.23378088
2015-01-10 06:30:00,0,0.11000228,0.04298687,0.89625823,0.89262676,0.3840833,0.5539888,0.23378088
2015-01-10 07:00:00,0,0.11839019,0.041300535,0.82445073,0.89262676,0.4238397,0.5455544,0.23378088
2015-01-10 07:30:00,0,0.110235386,0.039089203,0.8239771,0.89262676,0.32680446,0.5206244,0.23378088
2015-01-10 08:00:00,0,0.119829506,0.04176593,0.8234176,0.89262676,0.48140654,0.5598042,0.23378088
2015-01-10 08:30:00,0,0.112066604,0.047210813,0.82283527,0.89262676,0.32112715,0.52095,0.23378088
2015-01-10 09:00:00,0,0.102661334,0.047756195,0.8236123,0.89262676,0.4184285,0.5456059,0.23378088
2015-01-10 09:30:00,0,0.085516304,0.047332525,0.82637525,0.89262676,0.71073514,0.6192674,0.23378088
2015-01-10 10:00:00,0,0.08519865,0.043722987,0.82878035,0.89262676,0.53982717,0.5762393,0.23378088
2015-01-10 10:30:00,0,0.09003779,0.04321456,0.8305893,0.89262676,0.7470184,0.62836224,0.23378088
2015-01-10 11:00:00,0,0.09579573,0.042411566,0.8316505,0.89262676,0.79031223,0.6392503,0.23378088
2015-01-10 11:30:00,0,0.10494603,0.042069197,0.9471271,0.9299557,0.9364034,0.7138889,0.24214844
2015-01-10 12:00:00,0,0.10562676,0.041722894,0.9471309,0.9299557,0.93163323,0.7126107,0.25868276
2015-01-10 12:30:00,0,0.10490588,0.04215586,0.97006005,0.96512556,0.9658513,0.7357982,0.2820023
2015-01-10 13:00:00,0,0.10672952,0.04294896,0.97006154,0.96512556,0.9268118,0.72623694,0.31031752
2015-01-10 13:30:00,0,0.10452183,0.043366075,0.9700633,0.96512556,0.88296896,0.71538097,0.33149317
2015-01-10 14:00:00,0,0.102878615,0.043480515,0.97006625,0.96512556,0.763735,0.68560183,0.34356937
2015-01-10 14:30:00,0,0.10716149,0.04479885,0.9700702,0.96512556,0.86762786,0.7119056,0.3476837
2015-01-10 15:00:00,0,0.10653611,0.048147082,0.9700743,0.96512556,0.92357993,0.7267317,0.35509157
2015-01-10 15:30:00,0,0.10900626,0.0556736,0.970078,0.96752924,0.97209936,0.74134505,0.3664255
2015-01-10 16:00:00,0,0.105397426,0.06487203,0.9700819,0.96752924,0.96881413,0.7428243,0.381737
2015-01-10 16:30:00,0,0.0974905,0.06794548,0.97008777,0.96752924,0.83173376,0.70932406,0.39022508
2015-01-10 17:00:00,0,0.10452062,0.070014,0.9700963,0.96752924,0.7991532,0.7016982,0.39294326
2015-01-10 17:30:00,0,0.113959976,0.07570779,0.9701066,0.96752924,0.9190469,0.7330976,0.3922352
2015-01-10 18:00:00,0,0.1455245,0.082612514,0.97011864,0.96752924,0.95714444,0.7443512,0.38864002
2015-01-10 18:30:00,0,0.15087734,0.085222006,0.9701297,0.96752924,0.9196379,0.73562974,0.3831383
2015-01-10 19:00:00,0,0.24037468,0.08898759,0.97013456,0.9695543,0.9393857,0.74201554,0.37677512
2015-01-10 19:30:00,0,0.14927477,0.08938265,0.97012174,0.9695543,0.8863012,0.72884,0.3700061
2015-01-10 20:00:00,0,0.23552008,0.10140848,0.97550905,0.9695543,0.98017293,0.7566612,0.3746021
2015-01-10 20:30:00,0,0.11623318,0.102261305,0.9754999,0.9695543,0.80873644,0.714013,0.37901056
2015-01-10 21:00:00,0,0.1076802,0.10037053,0.97548467,0.9695543,0.67811584,0.6808814,0.37350658
2015-01-10 21:30:00,0,0.11734815,0.09967077,0.9754709,0.9695543,0.8308786,0.71889365,0.36028442
2015-01-10 22:00:00,0,0.13196997,0.10015237,0.97547036,0.9695543,0.87690735,0.7305211,0.3415319
2015-01-10 22:30:00,0,0.21013102,0.10026014,0.97547716,0.9695543,0.91138303,0.73916864,0.3369304
2015-01-10 23:00:00,0,0.25424027,0.10156226,0.9754553,0.9695543,0.9184904,0.74126554,0.34583434
2015-01-10 23:30:00,0,0.26069832,0.10225153,0.9753857,0.9695543,0.91874444,0.74148405,0.35684517
2015-01-11 00:00:00,0,0.14451523,0.10210621,0.97535974,0.9931064,0.96148866,0.7580153,0.3682948
2015-01-11 00:30:00,0,0.1155377,0.10170305,0.9753389,0.9931064,0.75135446,0.7053757,0.36837187
2015-01-11 01:00:00,0,0.10738475,0.10096228,0.97532403,0.9931064,0.7090664,0.69461477,0.3564205
2015-01-11 01:30:00,0,0.09878735,0.10074961,0.9753169,0.9931064,0.5469305,0.65402585,0.34533727
2015-01-11 02:00:00,0,0.09144784,0.100634694,0.97531915,0.9931064,0.56211853,0.6577947,0.32776824
2015-01-11 02:30:00,0,0.08215135,0.0999676,0.9753336,0.9931064,0.4923694,0.64019424,0.3163699
2015-01-11 03:00:00,0,0.09809287,0.098736644,0.97536206,0.9931064,0.4357751,0.62574506,0.3110821
2015-01-11 03:30:00,0,0.109372094,0.097890496,0.9754009,0.9931064,0.3495706,0.6039921,0.30988038
2015-01-11 04:00:00,0,0.12164237,0.100685954,0.97543633,0.9931064,0.24764079,0.5792174,0.31088313
2015-01-11 04:30:00,0,0.12345369,0.10098863,0.97545195,0.9931064,0.3719838,0.6103827,0.30529493
2015-01-11 05:00:00,0,0.11286151,0.10116565,0.97544515,0.9931064,0.37735075,0.611767,0.29263923
2015-01-11 05:30:00,0,0.11919934,0.101148486,0.97543055,0.9931064,0.3395907,0.60231906,0.27346215
2015-01-11 06:00:00,0,0.11452857,0.1006968,0.9754312,0.9931064,0.4113246,0.6201397,0.24893354
2015-01-11 06:30:00,0,0.112330385,0.0981909,0.97546965,0.9931064,0.37546596,0.6105582,0.23111962
2015-01-11 07:00:00,0,0.111790255,0.09793961,0.9755653,0.9931064,0.48889163,0.6388757,0.22130574
2015-01-11 07:30:00,0,0.11498391,0.0973829,0.97573674,0.9931064,0.42047212,0.62167454,0.21819456
2015-01-11 08:00:00,0,0.124491856,0.09698701,0.9759999,0.9931064,0.47063437,0.6341819,0.21928191
2015-01-11 08:30:00,0,0.122119665,0.095198035,0.97634923,0.9931064,0.24746208,0.5780289,0.22230406
2015-01-11 09:00:00,0,0.121549904,0.09709716,0.976732,0.9931064,0.3028494,0.5924462,0.22578633
2015-01-11 09:30:00,0,0.103356056,0.097352505,0.9770551,0.9931064,0.41228467,0.61994964,0.22893186
2015-01-11 10:00:00,0,0.09839133,0.09757769,0.97723,0.9931064,0.29600888,0.5909807,0.23139341
2015-01-11 10:30:00,0,0.08469792,0.098150015,0.97721374,0.9931064,0.65586704,0.68108433,0.23309703
2015-01-11 11:00:00,0,0.08354995,0.097189784,0.9795807,0.9931064,0.52696365,0.64921016,0.23412092
2015-01-11 11:30:00,0,0.096009105,0.09337163,0.9807004,0.9931064,0.7623418,0.70738006,0.23461343
2015-01-11 12:00:00,0,0.092163764,0.089318156,0.99040633,0.9931064,0.6312141,0.67601126,0.23473895
2015-01-11 12:30:00,0,0.10324505,0.085308194,0.9808215,0.9931064,0.8547473,0.72849584,0.2346458
2015-01-11 13:00:00,0,0.10369164,0.08238566,0.9760669,0.9931064,0.8090574,0.7151541,0.2344502
2015-01-11 13:30:00,0,0.09479841,0.07822096,0.97788996,0.9931064,0.6645414,0.6784397,0.23423214
2015-01-11 14:00:00,0,0.09084688,0.07678497,0.98217726,0.9931064,0.4532889,0.62633944,0.23403864
2015-01-11 14:30:00,0,0.090223745,0.072377324,0.9856706,0.9931064,0.40987596,0.61525756,0.2338909
2015-01-11 15:00:00,0,0.084605545,0.06259465,0.9889952,0.9931064,0.32487354,0.59239244,0.23379283
2015-01-11 15:30:00,0,0.0899546,0.04944408,0.9751728,0.9931064,0.60396737,0.6554227,0.23373802
2015-01-11 16:00:00,0,0.0879927,0.04501891,0.9741941,0.9931064,0.64965534,0.66549367,0.23371579
2015-01-11 16:30:00,0,0.09388558,0.04651344,0.9732467,0.9931064,0.80220085,0.7037668,0.23371474
2015-01-11 17:00:00,0,0.09248119,0.046624184,0.9729413,0.9931064,0.728962,0.6854085,0.23372518
2015-01-11 17:30:00,0,0.09327133,0.044928074,0.985405,0.9931064,0.44638377,0.6174558,0.23373991
2015-01-11 18:00:00,0,0.09385617,0.044884562,0.9802058,0.9931064,0.28723046,0.5763568,0.23375456
2015-01-11 18:30:00,0,0.08983093,0.041942835,0.98759425,0.9931064,0.28377172,0.57660383,0.23376675
2015-01-11 19:00:00,0,0.082451895,0.03873086,0.9787526,0.9931064,0.437123,0.6119282,0.23377563
2015-01-11 19:30:00,0,0.084735215,0.035566807,0.97705394,0.9931064,0.5122758,0.62950075,0.23378128
2015-01-11 20:00:00,0,0.092400804,0.034166098,0.8937785,0.9931064,0.77994394,0.67524874,0.23378424
2015-01-11 20:30:00,0,0.10016718,0.035351396,0.91828036,0.9931064,0.8766316,0.7058425,0.23378526
2015-01-11 21:00:00,0,0.09834318,0.0356313,0.9420394,0.9931064,0.8883893,0.7147916,0.23378502
2015-01-11 21:30:00,0,0.09957627,0.038083673,0.922748,0.9931064,0.8290824,0.6957551,0.23378414
2015-01-11 22:00:00,0,0.10287888,0.038757563,0.9629052,0.9931064,0.84991986,0.7111722,0.23378308
2015-01-11 22:30:00,0,0.1094651,0.037670016,0.9821811,0.9931064,0.8877564,0.7251785,0.23378211
2015-01-11 23:00:00,0,0.10314369,0.034194946,0.98908067,0.9931064,0.6480472,0.6661073,0.23378138
2015-01-11 23:30:00,0,0.12124999,0.03369987,0.9965365,0.9974969,0.976433,0.7510416,0.24214846
2015-01-12 00:00:00,0,0.109903954,0.03165996,0.9925202,0.9974969,0.86605763,0.72193366,0.24859005
2015-01-12 00:30:00,0,0.11515327,0.030295253,0.9890331,0.9974969,0.84698224,0.71595186,0.25257435
2015-01-12 01:00:00,0,0.11309491,0.032019973,0.9758296,0.9974969,0.8351402,0.7101217,0.25446308
2015-01-12 01:30:00,0,0.12145485,0.032165408,0.977276,0.9974969,0.7476688,0.68865174,0.25488183
2015-01-12 02:00:00,0,0.11250299,0.030407548,0.9604244,0.9974969,0.67354345,0.6654681,0.25444084
2015-01-12 02:30:00,0,0.1221461,0.030691743,0.9290587,0.9974969,0.58264494,0.63497305,0.25361595
2015-01-12 03:00:00,0,0.14578566,0.033388734,0.8943224,0.9974969,0.51172113,0.6092323,0.25272423
2015-01-12 03:30:00,0,0.19749421,0.02979505,0.89419085,0.9974969,0.50439286,0.6064689,0.25194457
2015-01-12 04:00:00,0,0.14526442,0.02345395,0.89394915,0.9974969,0.43610153,0.5877504,0.2513538
2015-01-12 04:30:00,0,0.15264367,0.023222685,0.89357513,0.9974969,0.41251528,0.5817025,0.25096205
2015-01-12 05:00:00,0,0.12318187,0.024602652,0.8930479,0.9974969,0.38562822,0.57519394,0.25074214
2015-01-12 05:30:00,0,0.10606362,0.025403619,0.89232147,0.9974969,0.24926758,0.5411224,0.24228358
2015-01-12 06:00:00,0,0.113016024,0.030930758,0.891341,0.9974969,0.24858269,0.5420878,0.2358352
2015-01-12 06:30:00,0,0.10968417,0.032351017,0.89634657,0.9974969,0.5489943,0.6187972,0.23189072
2015-01-12 07:00:00,0,0.100190915,0.032744527,0.8884176,0.9974969,0.63051516,0.6372935,0.23006016
2015-01-12 07:30:00,0,0.082839325,0.03243375,0.8912919,0.9974969,0.8758866,0.6992773,0.22969966
2015-01-12 08:00:00,0,0.09111267,0.03372872,0.89028555,0.9974969,0.8987941,0.70507634,0.23018916
2015-01-12 08:30:00,0,0.09059497,0.037075758,0.8940232,0.9974969,0.83443236,0.69075704,0.23104906
2015-01-12 09:00:00,0,0.08313904,0.036535144,0.8956265,0.9974969,0.6852611,0.6537299,0.23196273
2015-01-12 09:30:00,0,0.08464113,0.03663051,0.8945962,0.9974969,0.6207142,0.63735944,0.23275357
2015-01-12 10:00:00,0,0.08775956,0.036094546,0.8906584,0.9974969,0.42494112,0.58729774,0.23334785
2015-01-12 10:30:00,0,0.09014905,0.03641188,0.8888028,0.9974969,0.36290973,0.57140535,0.23373842
2015-01-12 11:00:00,0,0.094458565,0.03614652,0.89034796,0.9974969,0.25585166,0.5449608,0.23395485
2015-01-12 11:30:00,0,0.08472153,0.039327383,0.9143139,0.9974969,0.42126742,0.59310144,0.23404169
2015-01-12 12:00:00,0,0.083676256,0.038888574,0.95087975,0.9974969,0.4893536,0.6191547,0.23404442
2015-01-12 12:30:00,0,0.08671521,0.0388304,0.9283942,0.9974969,0.2829143,0.56190896,0.2340015
2015-01-12 13:00:00,0,0.089543395,0.03779316,0.89036137,0.9974969,0.24739937,0.5432627,0.23394124
2015-01-12 13:30:00,0,0.08511486,0.0368073,0.89043593,0.9974969,0.31098634,0.5589316,0.23388185
2015-01-12 14:00:00,0,0.0866161,0.037711143,0.89107823,0.9974969,0.25845775,0.546186,0.23383294
2015-01-12 14:30:00,0,0.083580986,0.038748622,0.8920294,0.9974969,0.45973992,0.5970037,0.23379786
2015-01-12 15:00:00,0,0.09238917,0.041434526,0.8936702,0.9974969,0.6494886,0.6455226,0.23377617
2015-01-12 15:30:00,0,0.08840696,0.044905066,0.89552325,0.9974969,0.28901452,0.5567349,0.23376532
2015-01-12 16:00:00,0,0.09070786,0.045998693,0.8968719,0.9974969,0.31654692,0.5642286,0.2337621
2015-01-12 16:30:00,0,0.10316946,0.044551253,0.89665705,0.9974969,0.39255983,0.58281624,0.23376353
2015-01-12 17:00:00,0,0.08567951,0.042159677,0.89272714,0.9974969,0.33057415,0.5657395,0.23376721
2015-01-12 17:30:00,0,0.08961786,0.041784644,0.8855665,0.9974969,0.26007456,0.5462307,0.23377149
2015-01-12 18:00:00,0,0.10169203,0.0422498,0.8853375,0.9974969,0.2609933,0.54651934,0.23377536
2015-01-12 18:30:00,0,0.11023686,0.04153633,0.88904095,0.9974969,0.27266508,0.5501848,0.23377836
2015-01-12 19:00:00,0,0.1028703,0.041014552,0.89899397,0.9974969,0.38626984,0.5809438,0.2337804
2015-01-12 19:30:00,0,0.09632805,0.04111755,0.96478015,0.9974969,0.51580757,0.62980056,0.23378158
2015-01-12 20:00:00,0,0.09835928,0.039369464,0.98881257,0.9974969,0.43431485,0.61499846,0.2337821
2015-01-12 20:30:00,0,0.084534325,0.03574395,0.99223536,0.9974969,0.6213278,0.661701,0.23378216
2015-01-12 21:00:00,0,0.08896399,0.0347414,0.9898663,0.9974969,0.5273838,0.6373721,0.23378198
2015-01-12 21:30:00,0,0.08522536,0.03486538,0.9951945,0.9974969,0.59479266,0.6555873,0.2337817
2015-01-12 22:00:00,0,0.083912045,0.0372715,0.9981171,0.9974969,0.5298901,0.6406939,0.23378141
2015-01-12 22:30:00,0,0.099007264,0.03641796,0.99916947,0.9974969,0.7016795,0.68369097,0.23378117
2015-01-12 23:00:00,0,0.108608454,0.035795808,0.99946743,0.9974969,0.7203983,0.68828964,0.233781
2015-01-12 23:30:00,0,0.12014513,0.039490104,0.99034494,0.867744,0.7029824,0.65014035,0.23378086
2015-01-13 00:00:00,0,0.11280606,0.04478693,0.9901176,0.867744,0.33075088,0.55834985,0.2337808
2015-01-13 00:30:00,0,0.11701377,0.044423938,0.9887216,0.867744,0.3293802,0.5575675,0.23378079
2015-01-13 01:00:00,0,0.11424096,0.04312098,0.97434354,0.867744,0.40320045,0.57210225,0.23378079
2015-01-13 01:30:00,0,0.11539444,0.043329358,0.93800753,0.867744,0.34753868,0.5491549,0.2337808
2015-01-13 02:00:00,0,0.11846117,0.043315887,0.8867171,0.867744,0.31064746,0.5271061,0.23378082
2015-01-13 02:30:00,0,0.12157335,0.04325688,0.8860628,0.867744,0.3260895,0.5307883,0.23378085
2015-01-13 03:00:00,0,0.17415844,0.043310046,0.8841153,0.867744,0.3272168,0.53059655,0.23378086
2015-01-13 03:30:00,0,0.18246399,0.043280482,0.8814,0.867744,0.29635787,0.5221956,0.23378086
2015-01-13 04:00:00,0,0.15147467,0.043276906,0.8783272,0.867744,0.27856225,0.5169776,0.23378088
2015-01-13 04:30:00,0,0.19411245,0.043130755,0.8698141,0.867744,0.32278877,0.5258694,0.23378088
2015-01-13 05:00:00,0,0.13667677,0.0423553,0.8632326,0.867744,0.35526958,0.5321504,0.23378088
2015-01-13 05:30:00,0,0.10960537,0.04061663,0.8631319,0.867744,0.2608512,0.5080859,0.23378088
2015-01-13 06:00:00,0,0.114148915,0.04129505,0.92416245,0.867744,0.35338852,0.5466475,0.23378088
2015-01-13 06:30:00,0,0.11012611,0.04462576,0.9676279,0.867744,0.31125855,0.5478141,0.23378088
2015-01-13 07:00:00,0,0.09752301,0.04585278,0.9938408,0.867744,0.35421342,0.56541276,0.23378088
2015-01-13 07:30:00,0,0.09185363,0.045072556,0.99199975,0.8498059,0.7438734,0.6576879,0.23378088
2015-01-13 08:00:00,0,0.10273044,0.04277253,0.9710477,0.8406952,0.74613774,0.6501633,0.23378088
2015-01-13 08:30:00,0,0.102743685,0.039369345,0.8374224,0.8406952,0.64587575,0.59084064,0.23378088
2015-01-13 09:00:00,0,0.095699385,0.03804958,0.8298521,0.8406952,0.5386162,0.5618033,0.23378088
2015-01-13 09:30:00,0,0.0927766,0.041413188,0.8316471,0.8406952,0.5335748,0.56183255,0.23378088
2015-01-13 10:00:00,0,0.08301223,0.040334225,0.8334233,0.8406952,0.4681853,0.54565954,0.23378088
2015-01-13 10:30:00,0,0.08476256,0.040501475,0.8352879,0.8406952,0.48809242,0.55114424,0.23378088
2015-01-13 11:00:00,0,0.08568251,0.042588353,0.83728594,0.8406952,0.39995378,0.5301308,0.23378088
2015-01-13 11:30:00,0,0.08950852,0.04254794,0.83935165,0.8406952,0.5872973,0.57747304,0.23378088
2015-01-13 12:00:00,0,0.08970994,0.042232394,0.8412901,0.8406952,0.52458304,0.5622002,0.23378088
2015-01-13 12:30:00,0,0.0837809,0.042827725,0.8427691,0.8406952,0.38495916,0.5278128,0.23378088
2015-01-13 13:00:00,0,0.08345228,0.0423609,0.8433132,0.8406952,0.3266871,0.5132641,0.23378088
2015-01-13 13:30:00,0,0.08362013,0.04079497,0.8423909,0.8406952,0.41939417,0.5358188,0.23378088
2015-01-13 14:00:00,0,0.088264175,0.04053271,0.83983415,0.8406952,0.38677752,0.5269599,0.23378088
2015-01-13 14:30:00,0,0.095278844,0.041587114,0.8364087,0.8406952,0.631359,0.5875125,0.23378088
2015-01-13 15:00:00,0,0.09545502,0.04278803,0.8333329,0.84122396,0.6982311,0.603894,0.23378088
2015-01-13 15:30:00,0,0.08576963,0.047126174,0.83066696,0.84122396,0.6425095,0.5903816,0.23378088
2015-01-13 16:00:00,0,0.08502757,0.047274947,0.82811207,0.84122396,0.5683915,0.5712506,0.23378088
2015-01-13 16:30:00,0,0.10179946,0.043601394,0.8257302,0.84122396,0.28898692,0.49988562,0.23378088
2015-01-13 17:00:00,0,0.08442414,0.041314363,0.82367045,0.84122396,0.30505213,0.5028152,0.23378088
2015-01-13 17:30:00,0,0.09519821,0.04080689,0.82295537,0.84122396,0.38072124,0.52142686,0.23378088
2015-01-13 18:00:00,0,0.10684431,0.03870678,0.824909,0.84122396,0.42504865,0.5324721,0.23378088
2015-01-13 18:30:00,0,0.1143785,0.0367589,0.8310725,0.84122396,0.3959624,0.5262545,0.23378088
2015-01-13 19:00:00,0,0.1155257,0.036128163,0.8419184,0.84122396,0.34793267,0.51680076,0.23378088
2015-01-13 19:30:00,0,0.11052521,0.03547728,0.8533362,0.84122396,0.29236546,0.50560075,0.23378088
2015-01-13 20:00:00,0,0.107738495,0.034115195,0.8538488,0.84122396,0.407063,0.53406274,0.23378088
2015-01-13 20:30:00,0,0.106519714,0.031305432,0.85328734,0.84122396,0.44565335,0.54286754,0.23378088
2015-01-13 21:00:00,0,0.1054072,0.032421708,0.82056975,0.84122396,0.38943654,0.520913,0.23378088
2015-01-13 21:30:00,0,0.10973176,0.031125307,0.788911,0.84122396,0.3683716,0.50740796,0.23378088
2015-01-13 22:00:00,0,0.10145265,0.028049827,0.91023564,0.84122396,0.2506979,0.50755185,0.23378088
2015-01-13 22:30:00,0,0.08916045,0.029628873,0.9605481,0.84122396,0.500137,0.58288443,0.23378088
2015-01-13 23:00:00,0,0.08786183,0.030993104,0.97549474,0.84122396,0.72063315,0.64208627,0.23378088
2015-01-13 23:30:00,0,0.103049114,0.03089106,0.8618381,0.84122396,0.61982226,0.5884439,0.23378088
2015-01-14 00:00:00,0,0.11697705,0.027864337,0.8621425,0.84122396,0.65361595,0.5962117,0.23378088
2015-01-14 00:30:00,0,0.12689045,0.02643907,0.8625874,0.84122396,0.53942704,0.56741935,0.23378088
2015-01-14 01:00:00,0,0.12289113,0.02466774,0.86318094,0.84122396,0.44334912,0.5431054,0.23378088
2015-01-14 01:30:00,0,0.116885394,0.024149418,0.8639167,0.84122396,0.39183685,0.5302817,0.23378088
2015-01-14 02:00:00,0,0.10996184,0.023953915,0.864789,0.84122396,0.35337526,0.5208355,0.23378088
2015-01-14 02:30:00,0,0.11981293,0.023913741,0.86581033,0.84122396,0.31777436,0.51218057,0.23378088
2015-01-14 03:00:00,0,0.113180034,0.023835659,0.8669496,0.84122396,0.2643474,0.49908915,0.23378088
2015-01-14 03:30:00,0,0.1217866,0.023800611,0.8680102,0.84122396,0.26897815,0.50050324,0.23378088
2015-01-14 04:00:00,0,0.121672235,0.023773193,0.8686405,0.84122396,0.26460546,0.49956077,0.23378088
2015-01-14 04:30:00,0,0.13791278,0.023742437,0.868599,0.84122396,0.2904552,0.5060051,0.23378088
2015-01-14 05:00:00,0,0.12174943,0.02332735,0.8681043,0.84122396,0.33104992,0.51592636,0.23378088
2015-01-14 05:30:00,0,0.10686318,0.022730589,0.8676651,0.84122396,0.25274375,0.49609083,0.23378088
2015-01-14 06:00:00,0,0.11051855,0.022211194,0.86751753,0.84122396,0.34722796,0.5195452,0.23378088
2015-01-14 06:30:00,0,0.10269905,0.023079634,0.86755025,0.84122396,0.35624868,0.52202564,0.23378088
2015-01-14 07:00:00,0,0.091864415,0.023347616,0.95296115,0.84122396,0.3504081,0.5419852,0.23378088
2015-01-14 07:30:00,0,0.09556049,0.023620605,0.945366,0.84122396,0.663608,0.61845464,0.23378088
2015-01-14 08:00:00,0,0.10428841,0.022845626,0.8848631,0.84122396,0.5716363,0.58014226,0.23378088
2015-01-14 08:30:00,0,0.102421574,0.022317171,0.8678622,0.84122396,0.5446324,0.56900895,0.23378088
2015-01-14 09:00:00,0,0.0951744,0.022660732,0.8680205,0.84122396,0.4874878,0.55484825,0.23378088
2015-01-14 09:30:00,0,0.09099046,0.022359371,0.8682799,0.84122396,0.360659,0.52313054,0.23378088
2015-01-14 10:00:00,0,0.08598314,0.02305162,0.8687035,0.84122396,0.274228,0.5018018,0.23378088
2015-01-14 10:30:00,0,0.08570481,0.022974372,0.8693563,0.84122396,0.2977728,0.5078319,0.23378088
2015-01-14 11:00:00,0,0.086264074,0.023815274,0.8702772,0.84122396,0.34143728,0.51918846,0.23378088
2015-01-14 11:30:00,0,0.08391114,0.023617506,0.87144727,0.84122396,0.31264955,0.51223457,0.23378088
2015-01-14 12:00:00,0,0.083711505,0.023249626,0.8727589,0.84122396,0.29070225,0.5069837,0.23378088
2015-01-14 12:30:00,0,0.08549448,0.02257955,0.87399715,0.84122396,0.32350942,0.5153275,0.23378088
2015-01-14 13:00:00,0,0.08641983,0.02291727,0.87481534,0.84122396,0.4103342,0.5373227,0.23378088
2015-01-14 13:30:00,0,0.084168665,0.02396667,0.87476754,0.84122396,0.24720669,0.4967912,0.23378088
2015-01-14 14:00:00,0,0.083658144,0.025459766,0.87369764,0.84122396,0.26294044,0.5008305,0.23378088
2015-01-14 14:30:00,0,0.08808261,0.028401375,0.87231666,0.84122396,0.2957159,0.50941443,0.23378088
2015-01-14 15:00:00,0,0.088578254,0.0274719,0.87125176,0.77459675,0.4047584,0.5195197,0.23378088
2015-01-14 15:30:00,0,0.08434191,0.02658987,0.8702215,0.77459675,0.38555282,0.51424026,0.23378088
2015-01-14 16:00:00,0,0.09244383,0.02703607,0.8689435,0.77459675,0.3216886,0.49806625,0.23378088
2015-01-14 16:30:00,0,0.10359201,0.02802658,0.86725795,0.77459675,0.2890207,0.4897255,0.23378088
2015-01-14 17:00:00,0,0.08630789,0.028289199,0.865214,0.77459675,0.315685,0.49594623,0.23378088
2015-01-14 17:30:00,0,0.09869026,0.026927471,0.86301786,0.77459675,0.29721296,0.49043876,0.23378088
2015-01-14 18:00:00,0,0.10506867,0.02639544,0.86560404,0.77459675,0.36882067,0.5088542,0.23378088
2015-01-14 18:30:00,0,0.10797331,0.02765894,0.8608373,0.77459675,0.27860135,0.48542356,0.23378088
2015-01-14 19:00:00,0,0.114638284,0.028558016,0.86349833,0.77459675,0.28183872,0.48712295,0.23378088
2015-01-14 19:30:00,0,0.112676114,0.027952194,0.8704328,0.77459675,0.32512528,0.49952674,0.23378088
2015-01-14 20:00:00,0,0.10803827,0.029141426,0.8816185,0.77459675,0.56224316,0.56189996,0.23378088
2015-01-14 20:30:00,0,0.1098555,0.031293392,0.89445704,0.77459675,0.5013279,0.55041873,0.23378088
2015-01-14 21:00:00,0,0.10548503,0.031641245,0.9047435,0.77459675,0.453563,0.54113615,0.23378088
2015-01-14 21:30:00,0,0.109999746,0.030791402,0.8942327,0.77459675,0.5483917,0.56200314,0.23378088
2015-01-14 22:00:00,0,0.103285804,0.029373288,0.83868134,0.77459675,0.40220833,0.5112149,0.23378088
2015-01-14 22:30:00,0,0.09142774,0.029656649,0.8495985,0.77459675,0.74713993,0.600248,0.23378088
2015-01-14 23:00:00,0,0.086091325,0.028705835,0.94120866,0.89949685,0.87793297,0.68683606,0.23378088
2015-01-14 23:30:00,0,0.09924179,0.027503848,0.94316125,0.89949685,0.8297919,0.6749885,0.23378088
2015-01-15 00:00:00,0,0.11366876,0.027049303,0.94321734,0.9064078,0.90781426,0.69612217,0.23378088
2015-01-15 00:30:00,0,0.12053433,0.026670098,0.94332254,0.9064078,0.82215786,0.6746396,0.23378088
2015-01-15 01:00:00,0,0.12044233,0.027178526,0.94347435,0.9064078,0.73235524,0.652354,0.23378088
2015-01-15 01:30:00,0,0.117618494,0.027251244,0.94366604,0.9064078,0.62706995,0.62609875,0.23378088
2015-01-15 02:00:00,0,0.114762,0.027107954,0.9438938,0.9064078,0.5483081,0.6064294,0.23378088
2015-01-15 02:30:00,0,0.120990545,0.027136922,0.944164,0.9064078,0.49747744,0.59379655,0.23378088
2015-01-15 03:00:00,0,0.1162745,0.027068734,0.94448906,0.9064078,0.41357973,0.57288635,0.23378088
2015-01-15 03:30:00,0,0.12141395,0.027073503,0.9448675,0.9064078,0.38132194,0.5649177,0.23378088
2015-01-15 04:00:00,0,0.118389145,0.027084589,0.9452876,0.9064078,0.33693326,0.55392826,0.23378088
2015-01-15 04:30:00,0,0.12930612,0.027054548,0.94572806,0.9064078,0.3440802,0.55581766,0.23378088
2015-01-15 05:00:00,0,0.12139793,0.027141094,0.94607,0.9064078,0.35733727,0.55923903,0.23378088
2015-01-15 05:30:00,0,0.10534142,0.027775526,0.9461572,0.9064078,0.28132966,0.54041755,0.23378088
2015-01-15 06:00:00,0,0.11031506,0.028682232,0.9459898,0.9064078,0.35697114,0.55951273,0.23378088
2015-01-15 06:30:00,0,0.10238124,0.029782891,0.9456865,0.9064078,0.327077,0.5522385,0.23378088
2015-01-15 07:00:00,0,0.09025532,0.032256603,0.94537526,0.9064078,0.37195194,0.56399786,0.23378088
2015-01-15 07:30:00,0,0.08947421,0.031737328,0.9451438,0.9064078,0.6040269,0.6218289,0.23378088
2015-01-15 08:00:00,0,0.10278821,0.031781435,0.9450251,0.9064078,0.5596247,0.6107097,0.23378088
2015-01-15 08:30:00,0,0.10354348,0.031644464,0.945021,0.9064078,0.5410268,0.606025,0.23378088
2015-01-15 09:00:00,0,0.09731081,0.03131628,0.9450933,0.9064078,0.4006634,0.57087016,0.23378088
2015-01-15 09:30:00,0,0.08882054,0.03103745,0.94522554,0.9064078,0.367255,0.56248146,0.23378088
2015-01-15 10:00:00,0,0.086454585,0.03156805,0.9454146,0.9064078,0.37579846,0.5647972,0.23378088
2015-01-15 10:30:00,0,0.08455336,0.03183651,0.94566625,0.9064078,0.29235142,0.5440655,0.23378088
2015-01-15 11:00:00,0,0.08754195,0.03199601,0.9460173,0.9064078,0.5088308,0.598313,0.23378088
2015-01-15 11:30:00,0,0.08401679,0.031948566,0.94651365,0.9064078,0.30026203,0.546283,0.23378088
2015-01-15 12:00:00,0,0.083587915,0.032054186,0.94705814,0.9064078,0.25075108,0.5340678,0.23378088
2015-01-15 12:30:00,0,0.08631153,0.03164494,0.94758373,0.9064078,0.40679464,0.5731078,0.23378088
2015-01-15 13:00:00,0,0.08811332,0.031989813,0.94795376,0.9064078,0.50104403,0.59684885,0.23378088
2015-01-15 13:30:00,0,0.08520716,0.03363526,0.9479661,0.9064078,0.3115612,0.54989254,0.23378088
2015-01-15 14:00:00,0,0.0843382,0.033851027,0.9475712,0.9064078,0.31275517,0.5501463,0.23378088
2015-01-15 14:30:00,0,0.08581528,0.032055855,0.94715595,0.9064078,0.27403858,0.53991455,0.23378088
2015-01-15 15:00:00,0,0.08781684,0.031870842,0.94696254,0.9064078,0.42139053,0.5766579,0.23378088
2015-01-15 15:30:00,0,0.08612916,0.03467238,0.9468129,0.9064078,0.42831683,0.57905245,0.23378088
2015-01-15 16:00:00,0,0.09117439,0.034880042,0.9465144,0.9064078,0.38756,0.56884056,0.23378088
2015-01-15 16:30:00,0,0.09782302,0.03467703,0.9459339,0.9064078,0.2788337,0.5414631,0.23378088
2015-01-15 17:00:00,0,0.08510484,0.034323573,0.94504875,0.9064078,0.24521314,0.5327483,0.23378088
2015-01-15 17:30:00,0,0.091388255,0.03358364,0.94390655,0.9064078,0.30288544,0.5466959,0.23378088
2015-01-15 18:00:00,0,0.104690105,0.034099936,0.9426842,0.9064078,0.41946077,0.57566315,0.23378088
2015-01-15 18:30:00,0,0.109812304,0.033909798,0.94181526,0.9064078,0.33401033,0.5540358,0.23378088
2015-01-15 19:00:00,0,0.114455566,0.03452158,0.9419531,0.9064078,0.25252634,0.5338522,0.23378088
2015-01-15 19:30:00,0,0.11200683,0.03417313,0.9436223,0.9064078,0.30171344,0.54647917,0.23378088
2015-01-15 20:00:00,0,0.113736674,0.033241153,0.9467303,0.9064078,0.24500859,0.5328469,0.23378088
2015-01-15 20:30:00,0,0.104554944,0.0328604,0.9495651,0.9064078,0.29028583,0.5447798,0.23378088
2015-01-15 21:00:00,0,0.112128004,0.031771302,0.95080477,0.9064078,0.25563988,0.53615594,0.23378088
2015-01-15 21:30:00,0,0.110211566,0.032722592,0.95012045,0.9064078,0.31375307,0.550751,0.23378088
2015-01-15 22:00:00,0,0.10916317,0.03763926,0.9318404,0.9064078,0.302267,0.5445386,0.23378088
2015-01-15 22:30:00,0,0.10375015,0.039521575,0.9084977,0.9064078,0.42887115,0.57082456,0.23378088
2015-01-15 23:00:00,0,0.105437025,0.038264155,0.9189611,0.9064078,0.5782705,0.6104759,0.23378088
2015-01-15 23:30:00,0,0.08380916,0.038791656,0.95697886,0.9064078,0.7112395,0.65335447,0.23378088
2015-01-16 00:00:00,0,0.10352496,0.039428115,0.9574911,0.94789314,0.9347078,0.71988004,0.24214844
2015-01-16 00:30:00,0,0.103139006,0.04076171,0.95761514,0.94789314,0.89989907,0.71154225,0.2485903
2015-01-16 01:00:00,0,0.12098364,0.041018724,0.9577519,0.94789314,0.8892518,0.7089789,0.2525747
2015-01-16 01:30:00,0,0.11011516,0.04047668,0.9578937,0.94789314,0.86773145,0.7034987,0.25446346
2015-01-16 02:00:00,0,0.123455144,0.039794445,0.9580354,0.94789314,0.756278,0.6755003,0.2548822
2015-01-16 02:30:00,0,0.118065365,0.03965187,0.95817876,0.94789314,0.68148154,0.65680134,0.25444108
2015-01-16 03:00:00,0,0.1091378,0.03966558,0.95833135,0.94789314,0.5831915,0.6322704,0.25361615
2015-01-16 03:30:00,0,0.11836213,0.039710164,0.9584931,0.94789314,0.6000925,0.6365472,0.25272435
2015-01-16 04:00:00,0,0.116826616,0.03987682,0.9586964,0.94789314,0.44414768,0.5976535,0.25194463
2015-01-16 04:30:00,0,0.12175356,0.040193915,0.9590601,0.94789314,0.38418368,0.5828327,0.25135383
2015-01-16 05:00:00,0,0.11409234,0.040100694,0.95959187,0.94789314,0.35982746,0.5768533,0.25096205
2015-01-16 05:30:00,0,0.10878979,0.03966832,0.9600596,0.94789314,0.24382803,0.5478623,0.25074214
2015-01-16 06:00:00,0,0.112008564,0.039437413,0.96032786,0.94789314,0.26965746,0.554329,0.24228358
2015-01-16 06:30:00,0,0.10981994,0.036311984,0.9604474,0.94789314,0.48392972,0.60714555,0.2358352
2015-01-16 07:00:00,0,0.09878012,0.038168907,0.9604946,0.94789314,0.58967847,0.6340588,0.23189072
2015-01-16 07:30:00,0,0.08924516,0.038675666,0.96051466,0.94789314,0.8444295,0.69787824,0.23006016
2015-01-16 08:00:00,0,0.095818475,0.038807273,0.9605257,0.94789314,0.8132963,0.6901306,0.22969966
2015-01-16 08:30:00,0,0.09565438,0.04548776,0.96053165,0.94789314,0.7483364,0.6755622,0.23018916
2015-01-16 09:00:00,0,0.09007921,0.053256392,0.96053416,0.94789314,0.5803196,0.63550085,0.23104906
2015-01-16 09:30:00,0,0.084504575,0.051564693,0.96054745,0.94789314,0.5102913,0.61757416,0.23196273
2015-01-16 10:00:00,0,0.08263047,0.048847914,0.96059376,0.94789314,0.32221165,0.5698866,0.23275357
2015-01-16 10:30:00,0,0.08684175,0.04860592,0.960696,0.94789314,0.25414637,0.55283535,0.23334785
2015-01-16 11:00:00,0,0.09081157,0.049057364,0.96087414,0.94789314,0.42319718,0.5952555,0.23373842
2015-01-16 11:30:00,0,0.08484431,0.04945743,0.96113837,0.94789314,0.26432505,0.5557035,0.23395485
2015-01-16 12:00:00,0,0.08452002,0.049259067,0.9614784,0.94789314,0.25770378,0.5540836,0.23404169
2015-01-16 12:30:00,0,0.083850324,0.04921782,0.9618439,0.94789314,0.28779447,0.56168735,0.23404442
2015-01-16 13:00:00,0,0.08661286,0.048884034,0.9621222,0.94789314,0.3528827,0.57794553,0.2340015
2015-01-16 13:30:00,0,0.08504986,0.04910183,0.96213317,0.94789314,0.2979144,0.5642606,0.23394124
2015-01-16 14:00:00,0,0.08849168,0.04936123,0.96175843,0.94789314,0.3814801,0.5851232,0.23388185
2015-01-16 14:30:00,0,0.08890686,0.04895401,0.9612344,0.94789314,0.4758649,0.6084866,0.23383294
2015-01-16 15:00:00,0,0.09010247,0.04800117,0.9609498,0.94789314,0.524487,0.6203328,0.23379786
2015-01-16 15:30:00,0,0.08462831,0.047490835,0.9609262,0.94789314,0.44037586,0.5991715,0.23377617
2015-01-16 16:00:00,0,0.090193674,0.046464086,0.96096045,0.94789314,0.42439824,0.594929,0.23376532
2015-01-16 16:30:00,0,0.10347023,0.045580506,0.9608288,0.94789314,0.28613433,0.5601092,0.2337621
2015-01-16 17:00:00,0,0.08443886,0.046619058,0.960404,0.94789314,0.31217963,0.56677395,0.23376353
2015-01-16 17:30:00,0,0.10377613,0.04948628,0.9597279,0.94789314,0.67287415,0.6574954,0.23376721
2015-01-16 18:00:00,0,0.10738978,0.0505476,0.959025,0.94789314,0.6947961,0.66306543,0.23377149
2015-01-16 18:30:00,0,0.13319145,0.051240325,0.958744,0.94789314,0.7709611,0.6822096,0.23377536
2015-01-16 19:00:00,0,0.19471134,0.053557992,0.95948076,0.94789314,0.80881333,0.69243634,0.23377836
2015-01-16 19:30:00,0,0.21351047,0.058082104,0.96161544,0.94789314,0.8365767,0.7010418,0.2337804
2015-01-16 20:00:00,0,0.14417332,0.05848992,0.964745,0.94789314,0.76613504,0.68431574,0.23378158
2015-01-16 20:30:00,0,0.11887181,0.054931283,0.96728534,0.94789314,0.66655153,0.6591653,0.2337821
2015-01-16 21:00:00,0,0.12173727,0.053355098,0.96658295,0.94789314,0.60896415,0.64419883,0.23378216
2015-01-16 21:30:00,0,0.12010761,0.053174734,0.95850384,0.94789314,0.6118927,0.64286613,0.23378198
2015-01-16 22:00:00,0,0.13198547,0.050792575,0.93879247,0.94789314,0.6292287,0.6416767,0.2337817
2015-01-16 22:30:00,0,0.14413175,0.04930377,0.91974634,0.94789314,0.5814116,0.6245887,0.23378141
2015-01-16 23:00:00,0,0.12557194,0.045286536,0.93976873,0.94789314,0.42743823,0.59009665,0.23378117
2015-01-16 23:30:00,0,0.1200025,0.039165974,0.9849547,0.94789314,0.56745297,0.6348667,0.233781
2015-01-17 00:00:00,0,0.11402074,0.031178951,0.9799962,0.9181841,0.46225873,0.5979045,0.23378086
2015-01-17 00:30:00,0,0.11026237,0.027351618,0.9772036,0.8910988,0.26186696,0.53938025,0.2337808
2015-01-17 01:00:00,0,0.09700217,0.029152632,0.97535545,0.8910988,0.32832372,0.5559826,0.23378079
2015-01-17 01:30:00,0,0.0848768,0.030217767,0.9387308,0.8910988,0.3739314,0.5584947,0.23378079
2015-01-17 02:00:00,0,0.090547346,0.03147447,0.8953011,0.8910988,0.44249666,0.5650928,0.2337808
2015-01-17 02:30:00,0,0.10081023,0.03213966,0.82512224,0.8910988,0.37835732,0.5316795,0.23378082
2015-01-17 03:00:00,0,0.104045,0.030571103,0.8247993,0.8910988,0.37686297,0.53083307,0.23378085
2015-01-17 03:30:00,0,0.12040147,0.030670762,0.82434225,0.8910988,0.38111508,0.5318067,0.23378086
2015-01-17 04:00:00,0,0.12052409,0.034507632,0.8234342,0.8910988,0.27584735,0.506222,0.23378086
2015-01-17 04:30:00,0,0.11478589,0.035942197,0.8264451,0.8910988,0.41583988,0.5423315,0.23378088
2015-01-17 05:00:00,0,0.113365546,0.037073016,0.84024924,0.8910988,0.3766729,0.5362735,0.23378088
2015-01-17 05:30:00,0,0.1172814,0.036807418,0.8482034,0.8910988,0.33398485,0.52752364,0.23378088
2015-01-17 06:00:00,0,0.116708025,0.035909534,0.857329,0.8910988,0.34030086,0.5311595,0.23378088
2015-01-17 06:30:00,0,0.10805944,0.034484863,0.9439769,0.8910988,0.37344548,0.5607515,0.23378088
2015-01-17 07:00:00,0,0.10700663,0.031767845,0.98910636,0.8910988,0.5423347,0.6135769,0.23378088
2015-01-17 07:30:00,0,0.11674819,0.027589083,0.97577286,0.8910988,0.45631087,0.58769286,0.23378088
2015-01-17 08:00:00,0,0.120848455,0.030519128,0.94732445,0.8910988,0.47320345,0.5855365,0.23378088
2015-01-17 08:30:00,0,0.10769149,0.03576386,0.8213758,0.8910988,0.4446035,0.5482105,0.23378088
2015-01-17 09:00:00,0,0.10339709,0.037681937,0.8242047,0.8910988,0.24740864,0.5000985,0.23378088
2015-01-17 09:30:00,0,0.096640356,0.036391616,0.8269603,0.8910988,0.44607708,0.550132,0.23378088
2015-01-17 10:00:00,0,0.091140226,0.033863425,0.829359,0.8910988,0.30781692,0.5155345,0.23378088
2015-01-17 10:30:00,0,0.08528809,0.035910845,0.83116305,0.8910988,0.42157346,0.54493654,0.23378088
2015-01-17 11:00:00,0,0.08491751,0.03636861,0.8322213,0.8910988,0.34890366,0.5271481,0.23378088
2015-01-17 11:30:00,0,0.08984623,0.036248088,0.8325031,0.8910988,0.55663484,0.57912123,0.23378088
2015-01-17 12:00:00,0,0.09492525,0.034894943,0.8321562,0.8910988,0.5955179,0.58841693,0.23378088
2015-01-17 12:30:00,0,0.10035847,0.034375668,0.8315321,0.8910988,0.67998886,0.6092489,0.23378088
2015-01-17 13:00:00,0,0.10479306,0.034228206,0.8311488,0.8910988,0.6870049,0.6108702,0.23378088
2015-01-17 13:30:00,0,0.09998336,0.033518672,0.8315406,0.8910988,0.63837767,0.59863394,0.23378088
2015-01-17 14:00:00,0,0.09110002,0.03278351,0.8328276,0.8910988,0.38871834,0.53635705,0.23378088
2015-01-17 14:30:00,0,0.094646215,0.032029748,0.8340427,0.8910988,0.48442894,0.56040007,0.23378088
2015-01-17 15:00:00,0,0.10076942,0.033874273,0.8335305,0.8910988,0.63441527,0.5982297,0.23378088
2015-01-17 15:30:00,0,0.10560275,0.034489274,0.82987976,0.8910988,0.7665844,0.6305131,0.23378088
2015-01-17 16:00:00,0,0.095493875,0.033542037,0.87151927,0.8910988,0.81051767,0.65166944,0.23378088
2015-01-17 16:30:00,0,0.08979956,0.03215158,0.8192334,0.8910988,0.70603925,0.61213076,0.23378088
2015-01-17 17:00:00,0,0.09585022,0.032157063,0.82191515,0.8910988,0.69292104,0.60952306,0.23378088
2015-01-17 17:30:00,0,0.10716035,0.03249693,0.8301603,0.8910988,0.79802316,0.6379448,0.23378088
2015-01-17 18:00:00,0,0.1050445,0.031559348,0.926708,0.8910988,0.67201364,0.630345,0.23378088
2015-01-17 18:30:00,0,0.12022963,0.0306499,0.95115554,0.8910988,0.79652125,0.6673564,0.23378088
2015-01-17 19:00:00,0,0.1628652,0.030579567,0.9308375,0.9378737,0.87480754,0.6935246,0.23378088
2015-01-17 19:30:00,0,0.118764795,0.030590534,0.8497902,0.9378737,0.7172001,0.6338636,0.23378088
2015-01-17 20:00:00,0,0.105208576,0.030542493,0.84976375,0.9378737,0.34112498,0.5398262,0.23378088
2015-01-17 20:30:00,0,0.10360853,0.029135227,0.8497013,0.9378737,0.26644152,0.52078795,0.23378088
2015-01-17 21:00:00,0,0.10180487,0.028829932,0.849589,0.9378737,0.2802308,0.5241309,0.23378088
2015-01-17 21:30:00,0,0.106165506,0.028149366,0.84946674,0.9378737,0.4286683,0.5610395,0.23378088
2015-01-17 22:00:00,0,0.104100235,0.030106902,0.8493703,0.9378737,0.5118273,0.5822945,0.23378088
2015-01-17 22:30:00,0,0.1227787,0.030647516,0.8492407,0.9378737,0.56199616,0.59493953,0.23378088
2015-01-17 23:00:00,0,0.12023967,0.031030536,0.89452523,0.9378737,0.49042198,0.5884629,0.23378088
2015-01-17 23:30:00,0,0.11955248,0.030746222,0.9010358,0.9378737,0.45909712,0.5821882,0.23378088
2015-01-18 00:00:00,0,0.11852412,0.029585004,0.9035482,0.9824112,0.90082604,0.7040926,0.23378088
2015-01-18 00:30:00,0,0.10868959,0.02959621,0.90921265,0.9824112,0.60512227,0.6315856,0.23378088
2015-01-18 01:00:00,0,0.11015462,0.030402422,0.87703216,0.9824112,0.5157629,0.60140216,0.23378088
2015-01-18 01:30:00,0,0.095148966,0.030386329,0.84954053,0.9824112,0.46471956,0.5817644,0.23378088
2015-01-18 02:00:00,0,0.09088652,0.028369308,0.84728765,0.9824112,0.59715366,0.6138055,0.23378088
2015-01-18 02:30:00,0,0.086729825,0.030074716,0.84713304,0.9824112,0.61189705,0.617879,0.23378088
2015-01-18 03:00:00,0,0.098530434,0.030181885,0.84697044,0.9824112,0.500975,0.5901346,0.23378088
2015-01-18 03:30:00,0,0.103347555,0.030281901,0.84669715,0.9824112,0.48349124,0.58572036,0.23378088
2015-01-18 04:00:00,0,0.116147846,0.030658484,0.8462275,0.9824112,0.3943766,0.56341845,0.23378088
2015-01-18 04:30:00,0,0.122597344,0.025541782,0.84555554,0.9824112,0.33554995,0.5472646,0.23378088
2015-01-18 05:00:00,0,0.11276948,0.025794864,0.84471536,0.9824112,0.3011243,0.53851146,0.23378088
2015-01-18 05:30:00,0,0.11737887,0.025925994,0.84372884,0.9824112,0.3194363,0.5428756,0.23378088
2015-01-18 06:00:00,0,0.11976392,0.025760889,0.8426312,0.9824112,0.37853512,0.5573346,0.23378088
2015-01-18 06:30:00,0,0.118586615,0.025651455,0.86954165,0.9824112,0.49527264,0.5932192,0.23378088
2015-01-18 07:00:00,0,0.116975576,0.025689363,0.8404973,0.9824112,0.5440566,0.5981636,0.23378088
2015-01-18 07:30:00,0,0.11393386,0.025491714,0.84031075,0.9824112,0.53256816,0.5951955,0.23378088
2015-01-18 08:00:00,0,0.11732782,0.025201082,0.841175,0.9824112,0.43864682,0.5718585,0.23378088
2015-01-18 08:30:00,0,0.121393755,0.02555716,0.8424544,0.9824112,0.33337498,0.54594946,0.23378088
2015-01-18 09:00:00,0,0.12192276,0.026732206,0.8440332,0.9824112,0.29680967,0.53749657,0.23378088
2015-01-18 09:30:00,0,0.100437306,0.031887293,0.8456486,0.9824112,0.49131083,0.58781445,0.23378088
2015-01-18 10:00:00,0,0.09484622,0.032348275,0.8470033,0.9824112,0.5330485,0.5987028,0.23378088
2015-01-18 10:30:00,0,0.090888605,0.033049345,0.89111567,0.9824112,0.8575326,0.69102716,0.23378088
2015-01-18 11:00:00,0,0.094375975,0.033181667,0.91961324,0.9824112,0.8953494,0.70763886,0.23378088
2015-01-18 11:30:00,0,0.10628762,0.03462577,0.9679116,0.9824112,0.9577906,0.7356848,0.24214844
2015-01-18 12:00:00,0,0.10438051,0.036170483,0.9679079,0.9824112,0.95262134,0.7347777,0.25868276
2015-01-18 12:30:00,0,0.10491478,0.037813544,0.96790254,0.9824112,0.9255579,0.7284213,0.2820023
2015-01-18 13:00:00,0,0.1029433,0.04029417,0.9678955,0.9824112,0.9413419,0.7329857,0.31031752
2015-01-18 13:30:00,0,0.1039664,0.0408082,0.96788734,0.9824112,0.9170145,0.7270303,0.3419373
2015-01-18 14:00:00,0,0.106875636,0.043622136,0.9678783,0.9824112,0.86685485,0.7151916,0.36517653
2015-01-18 14:30:00,0,0.103300415,0.05497873,0.9776829,0.9824112,0.9691739,0.7460617,0.38823363
2015-01-18 15:00:00,0,0.109803736,0.060554743,0.97769016,0.9824112,0.9219765,0.73565817,0.41084385
2015-01-18 15:30:00,0,0.09178796,0.059869647,0.977698,0.9824112,0.716749,0.6841819,0.42216578
2015-01-18 16:00:00,0,0.08374685,0.05767286,0.97770613,0.9824112,0.57991314,0.6494258,0.4243587
2015-01-18 16:30:00,0,0.08312002,0.058252335,0.9777144,0.9824112,0.6146986,0.65826917,0.42153695
2015-01-18 17:00:00,0,0.084980205,0.056651354,0.97772276,0.9824112,0.30717853,0.58099097,0.41682604
2015-01-18 17:30:00,0,0.08352903,0.053889632,0.97773015,0.9824112,0.26485032,0.5697203,0.40360844
2015-01-18 18:00:00,0,0.08376349,0.053834915,0.977734,0.9824112,0.42329922,0.60931987,0.38292488
2015-01-18 18:30:00,0,0.099095784,0.05224645,0.9777284,0.9824112,0.38757527,0.59999037,0.35647163
2015-01-18 19:00:00,0,0.0869295,0.051264763,0.97770315,0.9824112,0.7694893,0.6952171,0.32605305
2015-01-18 19:30:00,0,0.09739763,0.057532668,0.97764367,0.9824112,0.92576706,0.73583865,0.30127743
2015-01-18 20:00:00,0,0.10218111,0.067489386,0.97753817,0.9824112,0.9092393,0.7341695,0.28376427
2015-01-18 20:30:00,0,0.09692766,0.07462549,0.977404,0.9824112,0.8122059,0.7116617,0.26458952
2015-01-18 21:00:00,0,0.097953066,0.08296192,0.9773183,0.9824112,0.86218274,0.7262186,0.24412225
2015-01-18 21:30:00,0,0.098313145,0.090211034,0.97737545,0.9824112,0.75619954,0.7015493,0.23361236
2015-01-18 22:00:00,0,0.0886229,0.09089553,0.97758794,0.9824112,0.4084404,0.6148338,0.23137082
2015-01-18 22:30:00,0,0.10132717,0.09278619,0.97788686,0.9824112,0.46078026,0.6284661,0.23368955
2015-01-18 23:00:00,0,0.10851939,0.093383074,0.9781873,0.9824112,0.5374625,0.647861,0.23773837
2015-01-18 23:30:00,0,0.10219672,0.09524453,0.9905992,0.9824112,0.7908926,0.7147869,0.24195129
2015-01-19 00:00:00,0,0.11252081,0.096009254,0.9854211,0.9769001,0.26412094,0.5806129,0.24558234
2015-01-19 00:30:00,0,0.12116159,0.09902346,0.9789761,0.9769001,0.2997072,0.5886517,0.24834764
2015-01-19 01:00:00,0,0.1254165,0.10390794,0.9791724,0.9769001,0.3290703,0.5972627,0.25022408
2015-01-19 01:30:00,0,0.11872012,0.109743,0.98024243,0.9769001,0.31870133,0.5963967,0.24326684
2015-01-19 02:00:00,0,0.11621726,0.114938736,0.97944814,0.9769001,0.3264845,0.59944284,0.23750776
2015-01-19 02:30:00,0,0.10954716,0.12023175,0.97948414,0.9769001,0.2655263,0.5855356,0.23364085
2015-01-19 03:00:00,0,0.110703446,0.12487769,0.97924656,0.9769001,0.3084999,0.59738106,0.23153682
2015-01-19 03:30:00,0,0.120560355,0.13455927,0.9785503,0.9769001,0.2881445,0.59453857,0.2307697
2015-01-19 04:00:00,0,0.12155461,0.13794863,0.9774914,0.9769001,0.2814502,0.59344757,0.23085892
2015-01-19 04:30:00,0,0.11834969,0.139539,0.97646755,0.9769001,0.29137474,0.59607035,0.23139329
2015-01-19 05:00:00,0,0.12145534,0.14104533,0.97592807,0.9769001,0.3782546,0.61803204,0.23207657
2015-01-19 05:30:00,0,0.11197406,0.14147305,0.9760035,0.9769001,0.5537124,0.66202223,0.23272587
2015-01-19 06:00:00,0,0.116925985,0.15603328,0.97650015,0.9769001,0.7980048,0.7268596,0.23324929
2015-01-19 06:30:00,0,0.116660915,0.16917372,0.9771712,0.9769001,0.923779,0.761756,0.24198626
2015-01-19 07:00:00,0,0.11909102,0.19480538,0.98974425,0.9769001,0.9861835,0.78690827,0.25874442
2015-01-19 07:30:00,0,0.11009018,0.22243297,0.99368566,0.98894614,0.9913146,0.79909486,0.28217104
2015-01-19 08:00:00,0,0.12287925,0.26878774,0.9942041,0.9914141,0.99026066,0.81116664,0.32556567
2015-01-19 08:30:00,0,0.10950215,0.30115306,0.9942046,0.9914141,0.952429,0.8098002,0.3814443
2015-01-19 09:00:00,0,0.103525385,0.33538997,0.9942052,0.9914141,0.9257614,0.81169266,0.44230255
2015-01-19 09:30:00,0,0.10413547,0.3492278,0.9942058,0.9914141,0.7296701,0.76612943,0.5044772
2015-01-19 10:00:00,0,0.10365292,0.35931492,0.9942061,0.9914141,0.6768089,0.755436,0.567167
2015-01-19 10:30:00,0,0.10128267,0.36864638,0.9942063,0.9914141,0.38490978,0.6847942,0.6300753
2015-01-19 11:00:00,0,0.10107271,0.3717277,0.9942063,0.9914141,0.43930784,0.69916403,0.693084
2015-01-19 11:30:00,0,0.08962019,0.36035156,0.9942063,0.9914141,0.27351958,0.6548729,0.7561393
2015-01-19 12:00:00,0,0.08701586,0.34765363,0.99420655,0.9914141,0.2831809,0.6541138,0.81921196
2015-01-19 12:30:00,0,0.08585068,0.34368622,0.994207,0.9914141,0.4693334,0.6996602,0.8739164
2015-01-19 13:00:00,0,0.08437544,0.32985175,0.994208,0.9914141,0.46114594,0.6941549,0.9204419
2015-01-19 13:30:00,0,0.083777875,0.32844746,0.99420965,0.9914141,0.47295213,0.6967558,0.96016043
2015-01-19 14:00:00,0,0.08455967,0.3323195,0.99421173,0.9914141,0.3172822,0.65880686,0.9797981
2015-01-19 14:30:00,0,0.084274784,0.3120743,0.9942141,0.9914141,0.3839211,0.6704059,0.9868625
2015-01-19 15:00:00,0,0.08473582,0.30507195,0.9942154,0.9914141,0.3530722,0.6609434,0.9888749
2015-01-19 15:30:00,0,0.08362641,0.31634533,0.9942147,0.9914141,0.5611839,0.7157895,0.98950666
2015-01-19 16:00:00,0,0.0848923,0.3300748,0.9942121,0.9914141,0.569115,0.721204,0.98955894
2015-01-19 16:30:00,0,0.08317395,0.34145093,0.99420905,0.9914141,0.49799374,0.70626694,0.98932076
2015-01-19 17:00:00,0,0.083488144,0.35330212,0.99420846,0.9914141,0.25793865,0.6492158,0.9888963
2015-01-19 17:30:00,0,0.0833684,0.3601607,0.9942133,0.9914141,0.40480268,0.6876477,0.98831946
2015-01-19 18:00:00,0,0.09064997,0.3606938,0.9942263,0.9914141,0.64139545,0.7469324,0.9875935
2015-01-19 18:30:00,0,0.09290094,0.35360062,0.9942479,0.9914141,0.77541643,0.7786698,0.9867034
2015-01-19 19:00:00,0,0.08458428,0.35675728,0.9942721,0.9914141,0.8884891,0.8077332,0.985619
2015-01-19 19:30:00,0,0.08587282,0.3541609,0.9942872,0.9914141,0.93180954,0.81791794,0.98476833
2015-01-19 20:00:00,0,0.09001982,0.36491978,0.9942907,0.9914141,0.9534941,0.82602966,0.98417354
2015-01-19 20:30:00,0,0.09241,0.3888502,0.9942814,0.9914141,0.9633686,0.8344786,0.9838295
2015-01-19 21:00:00,0,0.10344306,0.41609812,0.994265,0.9914141,0.9792614,0.84525967,0.9837164
2015-01-19 21:30:00,0,0.10245234,0.44393575,0.99425054,0.9914141,0.97319996,0.85070014,0.983808
2015-01-19 22:00:00,0,0.09871835,0.47095454,0.9942433,0.9914141,0.96219695,0.85470223,0.9840804
2015-01-19 22:30:00,0,0.10249481,0.49516082,0.99425226,0.9914141,0.90622365,0.84676266,0.9843698
2015-01-19 23:00:00,0,0.119887665,0.53097045,0.99431384,0.9914141,0.9289561,0.8614136,0.9848383
2015-01-19 23:30:00,0,0.12295262,0.5703373,0.9944918,0.9914141,0.92464775,0.87022275,0.9854915
2015-01-20 00:00:00,0,0.111226045,0.5937005,0.9944049,0.9914141,0.8677533,0.8618182,0.9862098
2015-01-20 00:30:00,0,0.11448566,0.5997546,0.99430746,0.9914141,0.7434097,0.83222145,0.9870105
2015-01-20 01:00:00,0,0.11723939,0.5995785,0.99422246,0.9914141,0.64472437,0.80748487,0.98792356
2015-01-20 01:30:00,0,0.119227216,0.58225596,0.99416214,0.9914141,0.530327,0.7745398,0.98851633
2015-01-20 02:00:00,0,0.11356391,0.57892466,0.9941473,0.9914141,0.40604827,0.7426336,0.98875713
2015-01-20 02:30:00,0,0.138628,0.5761832,0.99418503,0.9914141,0.38825426,0.73750913,0.9886345
2015-01-20 03:00:00,0,0.21186426,0.5735903,0.9942946,0.9914141,0.36743382,0.7316832,0.9881423
2015-01-20 03:30:00,0,0.22629791,0.5721557,0.9945779,0.9914141,0.34036636,0.7246285,0.9872659
2015-01-20 04:00:00,0,0.18954745,0.5710914,0.9952069,0.9914141,0.31436288,0.7180188,0.9859608
2015-01-20 04:30:00,0,0.19448672,0.5717691,0.9956102,0.9914141,0.3260317,0.72120625,0.9842718
2015-01-20 05:00:00,0,0.12058416,0.57104325,0.99580526,0.9914141,0.3116493,0.717478,0.981817
2015-01-20 05:30:00,0,0.10693553,0.5669997,0.995695,0.9914141,0.24626891,0.70009446,0.97817546
2015-01-20 06:00:00,0,0.11233498,0.5696249,0.99498546,0.9914141,0.35338852,0.7273533,0.97273415
2015-01-20 06:30:00,0,0.10762498,0.53940845,0.9947695,0.9914141,0.3591924,0.7211961,0.9649587
2015-01-20 07:00:00,0,0.10181003,0.4876399,0.98961264,0.9914141,0.2663488,0.68375385,0.95287067
2015-01-20 07:30:00,0,0.08592602,0.4084984,0.98751694,0.9914141,0.53181803,0.7298119,0.9310572
2015-01-20 08:00:00,0,0.08962474,0.32316232,0.9876795,0.97887623,0.41543964,0.67628944,0.8876075
2015-01-20 08:30:00,0,0.09746146,0.27232432,0.9878473,0.97887623,0.40678963,0.6614594,0.87259656
2015-01-20 09:00:00,0,0.08822101,0.24130428,0.9880074,0.97887623,0.29502198,0.6258025,0.86663634
2015-01-20 09:30:00,0,0.084316306,0.23233128,0.9881606,0.97887623,0.25701374,0.61409545,0.8433954
2015-01-20 10:00:00,0,0.090172105,0.22541058,0.98831534,0.97887623,0.4221702,0.6536931,0.78717965
2015-01-20 10:30:00,0,0.089803495,0.22254407,0.9884807,0.97887623,0.358305,0.63705146,0.7178397
2015-01-20 11:00:00,0,0.10221613,0.22307587,0.98866105,0.97887623,0.5245668,0.67879504,0.6486272
2015-01-20 11:30:00,0,0.08917726,0.22266102,0.98885226,0.97887623,0.42172763,0.6530293,0.5825885
2015-01-20 12:00:00,0,0.08969395,0.22248673,0.98904127,0.97887623,0.551692,0.6855241,0.5201469
2015-01-20 12:30:00,0,0.08980915,0.2189523,0.9892057,0.97887623,0.54144776,0.68212044,0.46144876
2015-01-20 13:00:00,0,0.103631176,0.22645938,0.9893149,0.97887623,0.675867,0.71762943,0.4083016
2015-01-20 13:30:00,0,0.086425506,0.2250197,0.98933816,0.97887623,0.43175554,0.6562474,0.3659562
2015-01-20 14:00:00,0,0.08543108,0.22791529,0.98927563,0.97887623,0.5870238,0.69577277,0.34612742
2015-01-20 14:30:00,0,0.08514713,0.22716796,0.9891934,0.97887623,0.33586434,0.6327755,0.2985424
2015-01-20 15:00:00,0,0.08511858,0.22548735,0.9891685,0.97887623,0.28275654,0.61907214,0.24242479
2015-01-20 15:30:00,0,0.08738729,0.2168274,0.9891834,0.97887623,0.2491406,0.60850686,0.20399688
2015-01-20 16:00:00,0,0.09093693,0.20861495,0.9891917,0.97887623,0.27502853,0.61292785,0.19891529
2015-01-20 16:30:00,0,0.10299244,0.20806658,0.9892091,0.97887623,0.29623774,0.61809736,0.20738494
2015-01-20 17:00:00,0,0.085457355,0.20876372,0.9892657,0.97887623,0.2792897,0.61404884,0.21634586
2015-01-20 17:30:00,0,0.09123099,0.20582998,0.9893078,0.97887623,0.24871553,0.60568243,0.22316743
2015-01-20 18:00:00,0,0.10521001,0.19703782,0.98908186,0.97887623,0.31226668,0.6193156,0.2281804
2015-01-20 18:30:00,0,0.10744433,0.18808925,0.9879963,0.97887623,0.27782547,0.60819674,0.23179388
2015-01-20 19:00:00,0,0.105684526,0.17681396,0.98660594,0.97887623,0.56139976,0.675924,0.23420374
2015-01-20 19:30:00,0,0.10374429,0.15670538,0.9821609,0.97887623,0.66488034,0.6956557,0.23560135
2015-01-20 20:00:00,0,0.10179235,0.12917781,0.9749737,0.97887623,0.56895864,0.66299665,0.23621918
2015-01-20 20:30:00,0,0.0990754,0.10285723,0.98313534,0.97887623,0.61361134,0.66962004,0.23629434
2015-01-20 21:00:00,0,0.10439007,0.075497866,0.9820042,0.9682694,0.5605709,0.6465856,0.23603691
2015-01-20 21:30:00,0,0.104675055,0.056370974,0.98240155,0.95296955,0.546129,0.6344678,0.23561387
2015-01-20 22:00:00,0,0.0969219,0.04821837,0.97634685,0.9421722,0.5900579,0.63919884,0.23514427
2015-01-20 22:30:00,0,0.083555765,0.0490793,0.9918867,0.9421722,0.8447395,0.70696944,0.2347023
2015-01-20 23:00:00,0,0.10252032,0.045568943,0.99512607,0.90608037,0.8858588,0.7081585,0.23433441
2015-01-20 23:30:00,0,0.110595554,0.041299224,0.9513327,0.90608037,0.8741353,0.6932119,0.23405159
2015-01-21 00:00:00,0,0.11941921,0.0424881,0.9514893,0.90608037,0.87520105,0.6938147,0.23385356
2015-01-21 00:30:00,0,0.10950229,0.04244888,0.9517198,0.90608037,0.7768186,0.6692669,0.23373206
2015-01-21 01:00:00,0,0.11745404,0.041124225,0.95202714,0.90608037,0.6080406,0.62681806,0.23367362
2015-01-21 01:30:00,0,0.11001436,0.040576696,0.9524068,0.90608037,0.5216115,0.6051688,0.23366188
2015-01-21 02:00:00,0,0.11895738,0.04050994,0.9528561,0.90608037,0.4333916,0.5832095,0.23367834
2015-01-21 02:30:00,0,0.113392375,0.04047811,0.9533806,0.90608037,0.38721198,0.5717878,0.23370786
2015-01-21 03:00:00,0,0.124625765,0.040414214,0.95396715,0.90608037,0.35997123,0.56510824,0.23373915
2015-01-21 03:30:00,0,0.14970903,0.04038906,0.9545339,0.90608037,0.34771952,0.5621807,0.23376478
2015-01-21 04:00:00,0,0.1293525,0.04035473,0.9549442,0.90608037,0.30438042,0.55143994,0.23378171
2015-01-21 04:30:00,0,0.14151408,0.040326953,0.9551116,0.90608037,0.30367073,0.5512974,0.23379189
2015-01-21 05:00:00,0,0.12391588,0.04048729,0.9551135,0.90608037,0.34095293,0.5606585,0.23379207
2015-01-21 05:30:00,0,0.109378256,0.040889263,0.9551171,0.90608037,0.2871519,0.54730964,0.23378986
2015-01-21 06:00:00,0,0.1114167,0.0411551,0.9552017,0.90608037,0.36608633,0.56713086,0.23378761
2015-01-21 06:30:00,0,0.1105926,0.042206645,0.9553344,0.90608037,0.2698667,0.54337204,0.23378551
2015-01-21 07:00:00,0,0.08927026,0.040908813,0.9554685,0.90608037,0.3176942,0.555038,0.23378377
2015-01-21 07:30:00,0,0.09019285,0.04117441,0.9555906,0.90608037,0.48757166,0.5976043,0.2337824
2015-01-21 08:00:00,0,0.0944421,0.04092729,0.95570433,0.90608037,0.4516517,0.5885909,0.2337814
2015-01-21 08:30:00,0,0.10454548,0.041644692,0.9558176,0.90608037,0.5219262,0.60636723,0.23378074
2015-01-21 09:00:00,0,0.092800565,0.042120576,0.955943,0.90608037,0.34462726,0.5621928,0.23378038
2015-01-21 09:30:00,0,0.08394967,0.042765737,0.9561016,0.90608037,0.2699203,0.543717,0.23378025
2015-01-21 10:00:00,0,0.08493354,0.043191195,0.95632005,0.90608037,0.28532475,0.5477291,0.23378025
2015-01-21 10:30:00,0,0.08425274,0.04236865,0.9566255,0.90608037,0.28537896,0.5476134,0.23378037
2015-01-21 11:00:00,0,0.08934194,0.04261422,0.95703334,0.90608037,0.4601921,0.59148,0.23378049
2015-01-21 11:30:00,0,0.08631495,0.042565465,0.957535,0.90608037,0.41004682,0.5790569,0.23378062
2015-01-21 12:00:00,0,0.08557803,0.042069316,0.9580863,0.90608037,0.38306174,0.57232445,0.23378074
2015-01-21 12:30:00,0,0.08669464,0.04139793,0.95859903,0.90608037,0.48348245,0.59738994,0.23378082
2015-01-21 13:00:00,0,0.08846296,0.039548874,0.9589306,0.90608037,0.6124919,0.6292629,0.23378086
2015-01-21 13:30:00,0,0.08433783,0.039133072,0.95889413,0.90608037,0.3550428,0.56478757,0.23378088
2015-01-21 14:00:00,0,0.08420504,0.03804779,0.95840925,0.90608037,0.33284312,0.5588451,0.23378088
2015-01-21 14:30:00,0,0.08373852,0.03744054,0.9577463,0.90608037,0.24896619,0.5375584,0.23378088
2015-01-21 15:00:00,0,0.08285183,0.037484765,0.9571795,0.90608037,0.36128044,0.5655063,0.23378088
2015-01-21 15:30:00,0,0.08746173,0.036972523,0.95660925,0.90608037,0.2581822,0.5394611,0.23378088
2015-01-21 16:00:00,0,0.089900605,0.037318587,0.95589983,0.90608037,0.43410146,0.58335006,0.23378088
2015-01-21 16:30:00,0,0.09847246,0.037876725,0.954959,0.90608037,0.24562337,0.53613484,0.23378088
2015-01-21 17:00:00,0,0.08466773,0.03890896,0.95378125,0.90608037,0.28237152,0.5452855,0.23378088
2015-01-21 17:30:00,0,0.103526056,0.03620529,0.952408,0.90608037,0.4665667,0.5903151,0.23378088
2015-01-21 18:00:00,0,0.11011006,0.035161138,0.9509772,0.90608037,0.4799526,0.59304285,0.23378088
2015-01-21 18:30:00,0,0.10648088,0.03570938,0.94984657,0.90608037,0.27794096,0.54239434,0.23378088
2015-01-21 19:00:00,0,0.109523155,0.034221172,0.9497388,0.90608037,0.33394513,0.55599636,0.23378088
2015-01-21 19:30:00,0,0.105934955,0.031736612,0.95253307,0.90608037,0.5272164,0.60439163,0.23378088
2015-01-21 20:00:00,0,0.102745116,0.0317868,0.9569812,0.90608037,0.5263741,0.6053056,0.23378088
2015-01-21 20:30:00,0,0.10492884,0.032740116,0.9619989,0.90608037,0.53742695,0.60956156,0.23378088
2015-01-21 21:00:00,0,0.10512347,0.03187287,0.9659532,0.90608037,0.48077068,0.59616923,0.23378088
2015-01-21 21:30:00,0,0.104695104,0.031041145,0.96311927,0.90608037,0.61449945,0.62868506,0.23378088
2015-01-21 22:00:00,0,0.10534606,0.032182932,0.9564029,0.90608037,0.68939906,0.6460163,0.23378088
2015-01-21 22:30:00,0,0.09041767,0.033258915,0.8965553,0.90608037,0.7506951,0.64664745,0.23378088
2015-01-21 23:00:00,0,0.08935125,0.032178164,0.96258825,0.9333426,0.9206051,0.7121785,0.24214844
2015-01-21 23:30:00,0,0.11141909,0.03098166,0.9781585,0.9354806,0.93976194,0.7210957,0.25868276
2015-01-22 00:00:00,0,0.12013879,0.030230999,0.9781939,0.9423287,0.9450799,0.7239584,0.2820023
2015-01-22 00:30:00,0,0.12758388,0.029682517,0.97825855,0.9423287,0.86139995,0.7029174,0.29960966
2015-01-22 01:00:00,0,0.117435426,0.030156493,0.9783514,0.9423287,0.72684157,0.6694195,0.30994603
2015-01-22 01:30:00,0,0.11310232,0.030418277,0.9784691,0.9423287,0.65746397,0.65217,0.313921
2015-01-22 02:00:00,0,0.113511875,0.030189276,0.9786092,0.9423287,0.59457326,0.63642514,0.31368515
2015-01-22 02:30:00,0,0.11239957,0.030437589,0.97877425,0.9423287,0.5350277,0.62164205,0.31133348
2015-01-22 03:00:00,0,0.120078444,0.0305264,0.978969,0.9423287,0.43849933,0.59758085,0.30831173
2015-01-22 03:30:00,0,0.12273321,0.030681252,0.9791911,0.9423287,0.3906732,0.5857186,0.3054451
2015-01-22 04:00:00,0,0.12005369,0.030759096,0.9794383,0.9423287,0.35723403,0.57744,0.30312446
2015-01-22 04:30:00,0,0.13472052,0.030815601,0.9797096,0.9423287,0.35925952,0.5780284,0.30146733
2015-01-22 05:00:00,0,0.117308915,0.030815244,0.97995293,0.9423287,0.35131934,0.57610404,0.29206502
2015-01-22 05:30:00,0,0.10975622,0.031386614,0.98008394,0.9423287,0.30031276,0.563528,0.27499866
2015-01-22 06:00:00,0,0.11587548,0.033462882,0.98009264,0.9423287,0.41314766,0.592258,0.251505
2015-01-22 06:30:00,0,0.108881794,0.035682082,0.9800315,0.9423287,0.29179898,0.5624603,0.2339452
2015-01-22 07:00:00,0,0.100297816,0.039176464,0.9799579,0.9423287,0.27287644,0.55858487,0.22376788
2015-01-22 07:30:00,0,0.0917145,0.03960514,0.97991,0.9423287,0.6395764,0.65035504,0.21998526
2015-01-22 08:00:00,0,0.09778725,0.040106177,0.97990376,0.9423287,0.52023584,0.6206436,0.22039904
2015-01-22 08:30:00,0,0.10127979,0.039682865,0.97993726,0.9423287,0.4592129,0.6052904,0.22289085
2015-01-22 09:00:00,0,0.091346614,0.03949344,0.980003,0.9423287,0.2737549,0.558895,0.22600873
2015-01-22 09:30:00,0,0.083359554,0.039432764,0.9800965,0.9423287,0.2674009,0.55731475,0.22893171
2015-01-22 10:00:00,0,0.089581706,0.041214228,0.9802184,0.9423287,0.49357226,0.6143334,0.23127772
2015-01-22 10:30:00,0,0.0876688,0.041918516,0.9803713,0.9423287,0.39997452,0.59114826,0.2329394
2015-01-22 11:00:00,0,0.095944114,0.043466926,0.9805586,0.9423287,0.6281838,0.6486345,0.23396671
2015-01-22 11:30:00,0,0.08453238,0.04254341,0.9807782,0.9423287,0.29647613,0.5655316,0.23448616
2015-01-22 12:00:00,0,0.08500322,0.04277134,0.9810183,0.9423287,0.30896395,0.5687706,0.23464699
2015-01-22 12:30:00,0,0.08545044,0.042345524,0.9812476,0.9423287,0.401055,0.59174424,0.23458803
2015-01-22 13:00:00,0,0.08773789,0.04276216,0.98140335,0.9423287,0.6088109,0.64382625,0.23442052
2015-01-22 13:30:00,0,0.08646887,0.043270707,0.9813902,0.9423287,0.3868123,0.58845043,0.2342227
2015-01-22 14:00:00,0,0.08348225,0.0437032,0.9811685,0.9423287,0.3924354,0.58990896,0.23404185
2015-01-22 14:30:00,0,0.08479622,0.041496515,0.9808936,0.9423287,0.24835667,0.55326885,0.23390065
2015-01-22 15:00:00,0,0.08891461,0.040832877,0.98069924,0.9423287,0.43406615,0.5994817,0.23380457
2015-01-22 15:30:00,0,0.08356339,0.042414427,0.9805356,0.9423287,0.45038363,0.6039156,0.23374896
2015-01-22 16:00:00,0,0.089433305,0.041751623,0.9803239,0.9423287,0.45355645,0.60449016,0.23372446
2015-01-22 16:30:00,0,0.10237662,0.040589094,0.98000026,0.9423287,0.33761415,0.575133,0.23372078
2015-01-22 17:00:00,0,0.083596446,0.041484952,0.97954,0.9423287,0.3449573,0.57707775,0.23372893
2015-01-22 17:30:00,0,0.098413125,0.041373253,0.9789368,0.9423287,0.49710807,0.6149367,0.23374206
2015-01-22 18:00:00,0,0.10660526,0.041659236,0.97822934,0.9423287,0.4989008,0.61527956,0.2337556
2015-01-22 18:30:00,0,0.12020002,0.040744305,0.9775638,0.9423287,0.5261755,0.6217031,0.23376714
2015-01-22 19:00:00,0,0.12063383,0.041498184,0.9772151,0.9423287,0.33664525,0.57442176,0.23377562
2015-01-22 19:30:00,0,0.12428118,0.04131162,0.97749776,0.9423287,0.4177273,0.5947163,0.23378104
2015-01-22 20:00:00,0,0.11295068,0.04087007,0.9785453,0.9423287,0.24440086,0.5515362,0.23378392
2015-01-22 20:30:00,0,0.10635496,0.03924191,0.9799672,0.9423287,0.30785862,0.56734914,0.23378496
2015-01-22 21:00:00,0,0.11600907,0.03798604,0.98082983,0.9423287,0.28597042,0.5617787,0.23378485
2015-01-22 21:30:00,0,0.118114784,0.035975695,0.9804047,0.9423287,0.35625142,0.5787401,0.23378412
2015-01-22 22:00:00,0,0.1141396,0.039315343,0.97596776,0.9423287,0.24325405,0.55021644,0.23378317
2015-01-22 22:30:00,0,0.10396002,0.0417974,0.9611467,0.9423287,0.42927396,0.5936367,0.23378228
2015-01-22 23:00:00,0,0.10266422,0.040130377,0.95179164,0.9423287,0.44190443,0.5940388,0.23378153
2015-01-22 23:30:00,0,0.08478777,0.039319873,0.97482955,0.9423287,0.71309304,0.6673928,0.23378104
2015-01-23 00:00:00,0,0.10257513,0.040283322,0.96756,0.94815886,0.93505806,0.722765,0.2421483
2015-01-23 00:30:00,0,0.10340879,0.04119873,0.9578465,0.94815886,0.89982504,0.7117573,0.24859004
2015-01-23 01:00:00,0,0.12296627,0.041404724,0.9579827,0.94815886,0.8848879,0.70810854,0.2525744
2015-01-23 01:30:00,0,0.1144505,0.040967822,0.95812374,0.94815886,0.848543,0.6989483,0.2544632
2015-01-23 02:00:00,0,0.12251264,0.040325165,0.9582646,0.94815886,0.74363995,0.67259717,0.25488195
2015-01-23 02:30:00,0,0.11807885,0.040176153,0.9584072,0.94815886,0.6841522,0.6577236,0.25444093
2015-01-23 03:00:00,0,0.11034876,0.04013896,0.95855904,0.94815886,0.5925516,0.6348521,0.25361603
2015-01-23 03:30:00,0,0.1160041,0.040088534,0.95871997,0.94815886,0.54768,0.6236619,0.25272426
2015-01-23 04:00:00,0,0.11647724,0.040283084,0.95892215,0.94815886,0.4524832,0.5999618,0.2519446
2015-01-23 04:30:00,0,0.112441674,0.040609002,0.95928395,0.94815886,0.42695874,0.5937526,0.25135383
2015-01-23 05:00:00,0,0.11677246,0.040634036,0.959813,0.94815886,0.4231694,0.59294385,0.25096205
2015-01-23 05:30:00,0,0.107331604,0.040308118,0.9602783,0.94815886,0.27080506,0.5548876,0.25074214
2015-01-23 06:00:00,0,0.11028243,0.037323117,0.96054506,0.94815886,0.27144197,0.55436724,0.24228358
2015-01-23 06:30:00,0,0.11064768,0.036964774,0.960664,0.94815886,0.4440852,0.5974682,0.2358352
2015-01-23 07:00:00,0,0.09792012,0.038547873,0.96071094,0.94815886,0.5561022,0.62588,0.23189072
2015-01-23 07:30:00,0,0.092171445,0.03905523,0.96073085,0.94815886,0.89721847,0.71129084,0.23006016
2015-01-23 08:00:00,0,0.096594945,0.039261818,0.9607419,0.94815886,0.82816565,0.694082,0.22969966
2015-01-23 08:30:00,0,0.09484077,0.048799753,0.9607478,0.94815886,0.7318969,0.67240083,0.23018916
2015-01-23 09:00:00,0,0.089482985,0.058050156,0.96075034,0.94815886,0.56725335,0.63355315,0.23104906
2015-01-23 09:30:00,0,0.084734604,0.055238485,0.9607635,0.94815886,0.5158361,0.61999923,0.23196273
2015-01-23 10:00:00,0,0.086203635,0.052036285,0.9608095,0.94815886,0.2538484,0.55371326,0.23275357
2015-01-23 10:30:00,0,0.085996464,0.051406026,0.9609112,0.94815886,0.27970678,0.5600457,0.23334785
2015-01-23 11:00:00,0,0.08827529,0.051215053,0.9610885,0.94815886,0.3985301,0.58974814,0.23373842
2015-01-23 11:30:00,0,0.0854142,0.051558256,0.9613514,0.94815886,0.28763855,0.56217676,0.23395485
2015-01-23 12:00:00,0,0.08457463,0.05130899,0.96168953,0.94815886,0.34130004,0.5756144,0.23404169
2015-01-23 12:30:00,0,0.085018195,0.051271677,0.9620531,0.94815886,0.2992139,0.56517434,0.23404442
2015-01-23 13:00:00,0,0.085846,0.050567627,0.9623299,0.94815886,0.28823623,0.56232315,0.2340015
2015-01-23 13:30:00,0,0.08479665,0.05235684,0.9623409,0.94815886,0.31592116,0.56969446,0.23394124
2015-01-23 14:00:00,0,0.08729644,0.052424192,0.96196806,0.94815886,0.34778965,0.5775852,0.23388185
2015-01-23 14:30:00,0,0.09073982,0.05198288,0.96144694,0.94815886,0.45826986,0.6049647,0.23383294
2015-01-23 15:00:00,0,0.08963898,0.051271558,0.9611637,0.94815886,0.49594125,0.61413383,0.23379786
2015-01-23 15:30:00,0,0.085500084,0.050871015,0.9611402,0.94815886,0.40548316,0.5914133,0.23377617
2015-01-23 16:00:00,0,0.08816316,0.04982364,0.96117437,0.94815886,0.38949856,0.58716387,0.23376532
2015-01-23 16:30:00,0,0.09288067,0.048995137,0.9610434,0.94815886,0.34960645,0.57695097,0.2337621
2015-01-23 17:00:00,0,0.08421327,0.050341725,0.9606207,0.94815886,0.44332406,0.6006113,0.23376353
2015-01-23 17:30:00,0,0.105410464,0.05123198,0.9599482,0.94815886,0.56909037,0.6321074,0.23376721
2015-01-23 18:00:00,0,0.10725253,0.050075054,0.9592491,0.94815886,0.610701,0.642046,0.23377149
2015-01-23 18:30:00,0,0.12181119,0.04911244,0.95896953,0.94815886,0.5923368,0.6371444,0.23377536
2015-01-23 19:00:00,0,0.15087001,0.050418615,0.9597024,0.94815886,0.71960956,0.66947234,0.23377836
2015-01-23 19:30:00,0,0.13263628,0.052990317,0.9618259,0.94815886,0.56992906,0.63322604,0.2337804
2015-01-23 20:00:00,0,0.11620881,0.051363707,0.96493894,0.94815886,0.47526136,0.6099307,0.23378158
2015-01-23 20:30:00,0,0.104634754,0.047554493,0.9674658,0.94815886,0.33972096,0.5757251,0.2337821
2015-01-23 21:00:00,0,0.10725723,0.048710942,0.9667671,0.94815886,0.2934142,0.56426275,0.23378216
2015-01-23 21:30:00,0,0.10761522,0.04864478,0.9587306,0.94815886,0.31978735,0.5688304,0.23378198
2015-01-23 22:00:00,0,0.11997695,0.046976447,0.9387455,0.94815886,0.4764707,0.6025879,0.2337817
2015-01-23 22:30:00,0,0.11848232,0.046393156,0.91968614,0.94815886,0.35164225,0.56647015,0.23378141
2015-01-23 23:00:00,0,0.120749585,0.04651034,0.93972254,0.94815886,0.2901086,0.5561251,0.23378117
2015-01-23 23:30:00,0,0.115982406,0.042315602,0.9849427,0.94815886,0.38988233,0.59132487,0.233781
2015-01-24 00:00:00,0,0.113372736,0.037002563,0.97912985,0.9181262,0.3409046,0.5687908,0.23378086
2015-01-24 00:30:00,0,0.10288059,0.036746144,0.97621924,0.87769634,0.32979316,0.55511373,0.2337808
2015-01-24 01:00:00,0,0.094995044,0.034079432,0.971292,0.8366699,0.27475992,0.5292003,0.23378079
2015-01-24 01:30:00,0,0.08493027,0.03342843,0.93476427,0.8366699,0.3225086,0.5318428,0.23378079
2015-01-24 02:00:00,0,0.10127212,0.03509009,0.9390547,0.8537175,0.76100373,0.6472165,0.2337808
2015-01-24 02:30:00,0,0.10241719,0.040426493,0.95610523,0.8537175,0.80873543,0.66474617,0.23378082
2015-01-24 03:00:00,0,0.119673125,0.042078495,0.95609766,0.8537175,0.7426502,0.648636,0.23378085
2015-01-24 03:30:00,0,0.12189168,0.047279835,0.9561212,0.8537175,0.66921914,0.6315844,0.23378086
2015-01-24 04:00:00,0,0.1253592,0.05058205,0.95621586,0.8537175,0.53321946,0.59843373,0.23378086
2015-01-24 04:30:00,0,0.11635074,0.05320084,0.9564304,0.8537175,0.51367116,0.594255,0.23378088
2015-01-24 05:00:00,0,0.116430104,0.05272615,0.956721,0.8537175,0.39203784,0.56380063,0.23378088
2015-01-24 05:30:00,0,0.1196957,0.053096056,0.956954,0.8537175,0.37553373,0.55982536,0.23378088
2015-01-24 06:00:00,0,0.11735113,0.056649923,0.95705026,0.8537175,0.38743892,0.5637142,0.23378088
2015-01-24 06:30:00,0,0.106807224,0.05184698,0.95701677,0.8537175,0.36960682,0.558047,0.23378088
2015-01-24 07:00:00,0,0.11806604,0.050966978,0.9931772,0.8537175,0.44605878,0.5859801,0.23378088
2015-01-24 07:30:00,0,0.11227896,0.04394698,0.97803736,0.8537175,0.43782154,0.5783809,0.23378088
2015-01-24 08:00:00,0,0.12091166,0.04421866,0.95644283,0.8537175,0.45847705,0.578214,0.23378088
2015-01-24 08:30:00,0,0.1192268,0.04772973,0.95617986,0.8537175,0.31996292,0.54439753,0.23378088
2015-01-24 09:00:00,0,0.10972674,0.04840398,0.9559381,0.8537175,0.34603196,0.5510229,0.23378088
2015-01-24 09:30:00,0,0.09535896,0.04538381,0.95576394,0.8537175,0.46503586,0.5799753,0.23378088
2015-01-24 10:00:00,0,0.09661037,0.042279124,0.95570666,0.8537175,0.26216257,0.52846646,0.23378088
2015-01-24 10:30:00,0,0.08711203,0.041571498,0.9558104,0.8537175,0.3069397,0.5395098,0.23378088
2015-01-24 11:00:00,0,0.0843037,0.040896773,0.9561026,0.8537175,0.24624836,0.5242413,0.23378088
2015-01-24 11:30:00,0,0.09582086,0.041338086,0.9565833,0.8537175,0.64261717,0.623564,0.23378088
2015-01-24 12:00:00,0,0.09456814,0.04055667,0.9572141,0.8537175,0.562267,0.60343885,0.23378088
2015-01-24 12:30:00,0,0.09483583,0.03983283,0.9579114,0.8537175,0.61987734,0.61783475,0.23378088
2015-01-24 13:00:00,0,0.09559857,0.04059589,0.95855093,0.8537175,0.5686873,0.6053879,0.23378088
2015-01-24 13:30:00,0,0.08998108,0.039883852,0.9590014,0.8537175,0.40447193,0.56426865,0.23378088
2015-01-24 14:00:00,0,0.08588359,0.037822127,0.95923436,0.8537175,0.2689074,0.52992034,0.23378088
2015-01-24 14:30:00,0,0.08955422,0.036365747,0.9594322,0.8537175,0.29364315,0.53578967,0.23378088
2015-01-24 15:00:00,0,0.08975918,0.03529811,0.95974016,0.8537175,0.3347526,0.5458771,0.23378088
2015-01-24 15:30:00,0,0.090569705,0.03354454,0.9600127,0.8537175,0.4393823,0.5716643,0.23378088
2015-01-24 16:00:00,0,0.089542255,0.032920837,0.9601573,0.8537175,0.6191286,0.61648107,0.23378088
2015-01-24 16:30:00,0,0.09045515,0.02815187,0.9600467,0.8537175,0.67874026,0.6301641,0.23378088
2015-01-24 17:00:00,0,0.09639908,0.025941491,0.95963454,0.8537175,0.5898488,0.60728556,0.23378088
2015-01-24 17:30:00,0,0.09967656,0.02493,0.9590452,0.8537175,0.49413478,0.5829569,0.23378088
2015-01-24 18:00:00,0,0.105840996,0.024177313,0.9585122,0.8537175,0.52804416,0.5911128,0.23378088
2015-01-24 18:30:00,0,0.11211765,0.024315834,0.95825857,0.8537175,0.5548855,0.59779435,0.23378088
2015-01-24 19:00:00,0,0.1345471,0.025549054,0.95827925,0.88307977,0.76943934,0.6590868,0.23378088
2015-01-24 19:30:00,0,0.116849415,0.025719166,0.9583377,0.88307977,0.6170051,0.62103546,0.23378088
2015-01-24 20:00:00,0,0.10491054,0.025886059,0.95821273,0.88307977,0.34645987,0.5534096,0.23378088
2015-01-24 20:30:00,1,0.094712675,0.024518013,0.95759785,0.88307977,0.46474683,0.5824856,0.23378088
2015-01-24 21:00:00,1,0.09701657,0.024334192,0.95583904,0.88307977,0.44569492,0.577237,0.23378088
2015-01-24 21:30:00,1,0.10422555,0.023827553,0.95141196,0.88307977,0.24878544,0.5267762,0.23378088
2015-01-24 22:00:00,1,0.11368836,0.024748206,0.9450921,0.88307977,0.6325102,0.62135756,0.23378088
2015-01-24 22:30:00,1,0.11881911,0.026156545,0.94655704,0.88307977,0.5406487,0.5991105,0.23378088
2015-01-24 23:00:00,1,0.12320398,0.025468111,0.96291596,0.88307977,0.55858433,0.607512,0.23378088
2015-01-24 23:30:00,1,0.12946135,0.025385857,0.97494894,0.88307977,0.59689265,0.6200768,0.23378088
2015-01-25 00:00:00,1,0.12015593,0.024547458,0.97678417,0.9762684,0.86762166,0.7113054,0.23378088
2015-01-25 00:30:00,1,0.105060115,0.024451613,0.9789786,0.9762684,0.5670555,0.63668853,0.23378088
2015-01-25 01:00:00,1,0.10612805,0.026060224,0.97996944,0.9762684,0.6227443,0.6512606,0.23378088
2015-01-25 01:30:00,1,0.10032438,0.025792956,0.9638563,0.9762684,0.58925873,0.63879406,0.23378088
2015-01-25 02:00:00,1,0.090843506,0.01806283,0.93038315,0.9762684,0.6252731,0.6374968,0.23378088
2015-01-25 02:30:00,1,0.08411215,0.015140533,0.84827214,0.9762684,0.61657166,0.6140632,0.23378088
2015-01-25 03:00:00,1,0.08939682,0.015559673,0.76707584,0.9762684,0.5715852,0.5826223,0.23378088
2015-01-25 03:30:00,1,0.10733636,0.015739083,0.7581474,0.9762684,0.41406348,0.5410546,0.23378088
2015-01-25 04:00:00,1,0.11606371,0.016130328,0.78296554,0.9762684,0.40720782,0.54564303,0.23378088
2015-01-25 04:30:00,1,0.12185683,0.016925573,0.8409998,0.9762684,0.3826054,0.55419976,0.23378088
2015-01-25 05:00:00,1,0.114056,0.017015934,0.8466189,0.9762684,0.36774343,0.55191165,0.23378088
2015-01-25 05:30:00,1,0.11887938,0.016456246,0.8205659,0.9762684,0.3503637,0.5409136,0.23378088
2015-01-25 06:00:00,1,0.111686796,0.016297221,0.76721495,0.9762684,0.42934853,0.5472823,0.23378088
2015-01-25 06:30:00,1,0.1117486,0.016259909,0.8195187,0.9762684,0.37932888,0.547844,0.23378088
2015-01-25 07:00:00,1,0.11592984,0.016451001,0.783308,0.9762684,0.44411823,0.5550364,0.23378088
2015-01-25 07:30:00,1,0.11834925,0.016378284,0.81433475,0.9762684,0.47734854,0.5710825,0.23378088
2015-01-25 08:00:00,1,0.115175314,0.016212583,0.7635163,0.9762684,0.6277934,0.5959477,0.23378088
2015-01-25 08:30:00,1,0.12426169,0.01111865,0.7632113,0.9762684,0.4510433,0.55041045,0.23378088
2015-01-25 09:00:00,1,0.123507045,0.015116096,0.7630727,0.9762684,0.41288355,0.5418352,0.23378088
2015-01-25 09:30:00,1,0.10373283,0.015154362,0.76317817,0.9762684,0.25261495,0.501804,0.23378088
2015-01-25 10:00:00,1,0.09973468,0.015226841,0.7635893,0.9762684,0.25740373,0.5031221,0.23378088
2015-01-25 10:30:00,1,0.08618785,0.014904499,0.78022313,0.9762684,0.5163444,0.5719351,0.23378088
2015-01-25 11:00:00,1,0.08543471,0.0143995285,0.85590374,0.9762684,0.34857947,0.5487878,0.23378088
2015-01-25 11:30:00,1,0.08550901,0.013304472,0.8172396,0.9762684,0.5172374,0.5810125,0.23378088
2015-01-25 12:00:00,1,0.09080335,0.011346698,0.8584473,0.9762684,0.54952544,0.598897,0.23378088
2015-01-25 12:30:00,1,0.09416055,0.00753057,0.84385544,0.9762684,0.55892104,0.59664387,0.23378088
2015-01-25 13:00:00,1,0.09022651,0.008569002,0.7673068,0.9762684,0.5304815,0.5706564,0.23378088
2015-01-25 13:30:00,1,0.09611806,0.0066313744,0.76612604,0.9762684,0.5715563,0.58014554,0.23378088
2015-01-25 14:00:00,1,0.09210531,0.008461118,0.76404065,0.9762684,0.5063782,0.5637871,0.23378088
2015-01-25 14:30:00,1,0.09076453,0.013075113,0.7613657,0.9762684,0.3909328,0.5354105,0.23378088
2015-01-25 15:00:00,1,0.08500434,0.013817549,0.7583288,0.9762684,0.30518892,0.5134009,0.23378088
2015-01-25 15:30:00,1,0.083277985,0.01551342,0.75490683,0.9762684,0.4357042,0.5455982,0.23378088
2015-01-25 16:00:00,1,0.08491949,0.0149559975,0.7512585,0.9762684,0.47376478,0.5540619,0.23378088
2015-01-25 16:30:00,1,0.08513122,0.020178914,0.74797183,0.9762684,0.53472334,0.5697856,0.23378088
2015-01-25 17:00:00,1,0.084334336,0.019384027,0.79776305,0.9762684,0.3516153,0.53625774,0.23378088
2015-01-25 17:30:00,1,0.090844594,0.017763615,0.8746727,0.9762684,0.3030882,0.54294825,0.23378088
2015-01-25 18:00:00,1,0.09034035,0.018577933,0.8994912,0.9762684,0.26186696,0.5390511,0.23378088
2015-01-25 18:30:00,1,0.0895346,0.01874578,0.945403,0.9762684,0.3473471,0.5719411,0.23378088
2015-01-25 19:00:00,1,0.0841059,0.016000986,0.81910706,0.9762684,0.5871426,0.59962976,0.23378088
2015-01-25 19:30:00,1,0.088723555,0.012920499,0.7575246,0.9762684,0.76187015,0.6271459,0.23378088
2015-01-25 20:00:00,1,0.09841344,0.012399554,0.8016135,0.9762684,0.8329222,0.65580094,0.23378088
2015-01-25 20:30:00,1,0.09657363,0.012484431,0.8015947,0.9762684,0.8113266,0.6504185,0.23378088
2015-01-25 21:00:00,1,0.098409146,0.011247277,0.8824776,0.9762684,0.8931868,0.690795,0.23378088
2015-01-25 21:30:00,1,0.09890477,0.011651993,0.882486,0.9762684,0.8302442,0.6751627,0.23378088
2015-01-25 22:00:00,1,0.10776707,0.017252326,0.9089864,0.9762684,0.90135694,0.700966,0.23378088
2015-01-25 22:30:00,1,0.11617024,0.016916394,0.9430996,0.9762684,0.9456882,0.72049314,0.24214844
2015-01-25 23:00:00,1,0.1211788,0.025753617,0.94298893,0.99081683,0.9152482,0.7187019,0.25868276
2015-01-25 23:30:00,1,0.12274232,0.02870524,0.987046,0.9987159,0.98831356,0.7506952,0.2918032
2015-01-26 00:00:00,1,0.1081088,0.028470874,0.9830019,0.9987159,0.90588564,0.72901857,0.3348062
2015-01-26 00:30:00,1,0.1136298,0.026853204,0.9839325,0.9987159,0.8684177,0.7194798,0.3859482
2015-01-26 01:00:00,1,0.11225876,0.029184699,0.9795609,0.9987159,0.7935245,0.7002465,0.44259587
2015-01-26 01:30:00,1,0.116875395,0.030772686,0.9823958,0.9987159,0.72698015,0.68471617,0.50234056
2015-01-26 02:00:00,1,0.11248274,0.029515505,0.97566956,0.9987159,0.6693725,0.6683184,0.5636733
2015-01-26 02:30:00,1,0.13812914,0.029142618,0.95752287,0.9987159,0.6354311,0.6552031,0.62580764
2015-01-26 03:00:00,1,0.13634971,0.032158494,0.94503456,0.9987159,0.5088453,0.6211886,0.6883567
2015-01-26 03:30:00,1,0.14698419,0.028166175,0.9449623,0.9987159,0.4566192,0.6071159,0.75112724
2015-01-26 04:00:00,1,0.12549606,0.01946497,0.94482946,0.9987159,0.3977549,0.5901913,0.81401926
2015-01-26 04:30:00,1,0.123655036,0.019680023,0.9446237,0.9987159,0.35731602,0.5800839,0.86860985
2015-01-26 05:00:00,1,0.1113584,0.019178748,0.94433373,0.9987159,0.30176088,0.5659973,0.9150676
2015-01-26 05:30:00,1,0.11148714,0.024927616,0.94393367,0.9987159,0.28578943,0.5633417,0.94495314
2015-01-26 06:00:00,1,0.10924789,0.027074933,0.9433934,0.9987159,0.2712652,0.56011236,0.96495694
2015-01-26 06:30:00,1,0.110629305,0.029195786,0.9426835,0.9987159,0.61058986,0.6452962,0.97681326
2015-01-26 07:00:00,1,0.09923024,0.03143394,0.94177896,0.9987159,0.5942422,0.6415428,0.9831486
2015-01-26 07:30:00,1,0.08419502,0.030548334,0.9407479,0.9987159,0.84403026,0.70351064,0.9863662
2015-01-26 08:00:00,1,0.085932545,0.03399706,0.93983036,0.9987159,0.8049882,0.69438285,0.9879708
2015-01-26 08:30:00,1,0.08837203,0.03158748,0.939317,0.9987159,0.73795706,0.67689437,0.988745
2015-01-26 09:00:00,1,0.083902135,0.031588078,0.93932164,0.9987159,0.43350554,0.60078275,0.9890721
2015-01-26 09:30:00,1,0.090340994,0.03273976,0.9397991,0.9987159,0.26010314,0.55783945,0.989142
2015-01-26 10:00:00,1,0.09850978,0.035183668,0.94050896,0.9987159,0.49510363,0.61737806,0.98905176
2015-01-26 10:30:00,1,0.09708545,0.03902197,0.94119674,0.9987159,0.47633326,0.613817,0.9888532
2015-01-26 11:00:00,1,0.09776607,0.04078698,0.94165474,0.9987159,0.5469648,0.6320306,0.9885754
2015-01-26 11:30:00,1,0.1003684,0.04314506,0.9417236,0.9987159,0.57816213,0.64043665,0.98823446
2015-01-26 12:00:00,1,0.096499465,0.043661118,0.9413155,0.9987159,0.5671962,0.63772213,0.9878399
2015-01-26 12:30:00,1,0.100816496,0.045564175,0.94042593,0.9987159,0.5843811,0.64227176,0.98739624
2015-01-26 13:00:00,1,0.100855805,0.046560645,0.9391232,0.9987159,0.5644968,0.63722414,0.98690563
2015-01-26 13:30:00,1,0.103080235,0.046521306,0.93753934,0.9987159,0.59933853,0.6455288,0.98636794
2015-01-26 14:00:00,1,0.09717512,0.051677465,0.93588877,0.9987159,0.81043047,0.69917816,0.98578125
2015-01-26 14:30:00,1,0.11071923,0.07742679,0.9784395,0.9987159,0.9777957,0.75809443,0.98548675
2015-01-26 15:00:00,1,0.123960495,0.13880348,0.9955142,0.9987159,0.9939731,0.78175163,0.9854546
2015-01-26 15:30:00,1,0.12431827,0.25143325,0.9983625,0.9987159,0.99789953,0.8116028,0.9856431
2015-01-26 16:00:00,1,0.11861784,0.3954333,0.99887234,0.9988589,0.9986278,0.8479481,0.9862213
2015-01-26 16:30:00,1,0.119737625,0.57579637,0.999092,0.99951816,0.99918014,0.8933967,0.98697186
2015-01-26 17:00:00,1,0.11313487,0.7951875,0.9998654,0.999843,0.9998447,0.94868517,0.98781615
2015-01-26 17:30:00,1,0.11403108,1.0288067,0.9999776,0.9999355,0.9999702,1.0071726,0.9887309
2015-01-26 18:00:00,1,0.12158955,1.2579572,0.9999932,0.99996126,0.9999902,1.0644755,0.9897097
2015-01-26 18:30:00,1,0.11910839,1.4945669,0.9999982,0.999982,0.9999968,1.1236359,0.9907527
2015-01-26 19:00:00,1,0.11338405,1.7251124,0.99999917,0.99999225,0.99999845,1.1812756,0.99186295
2015-01-26 19:30:00,1,0.10636059,1.9251881,0.99999917,0.9999943,0.9999981,1.2312949,0.9930447
2015-01-26 20:00:00,1,0.114525124,2.0276785,0.99999917,0.9999958,0.99999785,1.2569177,0.9943035
2015-01-26 20:30:00,1,0.11853042,2.097796,0.99999917,0.99999654,0.9999976,1.2744473,0.99530154
2015-01-26 21:00:00,1,0.11641711,2.1289353,0.99999917,0.99999654,0.9999976,1.2822322,0.99607164
2015-01-26 21:30:00,1,0.112434566,2.190184,0.99999917,0.99999654,0.99999774,1.2975444,0.9966588
2015-01-26 22:00:00,1,0.17111054,2.2395082,0.99999917,0.99999654,0.9999974,1.3098752,0.99689645
2015-01-26 22:30:00,1,0.29149273,2.3238218,0.99999917,0.99999654,0.9999949,1.3309531,0.99700576
2015-01-26 23:00:00,1,0.32808354,2.3422341,0.99999917,0.99999654,0.99998105,1.3355527,0.9970679
2015-01-26 23:30:00,1,0.3312569,2.375401,0.99999917,0.99999654,0.9998865,1.3438208,0.99711037
2015-01-27 00:00:00,1,0.33213335,2.3939204,0.99999917,0.99999654,0.99944574,1.3483405,0.997143
2015-01-27 00:30:00,1,0.32860926,2.4051385,0.99999917,0.99999654,0.9947431,1.3499694,0.99716955
2015-01-27 01:00:00,1,0.3287508,2.4135659,0.99999917,0.99999654,0.97815794,1.34793,0.9971922
2015-01-27 01:30:00,1,0.32882264,2.4201937,0.99999917,0.99999654,0.9318517,1.3380103,0.9972119
2015-01-27 02:00:00,1,0.3252136,2.4257588,0.99999917,0.99999654,0.85930806,1.3212657,0.997211
2015-01-27 02:30:00,1,0.3223974,2.432357,0.99999917,0.99999654,0.7627879,1.2987852,0.9971971
2015-01-27 03:00:00,1,0.32390398,2.494578,0.99999917,0.99999654,0.67967373,1.2935618,0.99717426
2015-01-27 03:30:00,1,0.3228727,2.505631,0.99999917,0.99999654,0.636042,1.2854172,0.9971449
2015-01-27 04:00:00,1,0.31957448,2.5248408,0.99999917,0.99999654,0.6464958,1.2928331,0.9971102
2015-01-27 04:30:00,1,0.31744006,2.5382133,0.99999917,0.99999654,0.65121895,1.297357,0.9970708
2015-01-27 05:00:00,1,0.314575,2.57768,0.99999917,0.99999654,0.7427725,1.3301121,0.99702734
2015-01-27 05:30:00,1,0.31363708,2.6717682,0.99999917,0.99999654,0.9205323,1.398074,0.99700356
2015-01-27 06:00:00,1,0.31193364,2.7573159,0.99999917,0.99999654,0.9899677,1.4368199,0.99698925
2015-01-27 06:30:00,1,0.3073625,2.831607,0.99999917,0.99999654,0.99960226,1.4578013,0.99697953
2015-01-27 07:00:00,1,0.29891923,2.9483464,0.99999917,0.99999654,0.9999702,1.4870782,0.99697214
2015-01-27 07:30:00,1,0.29075626,3.0185583,0.99999917,0.99999654,0.9999969,1.5046377,0.9969663
2015-01-27 08:00:00,1,0.27892762,3.1475976,0.99999917,0.99999654,0.9999988,1.5368981,0.99697965
2015-01-27 08:30:00,1,0.24433713,3.0637505,0.99999917,0.99999654,0.9999989,1.5159364,0.9970049
2015-01-27 09:00:00,1,0.18749863,3.1303194,0.99999917,0.99999654,0.9999975,1.5325782,0.9970383
2015-01-27 09:30:00,1,0.11618941,3.155029,0.99999917,0.99999654,0.99999154,1.5387541,0.99707747
2015-01-27 10:00:00,1,0.117095195,3.2447717,0.99999917,0.99999654,0.9999664,1.5611835,0.9971213
2015-01-27 10:30:00,1,0.11375343,3.2842958,0.99999917,0.99999654,0.9999329,1.5710561,0.997169
2015-01-27 11:00:00,1,0.11311575,3.3524234,0.99999917,0.99999654,0.99989116,1.5880777,0.99722
2015-01-27 11:30:00,1,0.106313795,3.4101923,0.99999917,0.99999654,0.9998921,1.6025201,0.99725056
2015-01-27 12:00:00,1,0.11532084,3.47776,0.99999917,0.99999654,0.9998907,1.6194117,0.9972709
2015-01-27 12:30:00,1,0.11119331,3.5399554,0.99999917,0.99999654,0.99985623,1.6349518,0.9972863
2015-01-27 13:00:00,1,0.11171002,3.6037214,0.99999917,0.99999654,0.99980193,1.6508799,0.9972989
2015-01-27 13:30:00,1,0.11750586,3.66349,0.99999917,0.99999654,0.99984074,1.6658317,0.9973095
2015-01-27 14:00:00,1,0.11855354,3.7342918,0.99999917,0.99999654,0.99988055,1.683542,0.99731857
2015-01-27 14:30:00,1,0.110058166,3.7203324,0.99999917,0.99999654,0.9998037,1.680033,0.9973263
2015-01-27 15:00:00,1,0.11063446,3.7340753,0.99999917,0.99999654,0.99957746,1.6834122,0.9973329
2015-01-27 15:30:00,1,0.119040504,3.7405646,0.9999993,0.99999654,0.9983375,1.6847246,0.9973383
2015-01-27 16:00:00,1,0.12418731,3.7372773,0.9999993,0.99999654,0.99027514,1.6818871,0.99734306
2015-01-27 16:30:00,1,0.12296724,3.7367232,0.9999993,0.99999654,0.9744255,1.6777861,0.99734706
2015-01-27 17:00:00,1,0.12110999,3.7066581,0.9999993,0.99999654,0.98878294,1.6738592,0.99735045
2015-01-27 17:30:00,1,0.112715185,3.676356,0.9999993,0.99999654,0.9973072,1.6684148,0.9973533
2015-01-27 18:00:00,1,0.10817508,3.6342757,0.99999917,0.99999654,0.99852127,1.6581982,0.99735576
2015-01-27 18:30:00,1,0.11036401,3.6031382,0.99999917,0.99999654,0.99961346,1.6506869,0.99735785
2015-01-27 19:00:00,1,0.10229371,3.5556715,0.99999917,0.99999654,0.99985206,1.6388799,0.9973596
2015-01-27 19:30:00,1,0.11269816,3.5079439,0.99999917,0.99999654,0.9999325,1.6269681,0.9973611
2015-01-27 20:00:00,1,0.11956508,3.4910982,0.99999917,0.99999654,0.999908,1.6227505,0.99736243
2015-01-27 20:30:00,1,0.117889404,3.3729413,0.99999917,0.9999956,0.9998914,1.5932069,0.9973638
2015-01-27 21:00:00,1,0.11605569,3.3251035,0.99999917,0.99999535,0.99988055,1.5812447,0.99736506
2015-01-27 21:30:00,1,0.11132404,3.2691462,0.99999917,0.99999535,0.9997962,1.5672343,0.9973664
2015-01-27 22:00:00,1,0.11509679,3.206714,0.99999917,0.99999535,0.9997166,1.5516063,0.9973678
2015-01-27 22:30:00,1,0.11843681,3.2081969,0.99999917,0.99999535,0.9997019,1.5519733,0.99736905
2015-01-27 23:00:00,1,0.12297754,3.0854137,0.99999917,0.99999535,0.99873084,1.5210347,0.99737006
2015-01-27 23:30:00,1,0.1102887,3.0298293,0.99999917,0.99999535,0.9959592,1.5064458,0.997371
2015-01-28 00:00:00,1,0.11655977,2.9885533,0.99999917,0.99999535,0.99193805,1.4951215,0.9973719
2015-01-28 00:30:00,1,0.11322522,2.959006,0.99999917,0.99999535,0.9676051,1.4816514,0.99737257
2015-01-28 01:00:00,1,0.11469247,2.8828201,0.99999917,0.99999535,0.9159161,1.4496826,0.99737304
2015-01-28 01:30:00,1,0.11642991,2.8551745,0.99999917,0.99999535,0.8177547,1.4182309,0.99735576
2015-01-28 02:00:00,1,0.12687697,2.841252,0.99999917,0.99999535,0.7074045,1.3871628,0.9973278
2015-01-28 02:30:00,1,0.17571701,2.832274,0.9999993,0.99999535,0.5939317,1.3565501,0.99729276
2015-01-28 03:00:00,1,0.22039919,2.7653935,0.9999993,0.99999535,0.5369066,1.3255737,0.9972527
2015-01-28 03:30:00,1,0.22128029,2.7613685,0.9999993,0.99999535,0.47140887,1.308193,0.9972088
2015-01-28 04:00:00,1,0.2056742,2.7590737,0.9999993,0.99999535,0.43391338,1.2982454,0.99716157
2015-01-28 04:30:00,1,0.20852867,2.759176,0.99999917,0.99999535,0.42222527,1.295349,0.9971114
2015-01-28 05:00:00,1,0.13877355,2.7621243,0.99999917,0.99999535,0.40345976,1.2913946,0.99705845
2015-01-28 05:30:00,1,0.11252577,2.8147814,0.99999905,0.99999535,0.3762158,1.297748,0.9970029
2015-01-28 06:00:00,1,0.11954438,2.800201,0.9999989,0.99999535,0.45798805,1.3145459,0.9969449
2015-01-28 06:30:00,1,0.1100315,2.78398,0.9999989,0.99999535,0.26339343,1.2618419,0.9968848
2015-01-28 07:00:00,1,0.10095836,2.8147194,0.99999917,0.99999535,0.3720106,1.2966812,0.99682266
2015-01-28 07:30:00,1,0.08346849,2.7772508,0.9999989,0.99999535,0.2807605,1.2645013,0.9967761
2015-01-28 08:00:00,1,0.086528,2.7847915,0.999998,0.99999356,0.32109615,1.2764698,0.99673843
2015-01-28 08:30:00,1,0.083897196,2.7059705,0.9999963,0.9999895,0.47831053,1.2960668,0.996706
2015-01-28 09:00:00,1,0.08547982,2.6817636,0.99999356,0.99998033,0.5629706,1.311177,0.9966769
2015-01-28 09:30:00,1,0.08889956,2.615923,0.99998784,0.99996364,0.69529545,1.3277924,0.9966502
2015-01-28 10:00:00,1,0.096675456,2.5857933,0.9999769,0.9999349,0.8477703,1.3583688,0.9966254
2015-01-28 10:30:00,1,0.09854753,2.5120213,0.9999641,0.99992275,0.78630084,1.3245522,0.9966021
2015-01-28 11:00:00,1,0.10092895,2.4486887,0.99995315,0.99992275,0.8550363,1.3259002,0.9965802
2015-01-28 11:30:00,1,0.09783185,2.371812,0.99995315,0.99992275,0.85468817,1.306594,0.9965598
2015-01-28 12:00:00,1,0.09986815,2.2987952,0.99995327,0.99992275,0.88656193,1.2963083,0.9965407
2015-01-28 12:30:00,1,0.096907765,2.2440677,0.9999535,0.99992275,0.8811924,1.2812841,0.9965229
2015-01-28 13:00:00,1,0.09696682,2.1822538,0.9999536,0.99992275,0.88882905,1.2677399,0.9965062
2015-01-28 13:30:00,1,0.099996716,2.105355,0.9999535,0.99992275,0.88206875,1.246825,0.9964907
2015-01-28 14:00:00,1,0.10169668,2.0262043,0.99995303,0.99992275,0.85576993,1.2204626,0.996476
2015-01-28 14:30:00,1,0.091146395,1.9550889,0.99995244,0.99992275,0.79607606,1.1877601,0.99646235
2015-01-28 15:00:00,1,0.08920077,1.8996198,0.9999523,0.99992275,0.55837035,1.1144663,0.99644953
2015-01-28 15:30:00,1,0.093352236,1.860846,0.99995244,0.99992275,0.50228107,1.0907506,0.99643755
2015-01-28 16:00:00,1,0.09981914,1.8322506,0.99995244,0.99992275,0.38645682,1.0546457,0.99642634
2015-01-28 16:30:00,1,0.09778707,1.8047097,0.99995244,0.99992275,0.3687388,1.0433309,0.99641585
2015-01-28 17:00:00,1,0.08851537,1.7638552,0.99995327,0.99992275,0.38065106,1.0360956,0.996406
2015-01-28 17:30:00,1,0.083475985,1.7028058,0.99995613,0.99992275,0.48686793,1.0473882,0.99639684
2015-01-28 18:00:00,1,0.10411671,1.637702,0.9999609,0.99992275,0.3909616,1.0071368,0.9963884
2015-01-28 18:30:00,1,0.11095822,1.5487692,0.99995756,0.99992275,0.50483924,1.0133722,0.9963803
2015-01-28 19:00:00,1,0.10485008,1.4386301,0.9999645,0.99992275,0.59859467,1.009278,0.9963729
2015-01-28 19:30:00,1,0.110621534,1.304327,0.999966,0.99992275,0.7215922,1.0064521,0.99636585
2015-01-28 20:00:00,1,0.10449974,1.1640155,0.99993896,0.99992275,0.7744158,0.98457325,0.9963593
2015-01-28 20:30:00,1,0.0979004,1.0178881,0.9999069,0.9998534,0.8425486,0.96504927,0.99635315
2015-01-28 21:00:00,1,0.09564961,0.8723922,0.99990094,0.99965,0.84918416,0.93028176,0.9963474
2015-01-28 21:30:00,1,0.094051294,0.74654853,0.99987113,0.9996377,0.8619585,0.902004,0.9963421
2015-01-28 22:00:00,1,0.09632146,0.6258286,0.9992995,0.9996377,0.83763176,0.8655994,0.9963371
2015-01-28 22:30:00,1,0.09100424,0.49564302,0.99668306,0.9986349,0.82779163,0.82968813,0.99633247
2015-01-28 23:00:00,1,0.09022154,0.41686344,0.99336535,0.9937087,0.9456206,0.83738947,0.9962999
2015-01-28 23:30:00,1,0.11010213,0.36139762,0.99546576,0.9907143,0.9390601,0.82165945,0.9962466
2015-01-29 00:00:00,1,0.117602885,0.32468975,0.98806876,0.9609952,0.94672036,0.8051185,0.99617976
2015-01-29 00:30:00,1,0.120039746,0.30034184,0.97799647,0.95342404,0.8801486,0.77797776,0.9960486
2015-01-29 01:00:00,1,0.11640966,0.2867509,0.9780904,0.95342404,0.82167995,0.7599863,0.9958543
2015-01-29 01:30:00,1,0.10550595,0.27918375,0.9782095,0.95342404,0.72367007,0.73362184,0.99559885
2015-01-29 02:00:00,1,0.111243375,0.2746446,0.9783513,0.95342404,0.6020802,0.7021251,0.99528074
2015-01-29 02:30:00,1,0.11069562,0.272439,0.97851825,0.95342404,0.5241745,0.6821389,0.9948957
2015-01-29 03:00:00,1,0.11419567,0.27036786,0.9787153,0.95342404,0.4439712,0.6616196,0.9944379
2015-01-29 03:30:00,1,0.119425975,0.26912892,0.97894007,0.95342404,0.40504795,0.6516352,0.9938988
2015-01-29 04:00:00,0,0.119743004,0.26840985,0.9791901,0.95342404,0.3850434,0.64651686,0.99326795
2015-01-29 04:30:00,0,0.13203545,0.267601,0.9794647,0.95342404,0.3693486,0.6424596,0.9925316
2015-01-29 05:00:00,0,0.11578086,0.2668345,0.9797109,0.95342404,0.3599844,0.6399884,0.9917007
2015-01-29 05:30:00,0,0.10764501,0.2654134,0.97984344,0.95342404,0.29515666,0.6234594,0.99074584
2015-01-29 06:00:00,0,0.10994699,0.26334846,0.9798522,0.95342404,0.36170226,0.63958174,0.98963
2015-01-29 06:30:00,0,0.1023458,0.2633841,0.97979033,0.95342404,0.33655375,0.6332881,0.9883645
2015-01-29 07:00:00,0,0.09541851,0.26163542,0.97971594,0.95342404,0.29904678,0.6234555,0.98689383
2015-01-29 07:30:00,0,0.08520942,0.26194906,0.97966754,0.95342404,0.43152586,0.65664166,0.9851387
2015-01-29 08:00:00,0,0.090604804,0.26055956,0.9796611,0.95342404,0.34155536,0.6338,0.9829896
2015-01-29 08:30:00,0,0.08980398,0.2578981,0.9796951,0.95342404,0.25333372,0.61108774,0.9802833
2015-01-29 09:00:00,0,0.08441029,0.25518513,0.9797616,0.95342404,0.36550602,0.63846916,0.97289085
2015-01-29 09:30:00,0,0.08430618,0.2510562,0.97985625,0.95342404,0.437029,0.6553414,0.95193654
2015-01-29 10:00:00,0,0.08942897,0.2390511,0.9799794,0.95342404,0.49192858,0.6660958,0.9066439
2015-01-29 10:30:00,0,0.08924466,0.23122156,0.9801342,0.95342404,0.50444305,0.6673057,0.84340435
2015-01-29 11:00:00,0,0.10030401,0.22195077,0.9803237,0.95342404,0.684989,0.7101719,0.77354985
2015-01-29 11:30:00,0,0.09047039,0.20705211,0.98054594,0.95342404,0.5178254,0.66471183,0.70224315
2015-01-29 12:00:00,0,0.08521911,0.19164526,0.98078877,0.95342404,0.48269367,0.65213794,0.6315648
2015-01-29 12:30:00,0,0.088945985,0.17780459,0.9810208,0.95342404,0.57125306,0.6708756,0.56244105
2015-01-29 13:00:00,0,0.0891203,0.16215491,0.98117846,0.95342404,0.58906806,0.67145634,0.49524477
2015-01-29 13:30:00,0,0.086550266,0.14721,0.9811652,0.95342404,0.54458266,0.65659547,0.43003175
2015-01-29 14:00:00,0,0.0861193,0.13403833,0.98094076,0.95342404,0.4651783,0.6333953,0.36669573
2015-01-29 14:30:00,0,0.08328549,0.122198224,0.98066276,0.95342404,0.4066383,0.6157308,0.30509374
2015-01-29 15:00:00,0,0.08399004,0.117712855,0.98046607,0.95342404,0.3150572,0.591665,0.24903357
2015-01-29 15:30:00,0,0.085277826,0.11832309,0.98030055,0.95342404,0.29152697,0.5858937,0.20710273
2015-01-29 16:00:00,0,0.10259761,0.11438763,0.9800861,0.95342404,0.2762526,0.5810376,0.18985099
2015-01-29 16:30:00,0,0.097312,0.1117599,0.97975874,0.95342404,0.30013004,0.5862682,0.19073041
2015-01-29 17:00:00,0,0.0887656,0.111103415,0.979293,0.95342404,0.30485845,0.5871697,0.19832076
2015-01-29 17:30:00,0,0.09051599,0.10584223,0.97868264,0.95342404,0.25926575,0.5743036,0.20742756
2015-01-29 18:00:00,0,0.103087276,0.10369611,0.9779669,0.95342404,0.25746623,0.57313836,0.21598327
2015-01-29 18:30:00,0,0.10586936,0.09916997,0.97729355,0.95342404,0.31141117,0.58532465,0.22310728
2015-01-29 19:00:00,0,0.11020032,0.09703016,0.9769408,0.95342404,0.49389377,0.6303222,0.228499
2015-01-29 19:30:00,0,0.10854511,0.094427586,0.97722673,0.95342404,0.529388,0.63861656,0.23220064
2015-01-29 20:00:00,0,0.10635172,0.08954179,0.9782867,0.95342404,0.46782613,0.62226963,0.23444974
2015-01-29 20:30:00,0,0.107437,0.077332854,0.9797252,0.95342404,0.4154224,0.6064761,0.23557211
2015-01-29 21:00:00,0,0.1057796,0.06791878,0.9805981,0.95342404,0.46763694,0.61739445,0.23590668
2015-01-29 21:30:00,0,0.105719596,0.062334538,0.980168,0.95342404,0.49710765,0.6232586,0.23575681
2015-01-29 22:00:00,0,0.106346376,0.063354254,0.97567874,0.95342404,0.5616172,0.6385185,0.23536433
2015-01-29 22:30:00,0,0.101161376,0.067870855,0.96068674,0.95342404,0.690382,0.6680909,0.23490144
2015-01-29 23:00:00,0,0.099872604,0.06534076,0.95323217,0.9439398,0.6496182,0.6530327,0.23447464
2015-01-29 23:30:00,0,0.0842891,0.06340015,0.9755992,0.9439398,0.7245558,0.67687374,0.23413603
2015-01-30 00:00:00,0,0.10024091,0.06342363,0.9723789,0.96006715,0.9506841,0.7366384,0.24226435
2015-01-30 00:30:00,0,0.110975415,0.063745975,0.97342277,0.96006715,0.94093496,0.7345427,0.25865135
2015-01-30 01:00:00,0,0.12278365,0.062770724,0.9735258,0.96006715,0.9230318,0.72984886,0.28189752
2015-01-30 01:30:00,0,0.11018804,0.062170267,0.97363347,0.96006715,0.8764399,0.7180777,0.29948422
2015-01-30 02:00:00,0,0.12146666,0.062069178,0.97374177,0.96006715,0.78584754,0.6954314,0.3098323
2015-01-30 02:30:00,0,0.10605714,0.062416673,0.9738521,0.96006715,0.75288534,0.68730533,0.31383482
2015-01-30 03:00:00,0,0.11254105,0.062754035,0.9739688,0.96006715,0.654948,0.66293454,0.31363097
2015-01-30 03:30:00,0,0.11537849,0.06325078,0.9740916,0.96006715,0.61867857,0.654022,0.3113088
2015-01-30 04:00:00,0,0.11888153,0.06318176,0.9742406,0.96006715,0.48070887,0.61954963,0.3083102
2015-01-30 04:30:00,0,0.11194897,0.06390154,0.97449255,0.96006715,0.44393188,0.61059827,0.30545822
2015-01-30 05:00:00,0,0.1145671,0.06500602,0.9748532,0.96006715,0.4217654,0.605423,0.30314326
2015-01-30 05:30:00,0,0.10825194,0.06548381,0.97517437,0.96006715,0.24730761,0.5620082,0.30148473
2015-01-30 06:00:00,0,0.108478725,0.06394541,0.9753695,0.96006715,0.26068828,0.5650176,0.29207948
2015-01-30 06:30:00,0,0.10182407,0.062757134,0.97547066,0.96006715,0.5830245,0.64532983,0.27500984
2015-01-30 07:00:00,0,0.08988257,0.057599306,0.9755255,0.96006715,0.8031009,0.6990732,0.25151277
2015-01-30 07:30:00,0,0.08982803,0.06034398,0.97556055,0.96006715,0.9080453,0.72600424,0.23394938
2015-01-30 08:00:00,0,0.10164978,0.06290686,0.9755863,0.96006715,0.90571153,0.72606796,0.22376895
2015-01-30 08:30:00,0,0.09992607,0.071320176,0.97560436,0.96006715,0.8230196,0.70750284,0.21998425
2015-01-30 09:00:00,0,0.091017276,0.08067167,0.9756173,0.96006715,0.6617228,0.66951966,0.22039706
2015-01-30 09:30:00,0,0.08480706,0.078790784,0.9756354,0.96006715,0.51090753,0.6313503,0.22288863
2015-01-30 10:00:00,0,0.08546224,0.07566941,0.97567403,0.96006715,0.3634747,0.59372133,0.22600676
2015-01-30 10:30:00,0,0.08590678,0.07451117,0.97574824,0.96006715,0.26504704,0.56884336,0.22893016
2015-01-30 11:00:00,0,0.085908785,0.070405364,0.975871,0.96006715,0.25035882,0.56417555,0.23127665
2015-01-30 11:30:00,0,0.08328097,0.069922805,0.9760498,0.96006715,0.25939956,0.5663598,0.23293877
2015-01-30 12:00:00,0,0.08408665,0.06940925,0.9762779,0.96006715,0.26133698,0.5667729,0.23396635
2015-01-30 12:30:00,0,0.08638326,0.06844616,0.97652346,0.96006715,0.40156963,0.6016516,0.234486
2015-01-30 13:00:00,0,0.08563931,0.066319466,0.976713,0.96006715,0.31276205,0.57896537,0.23464696
2015-01-30 13:30:00,0,0.082294084,0.0651381,0.9767273,0.96006715,0.34817258,0.5875263,0.23458803
2015-01-30 14:00:00,0,0.084220946,0.06466818,0.97648036,0.96006715,0.28199977,0.5708039,0.23442052
2015-01-30 14:30:00,0,0.0843468,0.0645287,0.9761035,0.96006715,0.29437009,0.5737674,0.2342227
2015-01-30 15:00:00,0,0.083447,0.06496251,0.9758336,0.96006715,0.37166741,0.5931326,0.23404185
2015-01-30 15:30:00,0,0.085640356,0.066016555,0.9757028,0.96006715,0.3877803,0.5973917,0.23390065
2015-01-30 16:00:00,0,0.08802195,0.065877914,0.97561103,0.96006715,0.37052175,0.5930194,0.23380457
2015-01-30 16:30:00,0,0.10159504,0.06326938,0.97542703,0.96006715,0.27781323,0.5691442,0.23374896
2015-01-30 17:00:00,0,0.083237626,0.06176853,0.9750606,0.96006715,0.4241464,0.60526067,0.23372446
2015-01-30 17:30:00,0,0.10433115,0.063408494,0.9745173,0.96006715,0.55857867,0.6391429,0.23372078
2015-01-30 18:00:00,0,0.10662763,0.06409788,0.9739125,0.96006715,0.6344533,0.6581327,0.23372893
2015-01-30 18:30:00,0,0.12447213,0.06548345,0.9735004,0.96006715,0.720097,0.679787,0.23374206
2015-01-30 19:00:00,0,0.180774,0.0703603,0.97365,0.96006715,0.78585315,0.69748265,0.2337556
2015-01-30 19:30:00,0,0.2448724,0.07834065,0.97465396,0.96006715,0.8790174,0.7230198,0.23376714
2015-01-30 20:00:00,0,0.18082741,0.08564353,0.9763732,0.96006715,0.87111133,0.7232988,0.23377562
2015-01-30 20:30:00,0,0.14589567,0.08445382,0.97791666,0.96006715,0.83455116,0.71424717,0.23378104
2015-01-30 21:00:00,0,0.1303083,0.08295679,0.9777013,0.96006715,0.7452535,0.6914947,0.23378392
2015-01-30 21:30:00,0,0.14482811,0.08678639,0.9737249,0.96006715,0.78973603,0.7025786,0.23378496
2015-01-30 22:00:00,0,0.14534056,0.08617687,0.9643844,0.96006715,0.7533684,0.69099915,0.23378485
2015-01-30 22:30:00,0,0.15095615,0.077769995,0.9529023,0.96006715,0.6671215,0.66446525,0.23378412
2015-01-30 23:00:00,0,0.15370107,0.07229209,0.9649678,0.96006715,0.63667315,0.6585,0.23378317
2015-01-30 23:30:00,0,0.13322091,0.061784387,0.99142176,0.96006715,0.6694054,0.6706697,0.23378228
2015-01-31 00:00:00,0,0.12366611,0.04709363,0.9864824,0.9504556,0.64998806,0.65850496,0.23378153
2015-01-31 00:30:00,0,0.10760211,0.033515215,0.98458093,0.9158722,0.4263121,0.5900701,0.23378104
2015-01-31 01:00:00,0,0.1030243,0.031871438,0.97715306,0.90433365,0.37448415,0.57196057,0.23378074
2015-01-31 01:30:00,0,0.08955072,0.0321908,0.94764066,0.90433365,0.29482427,0.54474735,0.23378061
2015-01-31 02:00:00,0,0.08530486,0.032010674,0.9239472,0.90433365,0.24806471,0.52708906,0.23378058
2015-01-31 02:30:00,0,0.101679176,0.03170955,0.8904087,0.90433365,0.28364614,0.52752453,0.23378062
2015-01-31 03:00:00,0,0.11027298,0.029574752,0.8889605,0.90433365,0.29518545,0.5295136,0.23378068
2015-01-31 03:30:00,0,0.10989811,0.029001713,0.8883244,0.90433365,0.25632292,0.51949567,0.23378074
2015-01-31 04:00:00,0,0.12366615,0.03107524,0.891808,0.90433365,0.27182382,0.5247602,0.23378079
2015-01-31 04:30:00,0,0.11293539,0.033148766,0.89614946,0.90433365,0.4345216,0.56703836,0.23378082
2015-01-31 05:00:00,0,0.11092997,0.03349054,0.90504646,0.90433365,0.36079335,0.550916,0.23378086
2015-01-31 05:30:00,0,0.11891847,0.03405249,0.9101194,0.90433365,0.3094195,0.5394813,0.23378088
2015-01-31 06:00:00,0,0.11213059,0.03285253,0.89959216,0.90433365,0.29732642,0.5335262,0.23378088
2015-01-31 06:30:00,0,0.10653073,0.032327414,0.9793799,0.90433365,0.33091176,0.56173813,0.23378088
2015-01-31 07:00:00,0,0.11500132,0.030817747,0.99395907,0.90433365,0.4756658,0.6011941,0.23378088
2015-01-31 07:30:00,0,0.11002241,0.028447747,0.9888087,0.90433365,0.31374216,0.55883306,0.23378088
2015-01-31 08:00:00,0,0.12186638,0.026957631,0.96556836,0.90433365,0.30038404,0.5493109,0.23378088
2015-01-31 08:30:00,0,0.10313202,0.02858305,0.86687267,0.90433365,0.49266982,0.5731148,0.23378088
2015-01-31 09:00:00,0,0.09794033,0.033121467,0.86909586,0.90433365,0.5222812,0.58220804,0.23378088
2015-01-31 09:30:00,0,0.08386398,0.034393787,0.93215454,0.90433365,0.91751266,0.6970987,0.24214844
2015-01-31 10:00:00,0,0.08451316,0.034534574,0.9321632,0.90433365,0.7677056,0.65968424,0.2485903
2015-01-31 10:30:00,0,0.09558414,0.03445053,0.9321674,0.90433365,0.89078635,0.6904345,0.2525747
2015-01-31 11:00:00,0,0.09529289,0.03572929,0.93216753,0.90433365,0.83987033,0.67802525,0.25446346
2015-01-31 11:30:00,0,0.10405768,0.040667295,0.96011937,0.94608206,0.9519862,0.7247137,0.26349333
2015-01-31 12:00:00,0,0.103213914,0.04307294,0.9601222,0.94608206,0.94260293,0.72297,0.27951458
2015-01-31 12:30:00,0,0.11010677,0.046945572,0.96012396,0.95069754,0.9505817,0.7270872,0.30142763
2015-01-31 13:00:00,0,0.1065655,0.05213225,0.96012455,0.95069754,0.9265884,0.7223857,0.3278062
2015-01-31 13:30:00,0,0.10661907,0.059566736,0.96012473,0.95069754,0.93604034,0.7266073,0.35724404
2015-01-31 14:00:00,0,0.10124287,0.06267488,0.96012455,0.95069754,0.8275928,0.70027244,0.37801406
2015-01-31 14:30:00,0,0.10256075,0.06341386,0.9601233,0.95069754,0.7716396,0.6864686,0.38860074
2015-01-31 15:00:00,0,0.101921186,0.06182909,0.9601198,0.95069754,0.7940305,0.6916692,0.39102164
2015-01-31 15:30:00,0,0.10475749,0.068606734,0.96011364,0.95069754,0.93364716,0.72826624,0.3884021
2015-01-31 16:00:00,0,0.10493179,0.072787166,0.96010596,0.95069754,0.8881063,0.71792424,0.38268414
2015-01-31 16:30:00,0,0.09574698,0.07272422,0.9600984,0.95069754,0.80668736,0.69755185,0.3766037
2015-01-31 17:00:00,0,0.09932512,0.07326424,0.9600915,0.95069754,0.7373945,0.6803619,0.37159285
2015-01-31 17:30:00,0,0.10721276,0.075604916,0.9600846,0.95069754,0.8524266,0.70970345,0.359449
2015-01-31 18:00:00,0,0.13449042,0.07968187,0.96007574,0.95069754,0.9319485,0.7306009,0.34860587
2015-01-31 18:30:00,0,0.1772123,0.08173275,0.96005994,0.9553393,0.93985605,0.73424697,0.34035608
2015-01-31 19:00:00,0,0.2952507,0.08864963,0.9600309,0.9828273,0.9666332,0.7495353,0.33505192
2015-01-31 19:30:00,0,0.21985993,0.09189415,0.9599796,0.9828273,0.9432014,0.7444756,0.3324162
2015-01-31 20:00:00,0,0.118618935,0.088495255,0.95988274,0.9828273,0.8078717,0.70976925,0.3319027
2015-01-31 20:30:00,0,0.10644948,0.08509827,0.9596868,0.9828272,0.599355,0.6567418,0.33312243
2015-01-31 21:00:00,0,0.10566636,0.08457148,0.9593695,0.9828272,0.69977695,0.6816363,0.33500567
2015-01-31 21:30:00,0,0.117970094,0.082990885,0.9590815,0.9828272,0.79643595,0.7053338,0.3286669
2015-01-31 22:00:00,0,0.123066396,0.082927585,0.95884216,0.9828272,0.8408071,0.71635103,0.3249913
2015-01-31 22:30:00,0,0.17899582,0.08275521,0.9587057,0.9828272,0.88631254,0.72765017,0.3234614
2015-01-31 23:00:00,0,0.145417,0.08182919,0.95901895,0.9828272,0.7342599,0.6894838,0.32320932
2015-01-31 23:30:00,0,0.13755588,0.08046746,0.96075684,0.9828272,0.6656252,0.6724192,0.32362252
