{
  "LOF": {
    "tau": 0.14622390270233154,
    "f1_val": 0.7456790123452114,
    "prec_val": 1.0,
    "rec_val": 0.594488188976378
  },
  "IsoForest": {
    "tau": 0.3955162846629001,
    "f1_val": 0.23382696804333014,
    "prec_val": 0.1457725947521866,
    "rec_val": 0.5905511811023622
  },
  "KNN": {
    "tau": 0.5039192264763621,
    "f1_val": 0.7904761904757124,
    "prec_val": 1.0,
    "rec_val": 0.6535433070866141
  },
  "Incremental": {
    "tau": 0.00810727383941412,
    "f1_val": 0.22085889570532363,
    "prec_val": 0.1242603550295858,
    "rec_val": 0.9921259842519685
  },
  "GRU": {
    "tau": 0.034178491681814194,
    "f1_val": 0.22067160924533283,
    "prec_val": 0.12408043158410986,
    "rec_val": 0.9960629921259843
  },
  "LSTM": {
    "tau": 0.4480533003807068,
    "f1_val": 0.22261174408393886,
    "prec_val": 0.1252465483234714,
    "rec_val": 1.0
  },
  "CNN": {
    "tau": 0.19582076370716095,
    "f1_val": 0.22360801781717127,
    "prec_val": 0.12606730286288298,
    "rec_val": 0.9881889763779528
  },
  "Transformer": {
    "tau": 0.22273050248622894,
    "f1_val": 0.22010398613498608,
    "prec_val": 0.12366114897760468,
    "rec_val": 1.0
  },
  "VAE": {
    "tau": 0.0806746557354927,
    "f1_val": 0.22010398613498608,
    "prec_val": 0.12366114897760468,
    "rec_val": 1.0
  },
  "ENS": {
    "tau": 0.43407207763907674,
    "f1_val": 0.4183908045972153,
    "prec_val": 0.5027624309392266,
    "rec_val": 0.35826771653543305
  }
}