{
  "LOF": {
    "tau": 0.14622390270233154,
    "f1_val": 0.7456790123452114,
    "prec_val": 1.0,
    "rec_val": 0.594488188976378
  },
  "RNN": {
    "tau": 0.07953550666570663,
    "f1_val": 0.23850267379655668,
    "prec_val": 0.1379950495049505,
    "rec_val": 0.8779527559055118
  },
  "VAE": {
    "tau": 0.06926088780164719,
    "f1_val": 0.22010398613498608,
    "prec_val": 0.12366114897760468,
    "rec_val": 1.0
  },
  "ENS": {
    "tau": 0.3101675510406494,
    "f1_val": 0.5454545454541436,
    "prec_val": 0.9795918367346939,
    "rec_val": 0.3779527559055118
  }
}